2025-07-30T19:07:41.248-03:00  WARN 25140 --- [tastemanager] [HikariPool-1 housekeeper] com.zaxxer.hikari.pool.HikariPool        : HikariPool-1 - Thread starvation or clock leap detected (housekeeper delta=20h52m54s289ms238µs600ns).
2025-07-30T19:42:29.005-03:00  INFO 25140 --- [tastemanager] [SpringApplicationShutdownHook] j.LocalContainerEntityManagerFactoryBean : Closing JPA EntityManagerFactory for persistence unit 'default'
2025-07-30T19:42:29.033-03:00  INFO 25140 --- [tastemanager] [SpringApplicationShutdownHook] com.zaxxer.hikari.HikariDataSource       : HikariPool-1 - Shutdown initiated...
2025-07-30T19:42:29.041-03:00  INFO 25140 --- [tastemanager] [SpringApplicationShutdownHook] com.zaxxer.hikari.HikariDataSource       : HikariPool-1 - Shutdown completed.
2025-07-30T19:42:35.557-03:00  INFO 29744 --- [tastemanager] [main] b.c.t.TasteManagerApplication            : Starting TasteManagerApplication using Java 21.0.7 with PID 29744 (C:\Users\silva\Projects\FIAP\tastemanager\target\classes started by silva in C:\Users\silva\Projects\FIAP\tastemanager)
2025-07-30T19:42:35.559-03:00  INFO 29744 --- [tastemanager] [main] b.c.t.TasteManagerApplication            : No active profile set, falling back to 1 default profile: "default"
2025-07-30T19:42:36.877-03:00  INFO 29744 --- [tastemanager] [main] .s.d.r.c.RepositoryConfigurationDelegate : Bootstrapping Spring Data JPA repositories in DEFAULT mode.
2025-07-30T19:42:36.983-03:00  INFO 29744 --- [tastemanager] [main] .s.d.r.c.RepositoryConfigurationDelegate : Finished Spring Data repository scanning in 92 ms. Found 4 JPA repository interfaces.
2025-07-30T19:42:37.951-03:00  INFO 29744 --- [tastemanager] [main] o.s.b.w.embedded.tomcat.TomcatWebServer  : Tomcat initialized with port 8080 (http)
2025-07-30T19:42:37.980-03:00  INFO 29744 --- [tastemanager] [main] o.apache.catalina.core.StandardService   : Starting service [Tomcat]
2025-07-30T19:42:37.981-03:00  INFO 29744 --- [tastemanager] [main] o.apache.catalina.core.StandardEngine    : Starting Servlet engine: [Apache Tomcat/10.1.20]
2025-07-30T19:42:38.070-03:00  INFO 29744 --- [tastemanager] [main] o.a.c.c.C.[Tomcat].[localhost].[/]       : Initializing Spring embedded WebApplicationContext
2025-07-30T19:42:38.070-03:00  INFO 29744 --- [tastemanager] [main] w.s.c.ServletWebServerApplicationContext : Root WebApplicationContext: initialization completed in 2447 ms
2025-07-30T19:42:38.110-03:00  INFO 29744 --- [tastemanager] [main] com.zaxxer.hikari.HikariDataSource       : HikariPool-1 - Starting...
2025-07-30T19:42:38.472-03:00  INFO 29744 --- [tastemanager] [main] com.zaxxer.hikari.pool.HikariPool        : HikariPool-1 - Added connection conn0: url=jdbc:h2:mem:tastmanagerdb user=SA
2025-07-30T19:42:38.474-03:00  INFO 29744 --- [tastemanager] [main] com.zaxxer.hikari.HikariDataSource       : HikariPool-1 - Start completed.
2025-07-30T19:42:38.492-03:00  INFO 29744 --- [tastemanager] [main] o.s.b.a.h2.H2ConsoleAutoConfiguration    : H2 console available at '/h2-console'. Database available at 'jdbc:h2:mem:tastmanagerdb'
2025-07-30T19:42:38.729-03:00  INFO 29744 --- [tastemanager] [main] o.hibernate.jpa.internal.util.LogHelper  : HHH000204: Processing PersistenceUnitInfo [name: default]
2025-07-30T19:42:38.834-03:00  INFO 29744 --- [tastemanager] [main] org.hibernate.Version                    : HHH000412: Hibernate ORM core version 6.4.4.Final
2025-07-30T19:42:38.879-03:00  INFO 29744 --- [tastemanager] [main] o.h.c.internal.RegionFactoryInitiator    : HHH000026: Second-level cache disabled
2025-07-30T19:42:39.318-03:00  INFO 29744 --- [tastemanager] [main] o.s.o.j.p.SpringPersistenceUnitInfo      : No LoadTimeWeaver setup: ignoring JPA class transformer
2025-07-30T19:42:39.409-03:00  WARN 29744 --- [tastemanager] [main] org.hibernate.orm.deprecation            : HHH90000025: H2Dialect does not need to be specified explicitly using 'hibernate.dialect' (remove the property setting and it will be selected by default)
2025-07-30T19:42:40.552-03:00  INFO 29744 --- [tastemanager] [main] o.h.e.t.j.p.i.JtaPlatformInitiator       : HHH000489: No JTA platform available (set 'hibernate.transaction.jta.platform' to enable JTA platform integration)
2025-07-30T19:42:40.641-03:00  INFO 29744 --- [tastemanager] [main] j.LocalContainerEntityManagerFactoryBean : Initialized JPA EntityManagerFactory for persistence unit 'default'
2025-07-30T19:42:41.256-03:00  INFO 29744 --- [tastemanager] [main] o.s.d.j.r.query.QueryEnhancerFactory     : Hibernate is in classpath; If applicable, HQL parser will be used.
2025-07-30T19:42:42.073-03:00  WARN 29744 --- [tastemanager] [main] JpaBaseConfiguration$JpaWebConfiguration : spring.jpa.open-in-view is enabled by default. Therefore, database queries may be performed during view rendering. Explicitly configure spring.jpa.open-in-view to disable this warning
2025-07-30T19:42:42.256-03:00 DEBUG 29744 --- [tastemanager] [main] s.w.s.m.m.a.RequestMappingHandlerMapping : 27 mappings in 'requestMappingHandlerMapping'
2025-07-30T19:42:42.390-03:00 DEBUG 29744 --- [tastemanager] [main] o.s.w.s.handler.SimpleUrlHandlerMapping  : Patterns [/webjars/**, /**, /swagger-ui*/*swagger-initializer.js, /swagger-ui*/**] in 'resourceHandlerMapping'
2025-07-30T19:42:42.455-03:00 DEBUG 29744 --- [tastemanager] [main] s.w.s.m.m.a.RequestMappingHandlerAdapter : ControllerAdvice beans: 0 @ModelAttribute, 0 @InitBinder, 1 RequestBodyAdvice, 1 ResponseBodyAdvice
2025-07-30T19:42:42.532-03:00 DEBUG 29744 --- [tastemanager] [main] .m.m.a.ExceptionHandlerExceptionResolver : ControllerAdvice beans: 2 @ExceptionHandler, 1 ResponseBodyAdvice
2025-07-30T19:42:42.896-03:00  INFO 29744 --- [tastemanager] [main] o.s.b.w.embedded.tomcat.TomcatWebServer  : Tomcat started on port 8080 (http) with context path ''
2025-07-30T19:42:42.908-03:00  INFO 29744 --- [tastemanager] [main] b.c.t.TasteManagerApplication            : Started TasteManagerApplication in 8.003 seconds (process running for 8.656)
2025-07-30T19:42:51.680-03:00  INFO 29744 --- [tastemanager] [http-nio-8080-exec-2] o.a.c.c.C.[Tomcat].[localhost].[/]       : Initializing Spring DispatcherServlet 'dispatcherServlet'
2025-07-30T19:42:51.681-03:00  INFO 29744 --- [tastemanager] [http-nio-8080-exec-2] o.s.web.servlet.DispatcherServlet        : Initializing Servlet 'dispatcherServlet'
2025-07-30T19:42:51.681-03:00 DEBUG 29744 --- [tastemanager] [http-nio-8080-exec-2] o.s.web.servlet.DispatcherServlet        : Detected StandardServletMultipartResolver
2025-07-30T19:42:51.681-03:00 DEBUG 29744 --- [tastemanager] [http-nio-8080-exec-2] o.s.web.servlet.DispatcherServlet        : Detected AcceptHeaderLocaleResolver
2025-07-30T19:42:51.681-03:00 DEBUG 29744 --- [tastemanager] [http-nio-8080-exec-2] o.s.web.servlet.DispatcherServlet        : Detected FixedThemeResolver
2025-07-30T19:42:51.682-03:00 DEBUG 29744 --- [tastemanager] [http-nio-8080-exec-2] o.s.web.servlet.DispatcherServlet        : Detected org.springframework.web.servlet.view.DefaultRequestToViewNameTranslator@26ab3c1b
2025-07-30T19:42:51.683-03:00 DEBUG 29744 --- [tastemanager] [http-nio-8080-exec-2] o.s.web.servlet.DispatcherServlet        : Detected org.springframework.web.servlet.support.SessionFlashMapManager@57e6f449
2025-07-30T19:42:51.683-03:00 DEBUG 29744 --- [tastemanager] [http-nio-8080-exec-2] o.s.web.servlet.DispatcherServlet        : enableLoggingRequestDetails='false': request parameters and headers will be masked to prevent unsafe logging of potentially sensitive data
2025-07-30T19:42:51.684-03:00  INFO 29744 --- [tastemanager] [http-nio-8080-exec-2] o.s.web.servlet.DispatcherServlet        : Completed initialization in 2 ms
2025-07-30T19:42:51.695-03:00 DEBUG 29744 --- [tastemanager] [http-nio-8080-exec-2] o.s.web.servlet.DispatcherServlet        : POST "/menu/create/2", parameters={}
2025-07-30T19:42:51.715-03:00 DEBUG 29744 --- [tastemanager] [http-nio-8080-exec-2] s.w.s.m.m.a.RequestMappingHandlerMapping : Mapped to br.com.tastemanager.controller.MenuController#createMenu(Long, MenuRequestDTO)
2025-07-30T19:42:51.848-03:00 DEBUG 29744 --- [tastemanager] [http-nio-8080-exec-2] m.m.a.RequestResponseBodyMethodProcessor : Read "application/json;charset=UTF-8" to [br.com.tastemanager.dto.request.MenuRequestDTO@1c56c07c]
2025-07-30T19:42:52.200-03:00 DEBUG 29744 --- [tastemanager] [http-nio-8080-exec-2] o.s.w.s.m.m.a.HttpEntityMethodProcessor  : Using 'application/json', given [*/*] and supported [application/json, application/*+json]
2025-07-30T19:42:52.202-03:00 DEBUG 29744 --- [tastemanager] [http-nio-8080-exec-2] o.s.w.s.m.m.a.HttpEntityMethodProcessor  : Writing [br.com.tastemanager.dto.response.MenuResponseDTO@3d79274d]
2025-07-30T19:42:52.236-03:00 DEBUG 29744 --- [tastemanager] [http-nio-8080-exec-2] o.s.web.servlet.DispatcherServlet        : Completed 201 CREATED
2025-07-30T19:42:59.403-03:00 DEBUG 29744 --- [tastemanager] [http-nio-8080-exec-1] o.s.web.servlet.DispatcherServlet        : POST "/menu/create/2", parameters={}
2025-07-30T19:42:59.403-03:00 DEBUG 29744 --- [tastemanager] [http-nio-8080-exec-1] s.w.s.m.m.a.RequestMappingHandlerMapping : Mapped to br.com.tastemanager.controller.MenuController#createMenu(Long, MenuRequestDTO)
2025-07-30T19:42:59.405-03:00 DEBUG 29744 --- [tastemanager] [http-nio-8080-exec-1] m.m.a.RequestResponseBodyMethodProcessor : Read "application/json;charset=UTF-8" to [br.com.tastemanager.dto.request.MenuRequestDTO@7efe087b]
2025-07-30T19:42:59.415-03:00 DEBUG 29744 --- [tastemanager] [http-nio-8080-exec-1] o.s.web.servlet.DispatcherServlet        : Failed to complete request: java.lang.IllegalStateException: Já existe um menu para este restaurante
2025-07-30T19:42:59.416-03:00 ERROR 29744 --- [tastemanager] [http-nio-8080-exec-1] o.a.c.c.C.[.[.[/].[dispatcherServlet]    : Servlet.service() for servlet [dispatcherServlet] in context with path [] threw exception [Request processing failed: java.lang.IllegalStateException: Já existe um menu para este restaurante] with root cause

java.lang.IllegalStateException: Já existe um menu para este restaurante
	at br.com.tastemanager.service.MenuService.createMenu(MenuService.java:33) ~[classes/:na]
	at br.com.tastemanager.controller.MenuController.createMenu(MenuController.java:25) ~[classes/:na]
	at java.base/jdk.internal.reflect.DirectMethodHandleAccessor.invoke(DirectMethodHandleAccessor.java:103) ~[na:na]
	at java.base/java.lang.reflect.Method.invoke(Method.java:580) ~[na:na]
	at org.springframework.web.method.support.InvocableHandlerMethod.doInvoke(InvocableHandlerMethod.java:255) ~[spring-web-6.1.6.jar:6.1.6]
	at org.springframework.web.method.support.InvocableHandlerMethod.invokeForRequest(InvocableHandlerMethod.java:188) ~[spring-web-6.1.6.jar:6.1.6]
	at org.springframework.web.servlet.mvc.method.annotation.ServletInvocableHandlerMethod.invokeAndHandle(ServletInvocableHandlerMethod.java:118) ~[spring-webmvc-6.1.6.jar:6.1.6]
	at org.springframework.web.servlet.mvc.method.annotation.RequestMappingHandlerAdapter.invokeHandlerMethod(RequestMappingHandlerAdapter.java:926) ~[spring-webmvc-6.1.6.jar:6.1.6]
	at org.springframework.web.servlet.mvc.method.annotation.RequestMappingHandlerAdapter.handleInternal(RequestMappingHandlerAdapter.java:831) ~[spring-webmvc-6.1.6.jar:6.1.6]
	at org.springframework.web.servlet.mvc.method.AbstractHandlerMethodAdapter.handle(AbstractHandlerMethodAdapter.java:87) ~[spring-webmvc-6.1.6.jar:6.1.6]
	at org.springframework.web.servlet.DispatcherServlet.doDispatch(DispatcherServlet.java:1089) ~[spring-webmvc-6.1.6.jar:6.1.6]
	at org.springframework.web.servlet.DispatcherServlet.doService(DispatcherServlet.java:979) ~[spring-webmvc-6.1.6.jar:6.1.6]
	at org.springframework.web.servlet.FrameworkServlet.processRequest(FrameworkServlet.java:1014) ~[spring-webmvc-6.1.6.jar:6.1.6]
	at org.springframework.web.servlet.FrameworkServlet.doPost(FrameworkServlet.java:914) ~[spring-webmvc-6.1.6.jar:6.1.6]
	at jakarta.servlet.http.HttpServlet.service(HttpServlet.java:590) ~[tomcat-embed-core-10.1.20.jar:6.0]
	at org.springframework.web.servlet.FrameworkServlet.service(FrameworkServlet.java:885) ~[spring-webmvc-6.1.6.jar:6.1.6]
	at jakarta.servlet.http.HttpServlet.service(HttpServlet.java:658) ~[tomcat-embed-core-10.1.20.jar:6.0]
	at org.apache.catalina.core.ApplicationFilterChain.internalDoFilter(ApplicationFilterChain.java:206) ~[tomcat-embed-core-10.1.20.jar:10.1.20]
	at org.apache.catalina.core.ApplicationFilterChain.doFilter(ApplicationFilterChain.java:150) ~[tomcat-embed-core-10.1.20.jar:10.1.20]
	at org.apache.tomcat.websocket.server.WsFilter.doFilter(WsFilter.java:51) ~[tomcat-embed-websocket-10.1.20.jar:10.1.20]
	at org.apache.catalina.core.ApplicationFilterChain.internalDoFilter(ApplicationFilterChain.java:175) ~[tomcat-embed-core-10.1.20.jar:10.1.20]
	at org.apache.catalina.core.ApplicationFilterChain.doFilter(ApplicationFilterChain.java:150) ~[tomcat-embed-core-10.1.20.jar:10.1.20]
	at org.springframework.web.filter.RequestContextFilter.doFilterInternal(RequestContextFilter.java:100) ~[spring-web-6.1.6.jar:6.1.6]
	at org.springframework.web.filter.OncePerRequestFilter.doFilter(OncePerRequestFilter.java:116) ~[spring-web-6.1.6.jar:6.1.6]
	at org.apache.catalina.core.ApplicationFilterChain.internalDoFilter(ApplicationFilterChain.java:175) ~[tomcat-embed-core-10.1.20.jar:10.1.20]
	at org.apache.catalina.core.ApplicationFilterChain.doFilter(ApplicationFilterChain.java:150) ~[tomcat-embed-core-10.1.20.jar:10.1.20]
	at org.springframework.web.filter.FormContentFilter.doFilterInternal(FormContentFilter.java:93) ~[spring-web-6.1.6.jar:6.1.6]
	at org.springframework.web.filter.OncePerRequestFilter.doFilter(OncePerRequestFilter.java:116) ~[spring-web-6.1.6.jar:6.1.6]
	at org.apache.catalina.core.ApplicationFilterChain.internalDoFilter(ApplicationFilterChain.java:175) ~[tomcat-embed-core-10.1.20.jar:10.1.20]
	at org.apache.catalina.core.ApplicationFilterChain.doFilter(ApplicationFilterChain.java:150) ~[tomcat-embed-core-10.1.20.jar:10.1.20]
	at org.springframework.web.filter.CharacterEncodingFilter.doFilterInternal(CharacterEncodingFilter.java:201) ~[spring-web-6.1.6.jar:6.1.6]
	at org.springframework.web.filter.OncePerRequestFilter.doFilter(OncePerRequestFilter.java:116) ~[spring-web-6.1.6.jar:6.1.6]
	at org.apache.catalina.core.ApplicationFilterChain.internalDoFilter(ApplicationFilterChain.java:175) ~[tomcat-embed-core-10.1.20.jar:10.1.20]
	at org.apache.catalina.core.ApplicationFilterChain.doFilter(ApplicationFilterChain.java:150) ~[tomcat-embed-core-10.1.20.jar:10.1.20]
	at org.apache.catalina.core.StandardWrapperValve.invoke(StandardWrapperValve.java:167) ~[tomcat-embed-core-10.1.20.jar:10.1.20]
	at org.apache.catalina.core.StandardContextValve.invoke(StandardContextValve.java:90) ~[tomcat-embed-core-10.1.20.jar:10.1.20]
	at org.apache.catalina.authenticator.AuthenticatorBase.invoke(AuthenticatorBase.java:482) ~[tomcat-embed-core-10.1.20.jar:10.1.20]
	at org.apache.catalina.core.StandardHostValve.invoke(StandardHostValve.java:115) ~[tomcat-embed-core-10.1.20.jar:10.1.20]
	at org.apache.catalina.valves.ErrorReportValve.invoke(ErrorReportValve.java:93) ~[tomcat-embed-core-10.1.20.jar:10.1.20]
	at org.apache.catalina.core.StandardEngineValve.invoke(StandardEngineValve.java:74) ~[tomcat-embed-core-10.1.20.jar:10.1.20]
	at org.apache.catalina.connector.CoyoteAdapter.service(CoyoteAdapter.java:344) ~[tomcat-embed-core-10.1.20.jar:10.1.20]
	at org.apache.coyote.http11.Http11Processor.service(Http11Processor.java:391) ~[tomcat-embed-core-10.1.20.jar:10.1.20]
	at org.apache.coyote.AbstractProcessorLight.process(AbstractProcessorLight.java:63) ~[tomcat-embed-core-10.1.20.jar:10.1.20]
	at org.apache.coyote.AbstractProtocol$ConnectionHandler.process(AbstractProtocol.java:896) ~[tomcat-embed-core-10.1.20.jar:10.1.20]
	at org.apache.tomcat.util.net.NioEndpoint$SocketProcessor.doRun(NioEndpoint.java:1736) ~[tomcat-embed-core-10.1.20.jar:10.1.20]
	at org.apache.tomcat.util.net.SocketProcessorBase.run(SocketProcessorBase.java:52) ~[tomcat-embed-core-10.1.20.jar:10.1.20]
	at org.apache.tomcat.util.threads.ThreadPoolExecutor.runWorker(ThreadPoolExecutor.java:1191) ~[tomcat-embed-core-10.1.20.jar:10.1.20]
	at org.apache.tomcat.util.threads.ThreadPoolExecutor$Worker.run(ThreadPoolExecutor.java:659) ~[tomcat-embed-core-10.1.20.jar:10.1.20]
	at org.apache.tomcat.util.threads.TaskThread$WrappingRunnable.run(TaskThread.java:63) ~[tomcat-embed-core-10.1.20.jar:10.1.20]
	at java.base/java.lang.Thread.run(Thread.java:1583) ~[na:na]

2025-07-30T19:42:59.431-03:00 DEBUG 29744 --- [tastemanager] [http-nio-8080-exec-1] o.s.web.servlet.DispatcherServlet        : "ERROR" dispatch for POST "/error", parameters={}
2025-07-30T19:42:59.433-03:00 DEBUG 29744 --- [tastemanager] [http-nio-8080-exec-1] s.w.s.m.m.a.RequestMappingHandlerMapping : Mapped to org.springframework.boot.autoconfigure.web.servlet.error.BasicErrorController#error(HttpServletRequest)
2025-07-30T19:42:59.437-03:00 DEBUG 29744 --- [tastemanager] [http-nio-8080-exec-1] o.s.w.s.m.m.a.HttpEntityMethodProcessor  : Using 'application/json', given [*/*] and supported [application/json, application/*+json]
2025-07-30T19:42:59.438-03:00 DEBUG 29744 --- [tastemanager] [http-nio-8080-exec-1] o.s.w.s.m.m.a.HttpEntityMethodProcessor  : Writing [{timestamp=Wed Jul 30 19:42:59 BRT 2025, status=500, error=Internal Server Error, path=/menu/create/ (truncated)...]
2025-07-30T19:42:59.451-03:00 DEBUG 29744 --- [tastemanager] [http-nio-8080-exec-1] o.s.web.servlet.DispatcherServlet        : Exiting from "ERROR" dispatch, status 500
2025-07-30T19:44:31.778-03:00  INFO 29744 --- [tastemanager] [SpringApplicationShutdownHook] j.LocalContainerEntityManagerFactoryBean : Closing JPA EntityManagerFactory for persistence unit 'default'
2025-07-30T19:44:31.781-03:00  INFO 29744 --- [tastemanager] [SpringApplicationShutdownHook] com.zaxxer.hikari.HikariDataSource       : HikariPool-1 - Shutdown initiated...
2025-07-30T19:44:31.789-03:00  INFO 29744 --- [tastemanager] [SpringApplicationShutdownHook] com.zaxxer.hikari.HikariDataSource       : HikariPool-1 - Shutdown completed.
2025-07-30T19:46:20.746-03:00  INFO 24788 --- [tastemanager] [main] b.c.t.TasteManagerApplication            : Starting TasteManagerApplication using Java 21.0.7 with PID 24788 (C:\Users\silva\Projects\FIAP\tastemanager\target\classes started by silva in C:\Users\silva\Projects\FIAP\tastemanager)
2025-07-30T19:46:20.750-03:00  INFO 24788 --- [tastemanager] [main] b.c.t.TasteManagerApplication            : No active profile set, falling back to 1 default profile: "default"
2025-07-30T19:46:22.039-03:00  INFO 24788 --- [tastemanager] [main] .s.d.r.c.RepositoryConfigurationDelegate : Bootstrapping Spring Data JPA repositories in DEFAULT mode.
2025-07-30T19:46:22.133-03:00  INFO 24788 --- [tastemanager] [main] .s.d.r.c.RepositoryConfigurationDelegate : Finished Spring Data repository scanning in 80 ms. Found 4 JPA repository interfaces.
2025-07-30T19:46:23.099-03:00  INFO 24788 --- [tastemanager] [main] o.s.b.w.embedded.tomcat.TomcatWebServer  : Tomcat initialized with port 8080 (http)
2025-07-30T19:46:23.119-03:00  INFO 24788 --- [tastemanager] [main] o.apache.catalina.core.StandardService   : Starting service [Tomcat]
2025-07-30T19:46:23.119-03:00  INFO 24788 --- [tastemanager] [main] o.apache.catalina.core.StandardEngine    : Starting Servlet engine: [Apache Tomcat/10.1.20]
2025-07-30T19:46:23.193-03:00  INFO 24788 --- [tastemanager] [main] o.a.c.c.C.[Tomcat].[localhost].[/]       : Initializing Spring embedded WebApplicationContext
2025-07-30T19:46:23.194-03:00  INFO 24788 --- [tastemanager] [main] w.s.c.ServletWebServerApplicationContext : Root WebApplicationContext: initialization completed in 2382 ms
2025-07-30T19:46:23.240-03:00  INFO 24788 --- [tastemanager] [main] com.zaxxer.hikari.HikariDataSource       : HikariPool-1 - Starting...
2025-07-30T19:46:23.504-03:00  INFO 24788 --- [tastemanager] [main] com.zaxxer.hikari.pool.HikariPool        : HikariPool-1 - Added connection conn0: url=jdbc:h2:mem:tastmanagerdb user=SA
2025-07-30T19:46:23.506-03:00  INFO 24788 --- [tastemanager] [main] com.zaxxer.hikari.HikariDataSource       : HikariPool-1 - Start completed.
2025-07-30T19:46:23.517-03:00  INFO 24788 --- [tastemanager] [main] o.s.b.a.h2.H2ConsoleAutoConfiguration    : H2 console available at '/h2-console'. Database available at 'jdbc:h2:mem:tastmanagerdb'
2025-07-30T19:46:23.711-03:00  INFO 24788 --- [tastemanager] [main] o.hibernate.jpa.internal.util.LogHelper  : HHH000204: Processing PersistenceUnitInfo [name: default]
2025-07-30T19:46:23.827-03:00  INFO 24788 --- [tastemanager] [main] org.hibernate.Version                    : HHH000412: Hibernate ORM core version 6.4.4.Final
2025-07-30T19:46:23.896-03:00  INFO 24788 --- [tastemanager] [main] o.h.c.internal.RegionFactoryInitiator    : HHH000026: Second-level cache disabled
2025-07-30T19:46:24.298-03:00  INFO 24788 --- [tastemanager] [main] o.s.o.j.p.SpringPersistenceUnitInfo      : No LoadTimeWeaver setup: ignoring JPA class transformer
2025-07-30T19:46:24.347-03:00  WARN 24788 --- [tastemanager] [main] org.hibernate.orm.deprecation            : HHH90000025: H2Dialect does not need to be specified explicitly using 'hibernate.dialect' (remove the property setting and it will be selected by default)
2025-07-30T19:46:25.388-03:00  INFO 24788 --- [tastemanager] [main] o.h.e.t.j.p.i.JtaPlatformInitiator       : HHH000489: No JTA platform available (set 'hibernate.transaction.jta.platform' to enable JTA platform integration)
2025-07-30T19:46:25.496-03:00  INFO 24788 --- [tastemanager] [main] j.LocalContainerEntityManagerFactoryBean : Initialized JPA EntityManagerFactory for persistence unit 'default'
2025-07-30T19:46:26.050-03:00  WARN 24788 --- [tastemanager] [main] ConfigServletWebServerApplicationContext : Exception encountered during context initialization - cancelling refresh attempt: org.springframework.beans.factory.UnsatisfiedDependencyException: Error creating bean with name 'menuController' defined in file [C:\Users\silva\Projects\FIAP\tastemanager\target\classes\br\com\tastemanager\controller\MenuController.class]: Unsatisfied dependency expressed through constructor parameter 0: Error creating bean with name 'menuService' defined in file [C:\Users\silva\Projects\FIAP\tastemanager\target\classes\br\com\tastemanager\service\MenuService.class]: Unsatisfied dependency expressed through constructor parameter 0: Error creating bean with name 'menuRepository' defined in br.com.tastemanager.repository.MenuRepository defined in @EnableJpaRepositories declared on JpaRepositoriesRegistrar.EnableJpaRepositoriesConfiguration: Could not create query for public abstract java.util.Optional br.com.tastemanager.repository.MenuRepository.findByRestaurantIdList(java.lang.Long); Reason: Failed to create query for method public abstract java.util.Optional br.com.tastemanager.repository.MenuRepository.findByRestaurantIdList(java.lang.Long); No property 'list' found for type 'Long'; Traversed path: Menu.restaurant.id
2025-07-30T19:46:26.050-03:00  INFO 24788 --- [tastemanager] [main] j.LocalContainerEntityManagerFactoryBean : Closing JPA EntityManagerFactory for persistence unit 'default'
2025-07-30T19:46:26.053-03:00  INFO 24788 --- [tastemanager] [main] com.zaxxer.hikari.HikariDataSource       : HikariPool-1 - Shutdown initiated...
2025-07-30T19:46:26.057-03:00  INFO 24788 --- [tastemanager] [main] com.zaxxer.hikari.HikariDataSource       : HikariPool-1 - Shutdown completed.
2025-07-30T19:46:26.061-03:00  INFO 24788 --- [tastemanager] [main] o.apache.catalina.core.StandardService   : Stopping service [Tomcat]
2025-07-30T19:46:26.079-03:00  INFO 24788 --- [tastemanager] [main] .s.b.a.l.ConditionEvaluationReportLogger : 

Error starting ApplicationContext. To display the condition evaluation report re-run your application with 'debug' enabled.
2025-07-30T19:46:26.116-03:00 ERROR 24788 --- [tastemanager] [main] o.s.boot.SpringApplication               : Application run failed

org.springframework.beans.factory.UnsatisfiedDependencyException: Error creating bean with name 'menuController' defined in file [C:\Users\silva\Projects\FIAP\tastemanager\target\classes\br\com\tastemanager\controller\MenuController.class]: Unsatisfied dependency expressed through constructor parameter 0: Error creating bean with name 'menuService' defined in file [C:\Users\silva\Projects\FIAP\tastemanager\target\classes\br\com\tastemanager\service\MenuService.class]: Unsatisfied dependency expressed through constructor parameter 0: Error creating bean with name 'menuRepository' defined in br.com.tastemanager.repository.MenuRepository defined in @EnableJpaRepositories declared on JpaRepositoriesRegistrar.EnableJpaRepositoriesConfiguration: Could not create query for public abstract java.util.Optional br.com.tastemanager.repository.MenuRepository.findByRestaurantIdList(java.lang.Long); Reason: Failed to create query for method public abstract java.util.Optional br.com.tastemanager.repository.MenuRepository.findByRestaurantIdList(java.lang.Long); No property 'list' found for type 'Long'; Traversed path: Menu.restaurant.id
	at org.springframework.beans.factory.support.ConstructorResolver.createArgumentArray(ConstructorResolver.java:795) ~[spring-beans-6.1.6.jar:6.1.6]
	at org.springframework.beans.factory.support.ConstructorResolver.autowireConstructor(ConstructorResolver.java:237) ~[spring-beans-6.1.6.jar:6.1.6]
	at org.springframework.beans.factory.support.AbstractAutowireCapableBeanFactory.autowireConstructor(AbstractAutowireCapableBeanFactory.java:1355) ~[spring-beans-6.1.6.jar:6.1.6]
	at org.springframework.beans.factory.support.AbstractAutowireCapableBeanFactory.createBeanInstance(AbstractAutowireCapableBeanFactory.java:1192) ~[spring-beans-6.1.6.jar:6.1.6]
	at org.springframework.beans.factory.support.AbstractAutowireCapableBeanFactory.doCreateBean(AbstractAutowireCapableBeanFactory.java:562) ~[spring-beans-6.1.6.jar:6.1.6]
	at org.springframework.beans.factory.support.AbstractAutowireCapableBeanFactory.createBean(AbstractAutowireCapableBeanFactory.java:522) ~[spring-beans-6.1.6.jar:6.1.6]
	at org.springframework.beans.factory.support.AbstractBeanFactory.lambda$doGetBean$0(AbstractBeanFactory.java:326) ~[spring-beans-6.1.6.jar:6.1.6]
	at org.springframework.beans.factory.support.DefaultSingletonBeanRegistry.getSingleton(DefaultSingletonBeanRegistry.java:234) ~[spring-beans-6.1.6.jar:6.1.6]
	at org.springframework.beans.factory.support.AbstractBeanFactory.doGetBean(AbstractBeanFactory.java:324) ~[spring-beans-6.1.6.jar:6.1.6]
	at org.springframework.beans.factory.support.AbstractBeanFactory.getBean(AbstractBeanFactory.java:200) ~[spring-beans-6.1.6.jar:6.1.6]
	at org.springframework.beans.factory.support.DefaultListableBeanFactory.preInstantiateSingletons(DefaultListableBeanFactory.java:975) ~[spring-beans-6.1.6.jar:6.1.6]
	at org.springframework.context.support.AbstractApplicationContext.finishBeanFactoryInitialization(AbstractApplicationContext.java:962) ~[spring-context-6.1.6.jar:6.1.6]
	at org.springframework.context.support.AbstractApplicationContext.refresh(AbstractApplicationContext.java:624) ~[spring-context-6.1.6.jar:6.1.6]
	at org.springframework.boot.web.servlet.context.ServletWebServerApplicationContext.refresh(ServletWebServerApplicationContext.java:146) ~[spring-boot-3.2.5.jar:3.2.5]
	at org.springframework.boot.SpringApplication.refresh(SpringApplication.java:754) ~[spring-boot-3.2.5.jar:3.2.5]
	at org.springframework.boot.SpringApplication.refreshContext(SpringApplication.java:456) ~[spring-boot-3.2.5.jar:3.2.5]
	at org.springframework.boot.SpringApplication.run(SpringApplication.java:334) ~[spring-boot-3.2.5.jar:3.2.5]
	at org.springframework.boot.SpringApplication.run(SpringApplication.java:1354) ~[spring-boot-3.2.5.jar:3.2.5]
	at org.springframework.boot.SpringApplication.run(SpringApplication.java:1343) ~[spring-boot-3.2.5.jar:3.2.5]
	at br.com.tastemanager.TasteManagerApplication.main(TasteManagerApplication.java:9) ~[classes/:na]
Caused by: org.springframework.beans.factory.UnsatisfiedDependencyException: Error creating bean with name 'menuService' defined in file [C:\Users\silva\Projects\FIAP\tastemanager\target\classes\br\com\tastemanager\service\MenuService.class]: Unsatisfied dependency expressed through constructor parameter 0: Error creating bean with name 'menuRepository' defined in br.com.tastemanager.repository.MenuRepository defined in @EnableJpaRepositories declared on JpaRepositoriesRegistrar.EnableJpaRepositoriesConfiguration: Could not create query for public abstract java.util.Optional br.com.tastemanager.repository.MenuRepository.findByRestaurantIdList(java.lang.Long); Reason: Failed to create query for method public abstract java.util.Optional br.com.tastemanager.repository.MenuRepository.findByRestaurantIdList(java.lang.Long); No property 'list' found for type 'Long'; Traversed path: Menu.restaurant.id
	at org.springframework.beans.factory.support.ConstructorResolver.createArgumentArray(ConstructorResolver.java:795) ~[spring-beans-6.1.6.jar:6.1.6]
	at org.springframework.beans.factory.support.ConstructorResolver.autowireConstructor(ConstructorResolver.java:237) ~[spring-beans-6.1.6.jar:6.1.6]
	at org.springframework.beans.factory.support.AbstractAutowireCapableBeanFactory.autowireConstructor(AbstractAutowireCapableBeanFactory.java:1355) ~[spring-beans-6.1.6.jar:6.1.6]
	at org.springframework.beans.factory.support.AbstractAutowireCapableBeanFactory.createBeanInstance(AbstractAutowireCapableBeanFactory.java:1192) ~[spring-beans-6.1.6.jar:6.1.6]
	at org.springframework.beans.factory.support.AbstractAutowireCapableBeanFactory.doCreateBean(AbstractAutowireCapableBeanFactory.java:562) ~[spring-beans-6.1.6.jar:6.1.6]
	at org.springframework.beans.factory.support.AbstractAutowireCapableBeanFactory.createBean(AbstractAutowireCapableBeanFactory.java:522) ~[spring-beans-6.1.6.jar:6.1.6]
	at org.springframework.beans.factory.support.AbstractBeanFactory.lambda$doGetBean$0(AbstractBeanFactory.java:326) ~[spring-beans-6.1.6.jar:6.1.6]
	at org.springframework.beans.factory.support.DefaultSingletonBeanRegistry.getSingleton(DefaultSingletonBeanRegistry.java:234) ~[spring-beans-6.1.6.jar:6.1.6]
	at org.springframework.beans.factory.support.AbstractBeanFactory.doGetBean(AbstractBeanFactory.java:324) ~[spring-beans-6.1.6.jar:6.1.6]
	at org.springframework.beans.factory.support.AbstractBeanFactory.getBean(AbstractBeanFactory.java:200) ~[spring-beans-6.1.6.jar:6.1.6]
	at org.springframework.beans.factory.config.DependencyDescriptor.resolveCandidate(DependencyDescriptor.java:254) ~[spring-beans-6.1.6.jar:6.1.6]
	at org.springframework.beans.factory.support.DefaultListableBeanFactory.doResolveDependency(DefaultListableBeanFactory.java:1443) ~[spring-beans-6.1.6.jar:6.1.6]
	at org.springframework.beans.factory.support.DefaultListableBeanFactory.resolveDependency(DefaultListableBeanFactory.java:1353) ~[spring-beans-6.1.6.jar:6.1.6]
	at org.springframework.beans.factory.support.ConstructorResolver.resolveAutowiredArgument(ConstructorResolver.java:904) ~[spring-beans-6.1.6.jar:6.1.6]
	at org.springframework.beans.factory.support.ConstructorResolver.createArgumentArray(ConstructorResolver.java:782) ~[spring-beans-6.1.6.jar:6.1.6]
	... 19 common frames omitted
Caused by: org.springframework.beans.factory.BeanCreationException: Error creating bean with name 'menuRepository' defined in br.com.tastemanager.repository.MenuRepository defined in @EnableJpaRepositories declared on JpaRepositoriesRegistrar.EnableJpaRepositoriesConfiguration: Could not create query for public abstract java.util.Optional br.com.tastemanager.repository.MenuRepository.findByRestaurantIdList(java.lang.Long); Reason: Failed to create query for method public abstract java.util.Optional br.com.tastemanager.repository.MenuRepository.findByRestaurantIdList(java.lang.Long); No property 'list' found for type 'Long'; Traversed path: Menu.restaurant.id
	at org.springframework.beans.factory.support.AbstractAutowireCapableBeanFactory.initializeBean(AbstractAutowireCapableBeanFactory.java:1786) ~[spring-beans-6.1.6.jar:6.1.6]
	at org.springframework.beans.factory.support.AbstractAutowireCapableBeanFactory.doCreateBean(AbstractAutowireCapableBeanFactory.java:600) ~[spring-beans-6.1.6.jar:6.1.6]
	at org.springframework.beans.factory.support.AbstractAutowireCapableBeanFactory.createBean(AbstractAutowireCapableBeanFactory.java:522) ~[spring-beans-6.1.6.jar:6.1.6]
	at org.springframework.beans.factory.support.AbstractBeanFactory.lambda$doGetBean$0(AbstractBeanFactory.java:326) ~[spring-beans-6.1.6.jar:6.1.6]
	at org.springframework.beans.factory.support.DefaultSingletonBeanRegistry.getSingleton(DefaultSingletonBeanRegistry.java:234) ~[spring-beans-6.1.6.jar:6.1.6]
	at org.springframework.beans.factory.support.AbstractBeanFactory.doGetBean(AbstractBeanFactory.java:324) ~[spring-beans-6.1.6.jar:6.1.6]
	at org.springframework.beans.factory.support.AbstractBeanFactory.getBean(AbstractBeanFactory.java:200) ~[spring-beans-6.1.6.jar:6.1.6]
	at org.springframework.beans.factory.config.DependencyDescriptor.resolveCandidate(DependencyDescriptor.java:254) ~[spring-beans-6.1.6.jar:6.1.6]
	at org.springframework.beans.factory.support.DefaultListableBeanFactory.doResolveDependency(DefaultListableBeanFactory.java:1443) ~[spring-beans-6.1.6.jar:6.1.6]
	at org.springframework.beans.factory.support.DefaultListableBeanFactory.resolveDependency(DefaultListableBeanFactory.java:1353) ~[spring-beans-6.1.6.jar:6.1.6]
	at org.springframework.beans.factory.support.ConstructorResolver.resolveAutowiredArgument(ConstructorResolver.java:904) ~[spring-beans-6.1.6.jar:6.1.6]
	at org.springframework.beans.factory.support.ConstructorResolver.createArgumentArray(ConstructorResolver.java:782) ~[spring-beans-6.1.6.jar:6.1.6]
	... 33 common frames omitted
Caused by: org.springframework.data.repository.query.QueryCreationException: Could not create query for public abstract java.util.Optional br.com.tastemanager.repository.MenuRepository.findByRestaurantIdList(java.lang.Long); Reason: Failed to create query for method public abstract java.util.Optional br.com.tastemanager.repository.MenuRepository.findByRestaurantIdList(java.lang.Long); No property 'list' found for type 'Long'; Traversed path: Menu.restaurant.id
	at org.springframework.data.repository.query.QueryCreationException.create(QueryCreationException.java:101) ~[spring-data-commons-3.2.5.jar:3.2.5]
	at org.springframework.data.repository.core.support.QueryExecutorMethodInterceptor.lookupQuery(QueryExecutorMethodInterceptor.java:115) ~[spring-data-commons-3.2.5.jar:3.2.5]
	at org.springframework.data.repository.core.support.QueryExecutorMethodInterceptor.mapMethodsToQuery(QueryExecutorMethodInterceptor.java:99) ~[spring-data-commons-3.2.5.jar:3.2.5]
	at org.springframework.data.repository.core.support.QueryExecutorMethodInterceptor.lambda$new$0(QueryExecutorMethodInterceptor.java:88) ~[spring-data-commons-3.2.5.jar:3.2.5]
	at java.base/java.util.Optional.map(Optional.java:260) ~[na:na]
	at org.springframework.data.repository.core.support.QueryExecutorMethodInterceptor.<init>(QueryExecutorMethodInterceptor.java:88) ~[spring-data-commons-3.2.5.jar:3.2.5]
	at org.springframework.data.repository.core.support.RepositoryFactorySupport.getRepository(RepositoryFactorySupport.java:357) ~[spring-data-commons-3.2.5.jar:3.2.5]
	at org.springframework.data.repository.core.support.RepositoryFactoryBeanSupport.lambda$afterPropertiesSet$5(RepositoryFactoryBeanSupport.java:279) ~[spring-data-commons-3.2.5.jar:3.2.5]
	at org.springframework.data.util.Lazy.getNullable(Lazy.java:135) ~[spring-data-commons-3.2.5.jar:3.2.5]
	at org.springframework.data.util.Lazy.get(Lazy.java:113) ~[spring-data-commons-3.2.5.jar:3.2.5]
	at org.springframework.data.repository.core.support.RepositoryFactoryBeanSupport.afterPropertiesSet(RepositoryFactoryBeanSupport.java:285) ~[spring-data-commons-3.2.5.jar:3.2.5]
	at org.springframework.data.jpa.repository.support.JpaRepositoryFactoryBean.afterPropertiesSet(JpaRepositoryFactoryBean.java:132) ~[spring-data-jpa-3.2.5.jar:3.2.5]
	at org.springframework.beans.factory.support.AbstractAutowireCapableBeanFactory.invokeInitMethods(AbstractAutowireCapableBeanFactory.java:1833) ~[spring-beans-6.1.6.jar:6.1.6]
	at org.springframework.beans.factory.support.AbstractAutowireCapableBeanFactory.initializeBean(AbstractAutowireCapableBeanFactory.java:1782) ~[spring-beans-6.1.6.jar:6.1.6]
	... 44 common frames omitted
Caused by: java.lang.IllegalArgumentException: Failed to create query for method public abstract java.util.Optional br.com.tastemanager.repository.MenuRepository.findByRestaurantIdList(java.lang.Long); No property 'list' found for type 'Long'; Traversed path: Menu.restaurant.id
	at org.springframework.data.jpa.repository.query.PartTreeJpaQuery.<init>(PartTreeJpaQuery.java:106) ~[spring-data-jpa-3.2.5.jar:3.2.5]
	at org.springframework.data.jpa.repository.query.JpaQueryLookupStrategy$CreateQueryLookupStrategy.resolveQuery(JpaQueryLookupStrategy.java:124) ~[spring-data-jpa-3.2.5.jar:3.2.5]
	at org.springframework.data.jpa.repository.query.JpaQueryLookupStrategy$CreateIfNotFoundQueryLookupStrategy.resolveQuery(JpaQueryLookupStrategy.java:258) ~[spring-data-jpa-3.2.5.jar:3.2.5]
	at org.springframework.data.jpa.repository.query.JpaQueryLookupStrategy$AbstractQueryLookupStrategy.resolveQuery(JpaQueryLookupStrategy.java:95) ~[spring-data-jpa-3.2.5.jar:3.2.5]
	at org.springframework.data.repository.core.support.QueryExecutorMethodInterceptor.lookupQuery(QueryExecutorMethodInterceptor.java:111) ~[spring-data-commons-3.2.5.jar:3.2.5]
	... 56 common frames omitted
Caused by: org.springframework.data.mapping.PropertyReferenceException: No property 'list' found for type 'Long'; Traversed path: Menu.restaurant.id
	at org.springframework.data.mapping.PropertyPath.<init>(PropertyPath.java:90) ~[spring-data-commons-3.2.5.jar:3.2.5]
	at org.springframework.data.mapping.PropertyPath.create(PropertyPath.java:443) ~[spring-data-commons-3.2.5.jar:3.2.5]
	at org.springframework.data.mapping.PropertyPath.create(PropertyPath.java:419) ~[spring-data-commons-3.2.5.jar:3.2.5]
	at org.springframework.data.mapping.PropertyPath.create(PropertyPath.java:453) ~[spring-data-commons-3.2.5.jar:3.2.5]
	at org.springframework.data.mapping.PropertyPath.create(PropertyPath.java:476) ~[spring-data-commons-3.2.5.jar:3.2.5]
	at org.springframework.data.mapping.PropertyPath.create(PropertyPath.java:419) ~[spring-data-commons-3.2.5.jar:3.2.5]
	at org.springframework.data.mapping.PropertyPath.create(PropertyPath.java:453) ~[spring-data-commons-3.2.5.jar:3.2.5]
	at org.springframework.data.mapping.PropertyPath.create(PropertyPath.java:476) ~[spring-data-commons-3.2.5.jar:3.2.5]
	at org.springframework.data.mapping.PropertyPath.create(PropertyPath.java:476) ~[spring-data-commons-3.2.5.jar:3.2.5]
	at org.springframework.data.mapping.PropertyPath.create(PropertyPath.java:419) ~[spring-data-commons-3.2.5.jar:3.2.5]
	at org.springframework.data.mapping.PropertyPath.lambda$from$0(PropertyPath.java:372) ~[spring-data-commons-3.2.5.jar:3.2.5]
	at java.base/java.util.concurrent.ConcurrentMap.computeIfAbsent(ConcurrentMap.java:330) ~[na:na]
	at org.springframework.data.mapping.PropertyPath.from(PropertyPath.java:354) ~[spring-data-commons-3.2.5.jar:3.2.5]
	at org.springframework.data.mapping.PropertyPath.from(PropertyPath.java:332) ~[spring-data-commons-3.2.5.jar:3.2.5]
	at org.springframework.data.repository.query.parser.Part.<init>(Part.java:81) ~[spring-data-commons-3.2.5.jar:3.2.5]
	at org.springframework.data.repository.query.parser.PartTree$OrPart.lambda$new$0(PartTree.java:259) ~[spring-data-commons-3.2.5.jar:3.2.5]
	at java.base/java.util.stream.ReferencePipeline$3$1.accept(ReferencePipeline.java:197) ~[na:na]
	at java.base/java.util.stream.ReferencePipeline$2$1.accept(ReferencePipeline.java:179) ~[na:na]
	at java.base/java.util.Spliterators$ArraySpliterator.forEachRemaining(Spliterators.java:1024) ~[na:na]
	at java.base/java.util.stream.AbstractPipeline.copyInto(AbstractPipeline.java:509) ~[na:na]
	at java.base/java.util.stream.AbstractPipeline.wrapAndCopyInto(AbstractPipeline.java:499) ~[na:na]
	at java.base/java.util.stream.ReduceOps$ReduceOp.evaluateSequential(ReduceOps.java:921) ~[na:na]
	at java.base/java.util.stream.AbstractPipeline.evaluate(AbstractPipeline.java:234) ~[na:na]
	at java.base/java.util.stream.ReferencePipeline.collect(ReferencePipeline.java:682) ~[na:na]
	at org.springframework.data.repository.query.parser.PartTree$OrPart.<init>(PartTree.java:260) ~[spring-data-commons-3.2.5.jar:3.2.5]
	at org.springframework.data.repository.query.parser.PartTree$Predicate.lambda$new$0(PartTree.java:389) ~[spring-data-commons-3.2.5.jar:3.2.5]
	at java.base/java.util.stream.ReferencePipeline$3$1.accept(ReferencePipeline.java:197) ~[na:na]
	at java.base/java.util.stream.ReferencePipeline$2$1.accept(ReferencePipeline.java:179) ~[na:na]
	at java.base/java.util.Spliterators$ArraySpliterator.forEachRemaining(Spliterators.java:1024) ~[na:na]
	at java.base/java.util.stream.AbstractPipeline.copyInto(AbstractPipeline.java:509) ~[na:na]
	at java.base/java.util.stream.AbstractPipeline.wrapAndCopyInto(AbstractPipeline.java:499) ~[na:na]
	at java.base/java.util.stream.ReduceOps$ReduceOp.evaluateSequential(ReduceOps.java:921) ~[na:na]
	at java.base/java.util.stream.AbstractPipeline.evaluate(AbstractPipeline.java:234) ~[na:na]
	at java.base/java.util.stream.ReferencePipeline.collect(ReferencePipeline.java:682) ~[na:na]
	at org.springframework.data.repository.query.parser.PartTree$Predicate.<init>(PartTree.java:390) ~[spring-data-commons-3.2.5.jar:3.2.5]
	at org.springframework.data.repository.query.parser.PartTree.<init>(PartTree.java:103) ~[spring-data-commons-3.2.5.jar:3.2.5]
	at org.springframework.data.jpa.repository.query.PartTreeJpaQuery.<init>(PartTreeJpaQuery.java:100) ~[spring-data-jpa-3.2.5.jar:3.2.5]
	... 60 common frames omitted

2025-07-30T20:05:31.169-03:00  INFO 21616 --- [tastemanager] [main] b.c.t.TasteManagerApplication            : Starting TasteManagerApplication using Java 21.0.7 with PID 21616 (C:\Users\silva\Projects\FIAP\tastemanager\target\classes started by silva in C:\Users\silva\Projects\FIAP\tastemanager)
2025-07-30T20:05:31.174-03:00  INFO 21616 --- [tastemanager] [main] b.c.t.TasteManagerApplication            : No active profile set, falling back to 1 default profile: "default"
2025-07-30T20:05:33.032-03:00  INFO 21616 --- [tastemanager] [main] .s.d.r.c.RepositoryConfigurationDelegate : Bootstrapping Spring Data JPA repositories in DEFAULT mode.
2025-07-30T20:05:33.194-03:00  INFO 21616 --- [tastemanager] [main] .s.d.r.c.RepositoryConfigurationDelegate : Finished Spring Data repository scanning in 147 ms. Found 4 JPA repository interfaces.
2025-07-30T20:05:34.390-03:00  INFO 21616 --- [tastemanager] [main] o.s.b.w.embedded.tomcat.TomcatWebServer  : Tomcat initialized with port 8080 (http)
2025-07-30T20:05:34.416-03:00  INFO 21616 --- [tastemanager] [main] o.apache.catalina.core.StandardService   : Starting service [Tomcat]
2025-07-30T20:05:34.417-03:00  INFO 21616 --- [tastemanager] [main] o.apache.catalina.core.StandardEngine    : Starting Servlet engine: [Apache Tomcat/10.1.20]
2025-07-30T20:05:34.541-03:00  INFO 21616 --- [tastemanager] [main] o.a.c.c.C.[Tomcat].[localhost].[/]       : Initializing Spring embedded WebApplicationContext
2025-07-30T20:05:34.542-03:00  INFO 21616 --- [tastemanager] [main] w.s.c.ServletWebServerApplicationContext : Root WebApplicationContext: initialization completed in 3264 ms
2025-07-30T20:05:34.607-03:00  INFO 21616 --- [tastemanager] [main] com.zaxxer.hikari.HikariDataSource       : HikariPool-1 - Starting...
2025-07-30T20:05:35.007-03:00  INFO 21616 --- [tastemanager] [main] com.zaxxer.hikari.pool.HikariPool        : HikariPool-1 - Added connection conn0: url=jdbc:h2:mem:tastmanagerdb user=SA
2025-07-30T20:05:35.011-03:00  INFO 21616 --- [tastemanager] [main] com.zaxxer.hikari.HikariDataSource       : HikariPool-1 - Start completed.
2025-07-30T20:05:35.037-03:00  INFO 21616 --- [tastemanager] [main] o.s.b.a.h2.H2ConsoleAutoConfiguration    : H2 console available at '/h2-console'. Database available at 'jdbc:h2:mem:tastmanagerdb'
2025-07-30T20:05:35.292-03:00  INFO 21616 --- [tastemanager] [main] o.hibernate.jpa.internal.util.LogHelper  : HHH000204: Processing PersistenceUnitInfo [name: default]
2025-07-30T20:05:35.412-03:00  INFO 21616 --- [tastemanager] [main] org.hibernate.Version                    : HHH000412: Hibernate ORM core version 6.4.4.Final
2025-07-30T20:05:35.486-03:00  INFO 21616 --- [tastemanager] [main] o.h.c.internal.RegionFactoryInitiator    : HHH000026: Second-level cache disabled
2025-07-30T20:05:36.000-03:00  INFO 21616 --- [tastemanager] [main] o.s.o.j.p.SpringPersistenceUnitInfo      : No LoadTimeWeaver setup: ignoring JPA class transformer
2025-07-30T20:05:36.114-03:00  WARN 21616 --- [tastemanager] [main] org.hibernate.orm.deprecation            : HHH90000025: H2Dialect does not need to be specified explicitly using 'hibernate.dialect' (remove the property setting and it will be selected by default)
2025-07-30T20:05:36.378-03:00 ERROR 21616 --- [tastemanager] [main] j.LocalContainerEntityManagerFactoryBean : Failed to initialize JPA EntityManagerFactory: Entity 'br.com.tastemanager.entity.Menu' has no identifier (every '@Entity' class must declare or inherit at least one '@Id' or '@EmbeddedId' property)
2025-07-30T20:05:36.379-03:00  WARN 21616 --- [tastemanager] [main] ConfigServletWebServerApplicationContext : Exception encountered during context initialization - cancelling refresh attempt: org.springframework.beans.factory.BeanCreationException: Error creating bean with name 'entityManagerFactory' defined in class path resource [org/springframework/boot/autoconfigure/orm/jpa/HibernateJpaConfiguration.class]: Entity 'br.com.tastemanager.entity.Menu' has no identifier (every '@Entity' class must declare or inherit at least one '@Id' or '@EmbeddedId' property)
2025-07-30T20:05:36.379-03:00  INFO 21616 --- [tastemanager] [main] com.zaxxer.hikari.HikariDataSource       : HikariPool-1 - Shutdown initiated...
2025-07-30T20:05:36.387-03:00  INFO 21616 --- [tastemanager] [main] com.zaxxer.hikari.HikariDataSource       : HikariPool-1 - Shutdown completed.
2025-07-30T20:05:36.393-03:00  INFO 21616 --- [tastemanager] [main] o.apache.catalina.core.StandardService   : Stopping service [Tomcat]
2025-07-30T20:05:36.414-03:00  INFO 21616 --- [tastemanager] [main] .s.b.a.l.ConditionEvaluationReportLogger : 

Error starting ApplicationContext. To display the condition evaluation report re-run your application with 'debug' enabled.
2025-07-30T20:05:36.451-03:00 ERROR 21616 --- [tastemanager] [main] o.s.boot.SpringApplication               : Application run failed

org.springframework.beans.factory.BeanCreationException: Error creating bean with name 'entityManagerFactory' defined in class path resource [org/springframework/boot/autoconfigure/orm/jpa/HibernateJpaConfiguration.class]: Entity 'br.com.tastemanager.entity.Menu' has no identifier (every '@Entity' class must declare or inherit at least one '@Id' or '@EmbeddedId' property)
	at org.springframework.beans.factory.support.AbstractAutowireCapableBeanFactory.initializeBean(AbstractAutowireCapableBeanFactory.java:1786) ~[spring-beans-6.1.6.jar:6.1.6]
	at org.springframework.beans.factory.support.AbstractAutowireCapableBeanFactory.doCreateBean(AbstractAutowireCapableBeanFactory.java:600) ~[spring-beans-6.1.6.jar:6.1.6]
	at org.springframework.beans.factory.support.AbstractAutowireCapableBeanFactory.createBean(AbstractAutowireCapableBeanFactory.java:522) ~[spring-beans-6.1.6.jar:6.1.6]
	at org.springframework.beans.factory.support.AbstractBeanFactory.lambda$doGetBean$0(AbstractBeanFactory.java:326) ~[spring-beans-6.1.6.jar:6.1.6]
	at org.springframework.beans.factory.support.DefaultSingletonBeanRegistry.getSingleton(DefaultSingletonBeanRegistry.java:234) ~[spring-beans-6.1.6.jar:6.1.6]
	at org.springframework.beans.factory.support.AbstractBeanFactory.doGetBean(AbstractBeanFactory.java:324) ~[spring-beans-6.1.6.jar:6.1.6]
	at org.springframework.beans.factory.support.AbstractBeanFactory.getBean(AbstractBeanFactory.java:200) ~[spring-beans-6.1.6.jar:6.1.6]
	at org.springframework.context.support.AbstractApplicationContext.getBean(AbstractApplicationContext.java:1234) ~[spring-context-6.1.6.jar:6.1.6]
	at org.springframework.context.support.AbstractApplicationContext.finishBeanFactoryInitialization(AbstractApplicationContext.java:952) ~[spring-context-6.1.6.jar:6.1.6]
	at org.springframework.context.support.AbstractApplicationContext.refresh(AbstractApplicationContext.java:624) ~[spring-context-6.1.6.jar:6.1.6]
	at org.springframework.boot.web.servlet.context.ServletWebServerApplicationContext.refresh(ServletWebServerApplicationContext.java:146) ~[spring-boot-3.2.5.jar:3.2.5]
	at org.springframework.boot.SpringApplication.refresh(SpringApplication.java:754) ~[spring-boot-3.2.5.jar:3.2.5]
	at org.springframework.boot.SpringApplication.refreshContext(SpringApplication.java:456) ~[spring-boot-3.2.5.jar:3.2.5]
	at org.springframework.boot.SpringApplication.run(SpringApplication.java:334) ~[spring-boot-3.2.5.jar:3.2.5]
	at org.springframework.boot.SpringApplication.run(SpringApplication.java:1354) ~[spring-boot-3.2.5.jar:3.2.5]
	at org.springframework.boot.SpringApplication.run(SpringApplication.java:1343) ~[spring-boot-3.2.5.jar:3.2.5]
	at br.com.tastemanager.TasteManagerApplication.main(TasteManagerApplication.java:9) ~[classes/:na]
Caused by: org.hibernate.AnnotationException: Entity 'br.com.tastemanager.entity.Menu' has no identifier (every '@Entity' class must declare or inherit at least one '@Id' or '@EmbeddedId' property)
	at org.hibernate.boot.model.internal.InheritanceState.determineDefaultAccessType(InheritanceState.java:279) ~[hibernate-core-6.4.4.Final.jar:6.4.4.Final]
	at org.hibernate.boot.model.internal.InheritanceState.getElementsToProcess(InheritanceState.java:215) ~[hibernate-core-6.4.4.Final.jar:6.4.4.Final]
	at org.hibernate.boot.model.internal.InheritanceState.postProcess(InheritanceState.java:160) ~[hibernate-core-6.4.4.Final.jar:6.4.4.Final]
	at org.hibernate.boot.model.internal.EntityBinder.handleIdentifier(EntityBinder.java:348) ~[hibernate-core-6.4.4.Final.jar:6.4.4.Final]
	at org.hibernate.boot.model.internal.EntityBinder.bindEntityClass(EntityBinder.java:237) ~[hibernate-core-6.4.4.Final.jar:6.4.4.Final]
	at org.hibernate.boot.model.internal.AnnotationBinder.bindClass(AnnotationBinder.java:423) ~[hibernate-core-6.4.4.Final.jar:6.4.4.Final]
	at org.hibernate.boot.model.source.internal.annotations.AnnotationMetadataSourceProcessorImpl.processEntityHierarchies(AnnotationMetadataSourceProcessorImpl.java:256) ~[hibernate-core-6.4.4.Final.jar:6.4.4.Final]
	at org.hibernate.boot.model.process.spi.MetadataBuildingProcess$1.processEntityHierarchies(MetadataBuildingProcess.java:279) ~[hibernate-core-6.4.4.Final.jar:6.4.4.Final]
	at org.hibernate.boot.model.process.spi.MetadataBuildingProcess.complete(MetadataBuildingProcess.java:322) ~[hibernate-core-6.4.4.Final.jar:6.4.4.Final]
	at org.hibernate.jpa.boot.internal.EntityManagerFactoryBuilderImpl.metadata(EntityManagerFactoryBuilderImpl.java:1432) ~[hibernate-core-6.4.4.Final.jar:6.4.4.Final]
	at org.hibernate.jpa.boot.internal.EntityManagerFactoryBuilderImpl.build(EntityManagerFactoryBuilderImpl.java:1503) ~[hibernate-core-6.4.4.Final.jar:6.4.4.Final]
	at org.springframework.orm.jpa.vendor.SpringHibernateJpaPersistenceProvider.createContainerEntityManagerFactory(SpringHibernateJpaPersistenceProvider.java:75) ~[spring-orm-6.1.6.jar:6.1.6]
	at org.springframework.orm.jpa.LocalContainerEntityManagerFactoryBean.createNativeEntityManagerFactory(LocalContainerEntityManagerFactoryBean.java:390) ~[spring-orm-6.1.6.jar:6.1.6]
	at org.springframework.orm.jpa.AbstractEntityManagerFactoryBean.buildNativeEntityManagerFactory(AbstractEntityManagerFactoryBean.java:409) ~[spring-orm-6.1.6.jar:6.1.6]
	at org.springframework.orm.jpa.AbstractEntityManagerFactoryBean.afterPropertiesSet(AbstractEntityManagerFactoryBean.java:396) ~[spring-orm-6.1.6.jar:6.1.6]
	at org.springframework.orm.jpa.LocalContainerEntityManagerFactoryBean.afterPropertiesSet(LocalContainerEntityManagerFactoryBean.java:366) ~[spring-orm-6.1.6.jar:6.1.6]
	at org.springframework.beans.factory.support.AbstractAutowireCapableBeanFactory.invokeInitMethods(AbstractAutowireCapableBeanFactory.java:1833) ~[spring-beans-6.1.6.jar:6.1.6]
	at org.springframework.beans.factory.support.AbstractAutowireCapableBeanFactory.initializeBean(AbstractAutowireCapableBeanFactory.java:1782) ~[spring-beans-6.1.6.jar:6.1.6]
	... 16 common frames omitted

2025-07-30T20:06:39.214-03:00  INFO 8952 --- [tastemanager] [main] b.c.t.TasteManagerApplication            : Starting TasteManagerApplication using Java 21.0.7 with PID 8952 (C:\Users\silva\Projects\FIAP\tastemanager\target\classes started by silva in C:\Users\silva\Projects\FIAP\tastemanager)
2025-07-30T20:06:39.220-03:00  INFO 8952 --- [tastemanager] [main] b.c.t.TasteManagerApplication            : No active profile set, falling back to 1 default profile: "default"
2025-07-30T20:06:40.971-03:00  INFO 8952 --- [tastemanager] [main] .s.d.r.c.RepositoryConfigurationDelegate : Bootstrapping Spring Data JPA repositories in DEFAULT mode.
2025-07-30T20:06:41.136-03:00  INFO 8952 --- [tastemanager] [main] .s.d.r.c.RepositoryConfigurationDelegate : Finished Spring Data repository scanning in 144 ms. Found 4 JPA repository interfaces.
2025-07-30T20:06:42.318-03:00  INFO 8952 --- [tastemanager] [main] o.s.b.w.embedded.tomcat.TomcatWebServer  : Tomcat initialized with port 8080 (http)
2025-07-30T20:06:42.345-03:00  INFO 8952 --- [tastemanager] [main] o.apache.catalina.core.StandardService   : Starting service [Tomcat]
2025-07-30T20:06:42.346-03:00  INFO 8952 --- [tastemanager] [main] o.apache.catalina.core.StandardEngine    : Starting Servlet engine: [Apache Tomcat/10.1.20]
2025-07-30T20:06:42.455-03:00  INFO 8952 --- [tastemanager] [main] o.a.c.c.C.[Tomcat].[localhost].[/]       : Initializing Spring embedded WebApplicationContext
2025-07-30T20:06:42.456-03:00  INFO 8952 --- [tastemanager] [main] w.s.c.ServletWebServerApplicationContext : Root WebApplicationContext: initialization completed in 3133 ms
2025-07-30T20:06:42.521-03:00  INFO 8952 --- [tastemanager] [main] com.zaxxer.hikari.HikariDataSource       : HikariPool-1 - Starting...
2025-07-30T20:06:42.910-03:00  INFO 8952 --- [tastemanager] [main] com.zaxxer.hikari.pool.HikariPool        : HikariPool-1 - Added connection conn0: url=jdbc:h2:mem:tastmanagerdb user=SA
2025-07-30T20:06:42.914-03:00  INFO 8952 --- [tastemanager] [main] com.zaxxer.hikari.HikariDataSource       : HikariPool-1 - Start completed.
2025-07-30T20:06:42.933-03:00  INFO 8952 --- [tastemanager] [main] o.s.b.a.h2.H2ConsoleAutoConfiguration    : H2 console available at '/h2-console'. Database available at 'jdbc:h2:mem:tastmanagerdb'
2025-07-30T20:06:43.190-03:00  INFO 8952 --- [tastemanager] [main] o.hibernate.jpa.internal.util.LogHelper  : HHH000204: Processing PersistenceUnitInfo [name: default]
2025-07-30T20:06:43.293-03:00  INFO 8952 --- [tastemanager] [main] org.hibernate.Version                    : HHH000412: Hibernate ORM core version 6.4.4.Final
2025-07-30T20:06:43.366-03:00  INFO 8952 --- [tastemanager] [main] o.h.c.internal.RegionFactoryInitiator    : HHH000026: Second-level cache disabled
2025-07-30T20:06:43.847-03:00  INFO 8952 --- [tastemanager] [main] o.s.o.j.p.SpringPersistenceUnitInfo      : No LoadTimeWeaver setup: ignoring JPA class transformer
2025-07-30T20:06:43.945-03:00  WARN 8952 --- [tastemanager] [main] org.hibernate.orm.deprecation            : HHH90000025: H2Dialect does not need to be specified explicitly using 'hibernate.dialect' (remove the property setting and it will be selected by default)
2025-07-30T20:06:45.702-03:00  INFO 8952 --- [tastemanager] [main] o.h.e.t.j.p.i.JtaPlatformInitiator       : HHH000489: No JTA platform available (set 'hibernate.transaction.jta.platform' to enable JTA platform integration)
2025-07-30T20:06:45.852-03:00  INFO 8952 --- [tastemanager] [main] j.LocalContainerEntityManagerFactoryBean : Initialized JPA EntityManagerFactory for persistence unit 'default'
2025-07-30T20:06:46.549-03:00  INFO 8952 --- [tastemanager] [main] o.s.d.j.r.query.QueryEnhancerFactory     : Hibernate is in classpath; If applicable, HQL parser will be used.
2025-07-30T20:06:47.629-03:00  WARN 8952 --- [tastemanager] [main] JpaBaseConfiguration$JpaWebConfiguration : spring.jpa.open-in-view is enabled by default. Therefore, database queries may be performed during view rendering. Explicitly configure spring.jpa.open-in-view to disable this warning
2025-07-30T20:06:47.874-03:00 DEBUG 8952 --- [tastemanager] [main] s.w.s.m.m.a.RequestMappingHandlerMapping : 27 mappings in 'requestMappingHandlerMapping'
2025-07-30T20:06:48.028-03:00 DEBUG 8952 --- [tastemanager] [main] o.s.w.s.handler.SimpleUrlHandlerMapping  : Patterns [/webjars/**, /**, /swagger-ui*/*swagger-initializer.js, /swagger-ui*/**] in 'resourceHandlerMapping'
2025-07-30T20:06:48.101-03:00 DEBUG 8952 --- [tastemanager] [main] s.w.s.m.m.a.RequestMappingHandlerAdapter : ControllerAdvice beans: 0 @ModelAttribute, 0 @InitBinder, 1 RequestBodyAdvice, 1 ResponseBodyAdvice
2025-07-30T20:06:48.183-03:00 DEBUG 8952 --- [tastemanager] [main] .m.m.a.ExceptionHandlerExceptionResolver : ControllerAdvice beans: 2 @ExceptionHandler, 1 ResponseBodyAdvice
2025-07-30T20:06:48.586-03:00  INFO 8952 --- [tastemanager] [main] o.s.b.w.embedded.tomcat.TomcatWebServer  : Tomcat started on port 8080 (http) with context path ''
2025-07-30T20:06:48.603-03:00  INFO 8952 --- [tastemanager] [main] b.c.t.TasteManagerApplication            : Started TasteManagerApplication in 10.219 seconds (process running for 10.993)
2025-07-30T20:06:55.836-03:00  INFO 8952 --- [tastemanager] [http-nio-8080-exec-2] o.a.c.c.C.[Tomcat].[localhost].[/]       : Initializing Spring DispatcherServlet 'dispatcherServlet'
2025-07-30T20:06:55.836-03:00  INFO 8952 --- [tastemanager] [http-nio-8080-exec-2] o.s.web.servlet.DispatcherServlet        : Initializing Servlet 'dispatcherServlet'
2025-07-30T20:06:55.836-03:00 DEBUG 8952 --- [tastemanager] [http-nio-8080-exec-2] o.s.web.servlet.DispatcherServlet        : Detected StandardServletMultipartResolver
2025-07-30T20:06:55.836-03:00 DEBUG 8952 --- [tastemanager] [http-nio-8080-exec-2] o.s.web.servlet.DispatcherServlet        : Detected AcceptHeaderLocaleResolver
2025-07-30T20:06:55.837-03:00 DEBUG 8952 --- [tastemanager] [http-nio-8080-exec-2] o.s.web.servlet.DispatcherServlet        : Detected FixedThemeResolver
2025-07-30T20:06:55.839-03:00 DEBUG 8952 --- [tastemanager] [http-nio-8080-exec-2] o.s.web.servlet.DispatcherServlet        : Detected org.springframework.web.servlet.view.DefaultRequestToViewNameTranslator@62d10834
2025-07-30T20:06:55.840-03:00 DEBUG 8952 --- [tastemanager] [http-nio-8080-exec-2] o.s.web.servlet.DispatcherServlet        : Detected org.springframework.web.servlet.support.SessionFlashMapManager@da09b52
2025-07-30T20:06:55.841-03:00 DEBUG 8952 --- [tastemanager] [http-nio-8080-exec-2] o.s.web.servlet.DispatcherServlet        : enableLoggingRequestDetails='false': request parameters and headers will be masked to prevent unsafe logging of potentially sensitive data
2025-07-30T20:06:55.841-03:00  INFO 8952 --- [tastemanager] [http-nio-8080-exec-2] o.s.web.servlet.DispatcherServlet        : Completed initialization in 5 ms
2025-07-30T20:06:55.860-03:00 DEBUG 8952 --- [tastemanager] [http-nio-8080-exec-2] o.s.web.servlet.DispatcherServlet        : POST "/menu/create/2", parameters={}
2025-07-30T20:06:55.882-03:00 DEBUG 8952 --- [tastemanager] [http-nio-8080-exec-2] s.w.s.m.m.a.RequestMappingHandlerMapping : Mapped to br.com.tastemanager.controller.MenuController#createMenu(Long, MenuRequestDTO)
2025-07-30T20:06:56.031-03:00 DEBUG 8952 --- [tastemanager] [http-nio-8080-exec-2] m.m.a.RequestResponseBodyMethodProcessor : Read "application/json;charset=UTF-8" to [br.com.tastemanager.dto.request.MenuRequestDTO@2c8e6a65]
2025-07-30T20:06:56.340-03:00 DEBUG 8952 --- [tastemanager] [http-nio-8080-exec-2] o.s.w.s.m.m.a.HttpEntityMethodProcessor  : Using 'application/json', given [*/*] and supported [application/json, application/*+json]
2025-07-30T20:06:56.342-03:00 DEBUG 8952 --- [tastemanager] [http-nio-8080-exec-2] o.s.w.s.m.m.a.HttpEntityMethodProcessor  : Writing [br.com.tastemanager.dto.response.MenuResponseDTO@60f2f0b0]
2025-07-30T20:06:56.376-03:00 DEBUG 8952 --- [tastemanager] [http-nio-8080-exec-2] o.s.web.servlet.DispatcherServlet        : Completed 201 CREATED
2025-07-30T20:07:37.309-03:00 DEBUG 8952 --- [tastemanager] [http-nio-8080-exec-7] o.s.web.servlet.DispatcherServlet        : GET "/favicon.ico", parameters={}
2025-07-30T20:07:37.323-03:00 DEBUG 8952 --- [tastemanager] [http-nio-8080-exec-7] o.s.w.s.handler.SimpleUrlHandlerMapping  : Mapped to ResourceHttpRequestHandler [classpath [META-INF/resources/], classpath [resources/], classpath [static/], classpath [public/], ServletContext [/]]
2025-07-30T20:07:37.323-03:00 DEBUG 8952 --- [tastemanager] [http-nio-8080-exec-7] o.s.w.s.r.ResourceHttpRequestHandler     : Resource not found
2025-07-30T20:07:37.335-03:00 DEBUG 8952 --- [tastemanager] [http-nio-8080-exec-7] .w.s.m.s.DefaultHandlerExceptionResolver : Resolved [org.springframework.web.servlet.resource.NoResourceFoundException: No static resource favicon.ico.]
2025-07-30T20:07:37.335-03:00 DEBUG 8952 --- [tastemanager] [http-nio-8080-exec-7] o.s.web.servlet.DispatcherServlet        : Completed 404 NOT_FOUND
2025-07-30T20:07:37.354-03:00 DEBUG 8952 --- [tastemanager] [http-nio-8080-exec-7] o.s.web.servlet.DispatcherServlet        : "ERROR" dispatch for GET "/error", parameters={}
2025-07-30T20:07:37.355-03:00 DEBUG 8952 --- [tastemanager] [http-nio-8080-exec-7] s.w.s.m.m.a.RequestMappingHandlerMapping : Mapped to org.springframework.boot.autoconfigure.web.servlet.error.BasicErrorController#error(HttpServletRequest)
2025-07-30T20:07:37.372-03:00 DEBUG 8952 --- [tastemanager] [http-nio-8080-exec-7] o.s.w.s.m.m.a.HttpEntityMethodProcessor  : Using 'application/json;q=0.8', given [image/avif, image/webp, image/apng, image/svg+xml, image/*, */*;q=0.8] and supported [application/json, application/*+json]
2025-07-30T20:07:37.372-03:00 DEBUG 8952 --- [tastemanager] [http-nio-8080-exec-7] o.s.w.s.m.m.a.HttpEntityMethodProcessor  : Writing [{timestamp=Wed Jul 30 20:07:37 BRT 2025, status=404, error=Not Found, path=/favicon.ico}]
2025-07-30T20:07:37.404-03:00 DEBUG 8952 --- [tastemanager] [http-nio-8080-exec-7] o.s.web.servlet.DispatcherServlet        : Exiting from "ERROR" dispatch, status 404
2025-07-30T20:10:51.265-03:00 DEBUG 8952 --- [tastemanager] [http-nio-8080-exec-10] o.s.web.servlet.DispatcherServlet        : POST "/menu/create/2", parameters={}
2025-07-30T20:10:51.270-03:00 DEBUG 8952 --- [tastemanager] [http-nio-8080-exec-10] s.w.s.m.m.a.RequestMappingHandlerMapping : Mapped to br.com.tastemanager.controller.MenuController#createMenu(Long, MenuRequestDTO)
2025-07-30T20:10:51.274-03:00 DEBUG 8952 --- [tastemanager] [http-nio-8080-exec-10] m.m.a.RequestResponseBodyMethodProcessor : Read "application/json;charset=UTF-8" to [br.com.tastemanager.dto.request.MenuRequestDTO@107af44e]
2025-07-30T20:10:51.282-03:00 DEBUG 8952 --- [tastemanager] [http-nio-8080-exec-10] o.s.web.servlet.DispatcherServlet        : Failed to complete request: java.lang.IllegalStateException: Já existe um menu para este restaurante
2025-07-30T20:10:51.288-03:00 ERROR 8952 --- [tastemanager] [http-nio-8080-exec-10] o.a.c.c.C.[.[.[/].[dispatcherServlet]    : Servlet.service() for servlet [dispatcherServlet] in context with path [] threw exception [Request processing failed: java.lang.IllegalStateException: Já existe um menu para este restaurante] with root cause

java.lang.IllegalStateException: Já existe um menu para este restaurante
	at br.com.tastemanager.service.MenuService.createMenu(MenuService.java:33) ~[classes/:na]
	at br.com.tastemanager.controller.MenuController.createMenu(MenuController.java:25) ~[classes/:na]
	at java.base/jdk.internal.reflect.DirectMethodHandleAccessor.invoke(DirectMethodHandleAccessor.java:103) ~[na:na]
	at java.base/java.lang.reflect.Method.invoke(Method.java:580) ~[na:na]
	at org.springframework.web.method.support.InvocableHandlerMethod.doInvoke(InvocableHandlerMethod.java:255) ~[spring-web-6.1.6.jar:6.1.6]
	at org.springframework.web.method.support.InvocableHandlerMethod.invokeForRequest(InvocableHandlerMethod.java:188) ~[spring-web-6.1.6.jar:6.1.6]
	at org.springframework.web.servlet.mvc.method.annotation.ServletInvocableHandlerMethod.invokeAndHandle(ServletInvocableHandlerMethod.java:118) ~[spring-webmvc-6.1.6.jar:6.1.6]
	at org.springframework.web.servlet.mvc.method.annotation.RequestMappingHandlerAdapter.invokeHandlerMethod(RequestMappingHandlerAdapter.java:926) ~[spring-webmvc-6.1.6.jar:6.1.6]
	at org.springframework.web.servlet.mvc.method.annotation.RequestMappingHandlerAdapter.handleInternal(RequestMappingHandlerAdapter.java:831) ~[spring-webmvc-6.1.6.jar:6.1.6]
	at org.springframework.web.servlet.mvc.method.AbstractHandlerMethodAdapter.handle(AbstractHandlerMethodAdapter.java:87) ~[spring-webmvc-6.1.6.jar:6.1.6]
	at org.springframework.web.servlet.DispatcherServlet.doDispatch(DispatcherServlet.java:1089) ~[spring-webmvc-6.1.6.jar:6.1.6]
	at org.springframework.web.servlet.DispatcherServlet.doService(DispatcherServlet.java:979) ~[spring-webmvc-6.1.6.jar:6.1.6]
	at org.springframework.web.servlet.FrameworkServlet.processRequest(FrameworkServlet.java:1014) ~[spring-webmvc-6.1.6.jar:6.1.6]
	at org.springframework.web.servlet.FrameworkServlet.doPost(FrameworkServlet.java:914) ~[spring-webmvc-6.1.6.jar:6.1.6]
	at jakarta.servlet.http.HttpServlet.service(HttpServlet.java:590) ~[tomcat-embed-core-10.1.20.jar:6.0]
	at org.springframework.web.servlet.FrameworkServlet.service(FrameworkServlet.java:885) ~[spring-webmvc-6.1.6.jar:6.1.6]
	at jakarta.servlet.http.HttpServlet.service(HttpServlet.java:658) ~[tomcat-embed-core-10.1.20.jar:6.0]
	at org.apache.catalina.core.ApplicationFilterChain.internalDoFilter(ApplicationFilterChain.java:206) ~[tomcat-embed-core-10.1.20.jar:10.1.20]
	at org.apache.catalina.core.ApplicationFilterChain.doFilter(ApplicationFilterChain.java:150) ~[tomcat-embed-core-10.1.20.jar:10.1.20]
	at org.apache.tomcat.websocket.server.WsFilter.doFilter(WsFilter.java:51) ~[tomcat-embed-websocket-10.1.20.jar:10.1.20]
	at org.apache.catalina.core.ApplicationFilterChain.internalDoFilter(ApplicationFilterChain.java:175) ~[tomcat-embed-core-10.1.20.jar:10.1.20]
	at org.apache.catalina.core.ApplicationFilterChain.doFilter(ApplicationFilterChain.java:150) ~[tomcat-embed-core-10.1.20.jar:10.1.20]
	at org.springframework.web.filter.RequestContextFilter.doFilterInternal(RequestContextFilter.java:100) ~[spring-web-6.1.6.jar:6.1.6]
	at org.springframework.web.filter.OncePerRequestFilter.doFilter(OncePerRequestFilter.java:116) ~[spring-web-6.1.6.jar:6.1.6]
	at org.apache.catalina.core.ApplicationFilterChain.internalDoFilter(ApplicationFilterChain.java:175) ~[tomcat-embed-core-10.1.20.jar:10.1.20]
	at org.apache.catalina.core.ApplicationFilterChain.doFilter(ApplicationFilterChain.java:150) ~[tomcat-embed-core-10.1.20.jar:10.1.20]
	at org.springframework.web.filter.FormContentFilter.doFilterInternal(FormContentFilter.java:93) ~[spring-web-6.1.6.jar:6.1.6]
	at org.springframework.web.filter.OncePerRequestFilter.doFilter(OncePerRequestFilter.java:116) ~[spring-web-6.1.6.jar:6.1.6]
	at org.apache.catalina.core.ApplicationFilterChain.internalDoFilter(ApplicationFilterChain.java:175) ~[tomcat-embed-core-10.1.20.jar:10.1.20]
	at org.apache.catalina.core.ApplicationFilterChain.doFilter(ApplicationFilterChain.java:150) ~[tomcat-embed-core-10.1.20.jar:10.1.20]
	at org.springframework.web.filter.CharacterEncodingFilter.doFilterInternal(CharacterEncodingFilter.java:201) ~[spring-web-6.1.6.jar:6.1.6]
	at org.springframework.web.filter.OncePerRequestFilter.doFilter(OncePerRequestFilter.java:116) ~[spring-web-6.1.6.jar:6.1.6]
	at org.apache.catalina.core.ApplicationFilterChain.internalDoFilter(ApplicationFilterChain.java:175) ~[tomcat-embed-core-10.1.20.jar:10.1.20]
	at org.apache.catalina.core.ApplicationFilterChain.doFilter(ApplicationFilterChain.java:150) ~[tomcat-embed-core-10.1.20.jar:10.1.20]
	at org.apache.catalina.core.StandardWrapperValve.invoke(StandardWrapperValve.java:167) ~[tomcat-embed-core-10.1.20.jar:10.1.20]
	at org.apache.catalina.core.StandardContextValve.invoke(StandardContextValve.java:90) ~[tomcat-embed-core-10.1.20.jar:10.1.20]
	at org.apache.catalina.authenticator.AuthenticatorBase.invoke(AuthenticatorBase.java:482) ~[tomcat-embed-core-10.1.20.jar:10.1.20]
	at org.apache.catalina.core.StandardHostValve.invoke(StandardHostValve.java:115) ~[tomcat-embed-core-10.1.20.jar:10.1.20]
	at org.apache.catalina.valves.ErrorReportValve.invoke(ErrorReportValve.java:93) ~[tomcat-embed-core-10.1.20.jar:10.1.20]
	at org.apache.catalina.core.StandardEngineValve.invoke(StandardEngineValve.java:74) ~[tomcat-embed-core-10.1.20.jar:10.1.20]
	at org.apache.catalina.connector.CoyoteAdapter.service(CoyoteAdapter.java:344) ~[tomcat-embed-core-10.1.20.jar:10.1.20]
	at org.apache.coyote.http11.Http11Processor.service(Http11Processor.java:391) ~[tomcat-embed-core-10.1.20.jar:10.1.20]
	at org.apache.coyote.AbstractProcessorLight.process(AbstractProcessorLight.java:63) ~[tomcat-embed-core-10.1.20.jar:10.1.20]
	at org.apache.coyote.AbstractProtocol$ConnectionHandler.process(AbstractProtocol.java:896) ~[tomcat-embed-core-10.1.20.jar:10.1.20]
	at org.apache.tomcat.util.net.NioEndpoint$SocketProcessor.doRun(NioEndpoint.java:1736) ~[tomcat-embed-core-10.1.20.jar:10.1.20]
	at org.apache.tomcat.util.net.SocketProcessorBase.run(SocketProcessorBase.java:52) ~[tomcat-embed-core-10.1.20.jar:10.1.20]
	at org.apache.tomcat.util.threads.ThreadPoolExecutor.runWorker(ThreadPoolExecutor.java:1191) ~[tomcat-embed-core-10.1.20.jar:10.1.20]
	at org.apache.tomcat.util.threads.ThreadPoolExecutor$Worker.run(ThreadPoolExecutor.java:659) ~[tomcat-embed-core-10.1.20.jar:10.1.20]
	at org.apache.tomcat.util.threads.TaskThread$WrappingRunnable.run(TaskThread.java:63) ~[tomcat-embed-core-10.1.20.jar:10.1.20]
	at java.base/java.lang.Thread.run(Thread.java:1583) ~[na:na]

2025-07-30T20:10:51.299-03:00 DEBUG 8952 --- [tastemanager] [http-nio-8080-exec-10] o.s.web.servlet.DispatcherServlet        : "ERROR" dispatch for POST "/error", parameters={}
2025-07-30T20:10:51.299-03:00 DEBUG 8952 --- [tastemanager] [http-nio-8080-exec-10] s.w.s.m.m.a.RequestMappingHandlerMapping : Mapped to org.springframework.boot.autoconfigure.web.servlet.error.BasicErrorController#error(HttpServletRequest)
2025-07-30T20:10:51.302-03:00 DEBUG 8952 --- [tastemanager] [http-nio-8080-exec-10] o.s.w.s.m.m.a.HttpEntityMethodProcessor  : Using 'application/json', given [*/*] and supported [application/json, application/*+json]
2025-07-30T20:10:51.302-03:00 DEBUG 8952 --- [tastemanager] [http-nio-8080-exec-10] o.s.w.s.m.m.a.HttpEntityMethodProcessor  : Writing [{timestamp=Wed Jul 30 20:10:51 BRT 2025, status=500, error=Internal Server Error, path=/menu/create/ (truncated)...]
2025-07-30T20:10:51.302-03:00 DEBUG 8952 --- [tastemanager] [http-nio-8080-exec-10] o.s.web.servlet.DispatcherServlet        : Exiting from "ERROR" dispatch, status 500
2025-07-30T20:11:10.281-03:00  INFO 8952 --- [tastemanager] [SpringApplicationShutdownHook] j.LocalContainerEntityManagerFactoryBean : Closing JPA EntityManagerFactory for persistence unit 'default'
2025-07-30T20:11:10.298-03:00  INFO 8952 --- [tastemanager] [SpringApplicationShutdownHook] com.zaxxer.hikari.HikariDataSource       : HikariPool-1 - Shutdown initiated...
2025-07-30T20:11:10.314-03:00  INFO 8952 --- [tastemanager] [SpringApplicationShutdownHook] com.zaxxer.hikari.HikariDataSource       : HikariPool-1 - Shutdown completed.
2025-07-30T20:11:16.617-03:00  INFO 33204 --- [tastemanager] [main] b.c.t.TasteManagerApplication            : Starting TasteManagerApplication using Java 21.0.7 with PID 33204 (C:\Users\silva\Projects\FIAP\tastemanager\target\classes started by silva in C:\Users\silva\Projects\FIAP\tastemanager)
2025-07-30T20:11:16.621-03:00  INFO 33204 --- [tastemanager] [main] b.c.t.TasteManagerApplication            : No active profile set, falling back to 1 default profile: "default"
2025-07-30T20:11:18.436-03:00  INFO 33204 --- [tastemanager] [main] .s.d.r.c.RepositoryConfigurationDelegate : Bootstrapping Spring Data JPA repositories in DEFAULT mode.
2025-07-30T20:11:18.593-03:00  INFO 33204 --- [tastemanager] [main] .s.d.r.c.RepositoryConfigurationDelegate : Finished Spring Data repository scanning in 140 ms. Found 4 JPA repository interfaces.
2025-07-30T20:11:19.779-03:00  INFO 33204 --- [tastemanager] [main] o.s.b.w.embedded.tomcat.TomcatWebServer  : Tomcat initialized with port 8080 (http)
2025-07-30T20:11:19.811-03:00  INFO 33204 --- [tastemanager] [main] o.apache.catalina.core.StandardService   : Starting service [Tomcat]
2025-07-30T20:11:19.812-03:00  INFO 33204 --- [tastemanager] [main] o.apache.catalina.core.StandardEngine    : Starting Servlet engine: [Apache Tomcat/10.1.20]
2025-07-30T20:11:19.922-03:00  INFO 33204 --- [tastemanager] [main] o.a.c.c.C.[Tomcat].[localhost].[/]       : Initializing Spring embedded WebApplicationContext
2025-07-30T20:11:19.923-03:00  INFO 33204 --- [tastemanager] [main] w.s.c.ServletWebServerApplicationContext : Root WebApplicationContext: initialization completed in 3188 ms
2025-07-30T20:11:19.979-03:00  INFO 33204 --- [tastemanager] [main] com.zaxxer.hikari.HikariDataSource       : HikariPool-1 - Starting...
2025-07-30T20:11:20.366-03:00  INFO 33204 --- [tastemanager] [main] com.zaxxer.hikari.pool.HikariPool        : HikariPool-1 - Added connection conn0: url=jdbc:h2:mem:tastmanagerdb user=SA
2025-07-30T20:11:20.370-03:00  INFO 33204 --- [tastemanager] [main] com.zaxxer.hikari.HikariDataSource       : HikariPool-1 - Start completed.
2025-07-30T20:11:20.394-03:00  INFO 33204 --- [tastemanager] [main] o.s.b.a.h2.H2ConsoleAutoConfiguration    : H2 console available at '/h2-console'. Database available at 'jdbc:h2:mem:tastmanagerdb'
2025-07-30T20:11:20.661-03:00  INFO 33204 --- [tastemanager] [main] o.hibernate.jpa.internal.util.LogHelper  : HHH000204: Processing PersistenceUnitInfo [name: default]
2025-07-30T20:11:20.775-03:00  INFO 33204 --- [tastemanager] [main] org.hibernate.Version                    : HHH000412: Hibernate ORM core version 6.4.4.Final
2025-07-30T20:11:20.849-03:00  INFO 33204 --- [tastemanager] [main] o.h.c.internal.RegionFactoryInitiator    : HHH000026: Second-level cache disabled
2025-07-30T20:11:21.374-03:00  INFO 33204 --- [tastemanager] [main] o.s.o.j.p.SpringPersistenceUnitInfo      : No LoadTimeWeaver setup: ignoring JPA class transformer
2025-07-30T20:11:21.445-03:00  WARN 33204 --- [tastemanager] [main] org.hibernate.orm.deprecation            : HHH90000025: H2Dialect does not need to be specified explicitly using 'hibernate.dialect' (remove the property setting and it will be selected by default)
2025-07-30T20:11:23.105-03:00  INFO 33204 --- [tastemanager] [main] o.h.e.t.j.p.i.JtaPlatformInitiator       : HHH000489: No JTA platform available (set 'hibernate.transaction.jta.platform' to enable JTA platform integration)
2025-07-30T20:11:23.263-03:00  INFO 33204 --- [tastemanager] [main] j.LocalContainerEntityManagerFactoryBean : Initialized JPA EntityManagerFactory for persistence unit 'default'
2025-07-30T20:11:24.008-03:00  INFO 33204 --- [tastemanager] [main] o.s.d.j.r.query.QueryEnhancerFactory     : Hibernate is in classpath; If applicable, HQL parser will be used.
2025-07-30T20:11:25.121-03:00  WARN 33204 --- [tastemanager] [main] JpaBaseConfiguration$JpaWebConfiguration : spring.jpa.open-in-view is enabled by default. Therefore, database queries may be performed during view rendering. Explicitly configure spring.jpa.open-in-view to disable this warning
2025-07-30T20:11:25.447-03:00 DEBUG 33204 --- [tastemanager] [main] s.w.s.m.m.a.RequestMappingHandlerMapping : 27 mappings in 'requestMappingHandlerMapping'
2025-07-30T20:11:25.637-03:00 DEBUG 33204 --- [tastemanager] [main] o.s.w.s.handler.SimpleUrlHandlerMapping  : Patterns [/webjars/**, /**, /swagger-ui*/*swagger-initializer.js, /swagger-ui*/**] in 'resourceHandlerMapping'
2025-07-30T20:11:25.714-03:00 DEBUG 33204 --- [tastemanager] [main] s.w.s.m.m.a.RequestMappingHandlerAdapter : ControllerAdvice beans: 0 @ModelAttribute, 0 @InitBinder, 1 RequestBodyAdvice, 1 ResponseBodyAdvice
2025-07-30T20:11:25.787-03:00 DEBUG 33204 --- [tastemanager] [main] .m.m.a.ExceptionHandlerExceptionResolver : ControllerAdvice beans: 2 @ExceptionHandler, 1 ResponseBodyAdvice
2025-07-30T20:11:26.228-03:00  INFO 33204 --- [tastemanager] [main] o.s.b.w.embedded.tomcat.TomcatWebServer  : Tomcat started on port 8080 (http) with context path ''
2025-07-30T20:11:26.254-03:00  INFO 33204 --- [tastemanager] [main] b.c.t.TasteManagerApplication            : Started TasteManagerApplication in 10.548 seconds (process running for 11.274)
2025-07-30T20:11:31.348-03:00  INFO 33204 --- [tastemanager] [http-nio-8080-exec-2] o.a.c.c.C.[Tomcat].[localhost].[/]       : Initializing Spring DispatcherServlet 'dispatcherServlet'
2025-07-30T20:11:31.349-03:00  INFO 33204 --- [tastemanager] [http-nio-8080-exec-2] o.s.web.servlet.DispatcherServlet        : Initializing Servlet 'dispatcherServlet'
2025-07-30T20:11:31.349-03:00 DEBUG 33204 --- [tastemanager] [http-nio-8080-exec-2] o.s.web.servlet.DispatcherServlet        : Detected StandardServletMultipartResolver
2025-07-30T20:11:31.349-03:00 DEBUG 33204 --- [tastemanager] [http-nio-8080-exec-2] o.s.web.servlet.DispatcherServlet        : Detected AcceptHeaderLocaleResolver
2025-07-30T20:11:31.349-03:00 DEBUG 33204 --- [tastemanager] [http-nio-8080-exec-2] o.s.web.servlet.DispatcherServlet        : Detected FixedThemeResolver
2025-07-30T20:11:31.350-03:00 DEBUG 33204 --- [tastemanager] [http-nio-8080-exec-2] o.s.web.servlet.DispatcherServlet        : Detected org.springframework.web.servlet.view.DefaultRequestToViewNameTranslator@445265b0
2025-07-30T20:11:31.351-03:00 DEBUG 33204 --- [tastemanager] [http-nio-8080-exec-2] o.s.web.servlet.DispatcherServlet        : Detected org.springframework.web.servlet.support.SessionFlashMapManager@730c9287
2025-07-30T20:11:31.356-03:00 DEBUG 33204 --- [tastemanager] [http-nio-8080-exec-2] o.s.web.servlet.DispatcherServlet        : enableLoggingRequestDetails='false': request parameters and headers will be masked to prevent unsafe logging of potentially sensitive data
2025-07-30T20:11:31.359-03:00  INFO 33204 --- [tastemanager] [http-nio-8080-exec-2] o.s.web.servlet.DispatcherServlet        : Completed initialization in 9 ms
2025-07-30T20:11:31.378-03:00 DEBUG 33204 --- [tastemanager] [http-nio-8080-exec-2] o.s.web.servlet.DispatcherServlet        : POST "/menu/create/2", parameters={}
2025-07-30T20:11:31.404-03:00 DEBUG 33204 --- [tastemanager] [http-nio-8080-exec-2] s.w.s.m.m.a.RequestMappingHandlerMapping : Mapped to br.com.tastemanager.controller.MenuController#createMenu(Long, MenuRequestDTO)
2025-07-30T20:11:31.633-03:00 DEBUG 33204 --- [tastemanager] [http-nio-8080-exec-2] m.m.a.RequestResponseBodyMethodProcessor : Read "application/json;charset=UTF-8" to [br.com.tastemanager.dto.request.MenuRequestDTO@2b7d8f60]
2025-07-30T20:11:31.883-03:00 DEBUG 33204 --- [tastemanager] [http-nio-8080-exec-2] o.s.w.s.m.m.a.HttpEntityMethodProcessor  : Using 'application/json', given [*/*] and supported [application/json, application/*+json]
2025-07-30T20:11:31.887-03:00 DEBUG 33204 --- [tastemanager] [http-nio-8080-exec-2] o.s.w.s.m.m.a.HttpEntityMethodProcessor  : Writing [br.com.tastemanager.dto.response.MenuResponseDTO@487a9e83]
2025-07-30T20:11:31.913-03:00 DEBUG 33204 --- [tastemanager] [http-nio-8080-exec-2] o.s.web.servlet.DispatcherServlet        : Completed 201 CREATED
2025-07-30T20:11:34.410-03:00 DEBUG 33204 --- [tastemanager] [http-nio-8080-exec-4] o.s.web.servlet.DispatcherServlet        : POST "/menu/create/2", parameters={}
2025-07-30T20:11:34.412-03:00 DEBUG 33204 --- [tastemanager] [http-nio-8080-exec-4] s.w.s.m.m.a.RequestMappingHandlerMapping : Mapped to br.com.tastemanager.controller.MenuController#createMenu(Long, MenuRequestDTO)
2025-07-30T20:11:34.414-03:00 DEBUG 33204 --- [tastemanager] [http-nio-8080-exec-4] m.m.a.RequestResponseBodyMethodProcessor : Read "application/json;charset=UTF-8" to [br.com.tastemanager.dto.request.MenuRequestDTO@39ae2d18]
2025-07-30T20:11:34.443-03:00 DEBUG 33204 --- [tastemanager] [http-nio-8080-exec-4] o.s.w.s.m.m.a.HttpEntityMethodProcessor  : Using 'application/json', given [*/*] and supported [application/json, application/*+json]
2025-07-30T20:11:34.445-03:00 DEBUG 33204 --- [tastemanager] [http-nio-8080-exec-4] o.s.w.s.m.m.a.HttpEntityMethodProcessor  : Writing [br.com.tastemanager.dto.response.MenuResponseDTO@14cee9bc]
2025-07-30T20:11:34.445-03:00 DEBUG 33204 --- [tastemanager] [http-nio-8080-exec-4] o.s.web.servlet.DispatcherServlet        : Completed 201 CREATED
2025-07-30T20:14:40.818-03:00  INFO 33204 --- [tastemanager] [SpringApplicationShutdownHook] j.LocalContainerEntityManagerFactoryBean : Closing JPA EntityManagerFactory for persistence unit 'default'
2025-07-30T20:14:40.823-03:00  INFO 33204 --- [tastemanager] [SpringApplicationShutdownHook] com.zaxxer.hikari.HikariDataSource       : HikariPool-1 - Shutdown initiated...
2025-07-30T20:14:40.836-03:00  INFO 33204 --- [tastemanager] [SpringApplicationShutdownHook] com.zaxxer.hikari.HikariDataSource       : HikariPool-1 - Shutdown completed.
2025-07-30T20:15:06.503-03:00  INFO 27720 --- [tastemanager] [main] b.c.t.TasteManagerApplication            : Starting TasteManagerApplication using Java 21.0.7 with PID 27720 (C:\Users\silva\Projects\FIAP\tastemanager\target\classes started by silva in C:\Users\silva\Projects\FIAP\tastemanager)
2025-07-30T20:15:06.507-03:00  INFO 27720 --- [tastemanager] [main] b.c.t.TasteManagerApplication            : No active profile set, falling back to 1 default profile: "default"
2025-07-30T20:15:08.326-03:00  INFO 27720 --- [tastemanager] [main] .s.d.r.c.RepositoryConfigurationDelegate : Bootstrapping Spring Data JPA repositories in DEFAULT mode.
2025-07-30T20:15:08.482-03:00  INFO 27720 --- [tastemanager] [main] .s.d.r.c.RepositoryConfigurationDelegate : Finished Spring Data repository scanning in 138 ms. Found 4 JPA repository interfaces.
2025-07-30T20:15:09.613-03:00  INFO 27720 --- [tastemanager] [main] o.s.b.w.embedded.tomcat.TomcatWebServer  : Tomcat initialized with port 8080 (http)
2025-07-30T20:15:09.640-03:00  INFO 27720 --- [tastemanager] [main] o.apache.catalina.core.StandardService   : Starting service [Tomcat]
2025-07-30T20:15:09.640-03:00  INFO 27720 --- [tastemanager] [main] o.apache.catalina.core.StandardEngine    : Starting Servlet engine: [Apache Tomcat/10.1.20]
2025-07-30T20:15:09.757-03:00  INFO 27720 --- [tastemanager] [main] o.a.c.c.C.[Tomcat].[localhost].[/]       : Initializing Spring embedded WebApplicationContext
2025-07-30T20:15:09.757-03:00  INFO 27720 --- [tastemanager] [main] w.s.c.ServletWebServerApplicationContext : Root WebApplicationContext: initialization completed in 3119 ms
2025-07-30T20:15:09.810-03:00  INFO 27720 --- [tastemanager] [main] com.zaxxer.hikari.HikariDataSource       : HikariPool-1 - Starting...
2025-07-30T20:15:10.173-03:00  INFO 27720 --- [tastemanager] [main] com.zaxxer.hikari.pool.HikariPool        : HikariPool-1 - Added connection conn0: url=jdbc:h2:mem:tastmanagerdb user=SA
2025-07-30T20:15:10.177-03:00  INFO 27720 --- [tastemanager] [main] com.zaxxer.hikari.HikariDataSource       : HikariPool-1 - Start completed.
2025-07-30T20:15:10.195-03:00  INFO 27720 --- [tastemanager] [main] o.s.b.a.h2.H2ConsoleAutoConfiguration    : H2 console available at '/h2-console'. Database available at 'jdbc:h2:mem:tastmanagerdb'
2025-07-30T20:15:10.440-03:00  INFO 27720 --- [tastemanager] [main] o.hibernate.jpa.internal.util.LogHelper  : HHH000204: Processing PersistenceUnitInfo [name: default]
2025-07-30T20:15:10.542-03:00  INFO 27720 --- [tastemanager] [main] org.hibernate.Version                    : HHH000412: Hibernate ORM core version 6.4.4.Final
2025-07-30T20:15:10.613-03:00  INFO 27720 --- [tastemanager] [main] o.h.c.internal.RegionFactoryInitiator    : HHH000026: Second-level cache disabled
2025-07-30T20:15:11.087-03:00  INFO 27720 --- [tastemanager] [main] o.s.o.j.p.SpringPersistenceUnitInfo      : No LoadTimeWeaver setup: ignoring JPA class transformer
2025-07-30T20:15:11.179-03:00  WARN 27720 --- [tastemanager] [main] org.hibernate.orm.deprecation            : HHH90000025: H2Dialect does not need to be specified explicitly using 'hibernate.dialect' (remove the property setting and it will be selected by default)
2025-07-30T20:15:11.593-03:00 ERROR 27720 --- [tastemanager] [main] j.LocalContainerEntityManagerFactoryBean : Failed to initialize JPA EntityManagerFactory: Collection 'br.com.tastemanager.entity.Menu.items' is 'mappedBy' a property named 'menu' which does not exist in the target entity 'br.com.tastemanager.entity.MenuItem'
2025-07-30T20:15:11.594-03:00  WARN 27720 --- [tastemanager] [main] ConfigServletWebServerApplicationContext : Exception encountered during context initialization - cancelling refresh attempt: org.springframework.beans.factory.BeanCreationException: Error creating bean with name 'entityManagerFactory' defined in class path resource [org/springframework/boot/autoconfigure/orm/jpa/HibernateJpaConfiguration.class]: Collection 'br.com.tastemanager.entity.Menu.items' is 'mappedBy' a property named 'menu' which does not exist in the target entity 'br.com.tastemanager.entity.MenuItem'
2025-07-30T20:15:11.595-03:00  INFO 27720 --- [tastemanager] [main] com.zaxxer.hikari.HikariDataSource       : HikariPool-1 - Shutdown initiated...
2025-07-30T20:15:11.601-03:00  INFO 27720 --- [tastemanager] [main] com.zaxxer.hikari.HikariDataSource       : HikariPool-1 - Shutdown completed.
2025-07-30T20:15:11.608-03:00  INFO 27720 --- [tastemanager] [main] o.apache.catalina.core.StandardService   : Stopping service [Tomcat]
2025-07-30T20:15:11.627-03:00  INFO 27720 --- [tastemanager] [main] .s.b.a.l.ConditionEvaluationReportLogger : 

Error starting ApplicationContext. To display the condition evaluation report re-run your application with 'debug' enabled.
2025-07-30T20:15:11.660-03:00 ERROR 27720 --- [tastemanager] [main] o.s.boot.SpringApplication               : Application run failed

org.springframework.beans.factory.BeanCreationException: Error creating bean with name 'entityManagerFactory' defined in class path resource [org/springframework/boot/autoconfigure/orm/jpa/HibernateJpaConfiguration.class]: Collection 'br.com.tastemanager.entity.Menu.items' is 'mappedBy' a property named 'menu' which does not exist in the target entity 'br.com.tastemanager.entity.MenuItem'
	at org.springframework.beans.factory.support.AbstractAutowireCapableBeanFactory.initializeBean(AbstractAutowireCapableBeanFactory.java:1786) ~[spring-beans-6.1.6.jar:6.1.6]
	at org.springframework.beans.factory.support.AbstractAutowireCapableBeanFactory.doCreateBean(AbstractAutowireCapableBeanFactory.java:600) ~[spring-beans-6.1.6.jar:6.1.6]
	at org.springframework.beans.factory.support.AbstractAutowireCapableBeanFactory.createBean(AbstractAutowireCapableBeanFactory.java:522) ~[spring-beans-6.1.6.jar:6.1.6]
	at org.springframework.beans.factory.support.AbstractBeanFactory.lambda$doGetBean$0(AbstractBeanFactory.java:326) ~[spring-beans-6.1.6.jar:6.1.6]
	at org.springframework.beans.factory.support.DefaultSingletonBeanRegistry.getSingleton(DefaultSingletonBeanRegistry.java:234) ~[spring-beans-6.1.6.jar:6.1.6]
	at org.springframework.beans.factory.support.AbstractBeanFactory.doGetBean(AbstractBeanFactory.java:324) ~[spring-beans-6.1.6.jar:6.1.6]
	at org.springframework.beans.factory.support.AbstractBeanFactory.getBean(AbstractBeanFactory.java:200) ~[spring-beans-6.1.6.jar:6.1.6]
	at org.springframework.context.support.AbstractApplicationContext.getBean(AbstractApplicationContext.java:1234) ~[spring-context-6.1.6.jar:6.1.6]
	at org.springframework.context.support.AbstractApplicationContext.finishBeanFactoryInitialization(AbstractApplicationContext.java:952) ~[spring-context-6.1.6.jar:6.1.6]
	at org.springframework.context.support.AbstractApplicationContext.refresh(AbstractApplicationContext.java:624) ~[spring-context-6.1.6.jar:6.1.6]
	at org.springframework.boot.web.servlet.context.ServletWebServerApplicationContext.refresh(ServletWebServerApplicationContext.java:146) ~[spring-boot-3.2.5.jar:3.2.5]
	at org.springframework.boot.SpringApplication.refresh(SpringApplication.java:754) ~[spring-boot-3.2.5.jar:3.2.5]
	at org.springframework.boot.SpringApplication.refreshContext(SpringApplication.java:456) ~[spring-boot-3.2.5.jar:3.2.5]
	at org.springframework.boot.SpringApplication.run(SpringApplication.java:334) ~[spring-boot-3.2.5.jar:3.2.5]
	at org.springframework.boot.SpringApplication.run(SpringApplication.java:1354) ~[spring-boot-3.2.5.jar:3.2.5]
	at org.springframework.boot.SpringApplication.run(SpringApplication.java:1343) ~[spring-boot-3.2.5.jar:3.2.5]
	at br.com.tastemanager.TasteManagerApplication.main(TasteManagerApplication.java:9) ~[classes/:na]
Caused by: org.hibernate.AnnotationException: Collection 'br.com.tastemanager.entity.Menu.items' is 'mappedBy' a property named 'menu' which does not exist in the target entity 'br.com.tastemanager.entity.MenuItem'
	at org.hibernate.boot.model.internal.CollectionBinder.isReversePropertyInJoin(CollectionBinder.java:1622) ~[hibernate-core-6.4.4.Final.jar:6.4.4.Final]
	at org.hibernate.boot.model.internal.CollectionBinder.noAssociationTable(CollectionBinder.java:1636) ~[hibernate-core-6.4.4.Final.jar:6.4.4.Final]
	at org.hibernate.boot.model.internal.CollectionBinder.bindStarToManySecondPass(CollectionBinder.java:1597) ~[hibernate-core-6.4.4.Final.jar:6.4.4.Final]
	at org.hibernate.boot.model.internal.CollectionBinder$1.secondPass(CollectionBinder.java:1588) ~[hibernate-core-6.4.4.Final.jar:6.4.4.Final]
	at org.hibernate.boot.model.internal.CollectionSecondPass.doSecondPass(CollectionSecondPass.java:45) ~[hibernate-core-6.4.4.Final.jar:6.4.4.Final]
	at org.hibernate.boot.internal.InFlightMetadataCollectorImpl.processSecondPasses(InFlightMetadataCollectorImpl.java:1815) ~[hibernate-core-6.4.4.Final.jar:6.4.4.Final]
	at org.hibernate.boot.internal.InFlightMetadataCollectorImpl.processSecondPasses(InFlightMetadataCollectorImpl.java:1774) ~[hibernate-core-6.4.4.Final.jar:6.4.4.Final]
	at org.hibernate.boot.model.process.spi.MetadataBuildingProcess.complete(MetadataBuildingProcess.java:332) ~[hibernate-core-6.4.4.Final.jar:6.4.4.Final]
	at org.hibernate.jpa.boot.internal.EntityManagerFactoryBuilderImpl.metadata(EntityManagerFactoryBuilderImpl.java:1432) ~[hibernate-core-6.4.4.Final.jar:6.4.4.Final]
	at org.hibernate.jpa.boot.internal.EntityManagerFactoryBuilderImpl.build(EntityManagerFactoryBuilderImpl.java:1503) ~[hibernate-core-6.4.4.Final.jar:6.4.4.Final]
	at org.springframework.orm.jpa.vendor.SpringHibernateJpaPersistenceProvider.createContainerEntityManagerFactory(SpringHibernateJpaPersistenceProvider.java:75) ~[spring-orm-6.1.6.jar:6.1.6]
	at org.springframework.orm.jpa.LocalContainerEntityManagerFactoryBean.createNativeEntityManagerFactory(LocalContainerEntityManagerFactoryBean.java:390) ~[spring-orm-6.1.6.jar:6.1.6]
	at org.springframework.orm.jpa.AbstractEntityManagerFactoryBean.buildNativeEntityManagerFactory(AbstractEntityManagerFactoryBean.java:409) ~[spring-orm-6.1.6.jar:6.1.6]
	at org.springframework.orm.jpa.AbstractEntityManagerFactoryBean.afterPropertiesSet(AbstractEntityManagerFactoryBean.java:396) ~[spring-orm-6.1.6.jar:6.1.6]
	at org.springframework.orm.jpa.LocalContainerEntityManagerFactoryBean.afterPropertiesSet(LocalContainerEntityManagerFactoryBean.java:366) ~[spring-orm-6.1.6.jar:6.1.6]
	at org.springframework.beans.factory.support.AbstractAutowireCapableBeanFactory.invokeInitMethods(AbstractAutowireCapableBeanFactory.java:1833) ~[spring-beans-6.1.6.jar:6.1.6]
	at org.springframework.beans.factory.support.AbstractAutowireCapableBeanFactory.initializeBean(AbstractAutowireCapableBeanFactory.java:1782) ~[spring-beans-6.1.6.jar:6.1.6]
	... 16 common frames omitted

2025-07-30T20:16:21.515-03:00  INFO 23728 --- [tastemanager] [main] b.c.t.TasteManagerApplication            : Starting TasteManagerApplication using Java 21.0.7 with PID 23728 (C:\Users\silva\Projects\FIAP\tastemanager\target\classes started by silva in C:\Users\silva\Projects\FIAP\tastemanager)
2025-07-30T20:16:21.519-03:00  INFO 23728 --- [tastemanager] [main] b.c.t.TasteManagerApplication            : No active profile set, falling back to 1 default profile: "default"
2025-07-30T20:16:23.440-03:00  INFO 23728 --- [tastemanager] [main] .s.d.r.c.RepositoryConfigurationDelegate : Bootstrapping Spring Data JPA repositories in DEFAULT mode.
2025-07-30T20:16:23.644-03:00  INFO 23728 --- [tastemanager] [main] .s.d.r.c.RepositoryConfigurationDelegate : Finished Spring Data repository scanning in 186 ms. Found 4 JPA repository interfaces.
2025-07-30T20:16:24.892-03:00  INFO 23728 --- [tastemanager] [main] o.s.b.w.embedded.tomcat.TomcatWebServer  : Tomcat initialized with port 8080 (http)
2025-07-30T20:16:24.914-03:00  INFO 23728 --- [tastemanager] [main] o.apache.catalina.core.StandardService   : Starting service [Tomcat]
2025-07-30T20:16:24.914-03:00  INFO 23728 --- [tastemanager] [main] o.apache.catalina.core.StandardEngine    : Starting Servlet engine: [Apache Tomcat/10.1.20]
2025-07-30T20:16:25.019-03:00  INFO 23728 --- [tastemanager] [main] o.a.c.c.C.[Tomcat].[localhost].[/]       : Initializing Spring embedded WebApplicationContext
2025-07-30T20:16:25.019-03:00  INFO 23728 --- [tastemanager] [main] w.s.c.ServletWebServerApplicationContext : Root WebApplicationContext: initialization completed in 3401 ms
2025-07-30T20:16:25.074-03:00  INFO 23728 --- [tastemanager] [main] com.zaxxer.hikari.HikariDataSource       : HikariPool-1 - Starting...
2025-07-30T20:16:25.442-03:00  INFO 23728 --- [tastemanager] [main] com.zaxxer.hikari.pool.HikariPool        : HikariPool-1 - Added connection conn0: url=jdbc:h2:mem:tastmanagerdb user=SA
2025-07-30T20:16:25.445-03:00  INFO 23728 --- [tastemanager] [main] com.zaxxer.hikari.HikariDataSource       : HikariPool-1 - Start completed.
2025-07-30T20:16:25.461-03:00  INFO 23728 --- [tastemanager] [main] o.s.b.a.h2.H2ConsoleAutoConfiguration    : H2 console available at '/h2-console'. Database available at 'jdbc:h2:mem:tastmanagerdb'
2025-07-30T20:16:25.718-03:00  INFO 23728 --- [tastemanager] [main] o.hibernate.jpa.internal.util.LogHelper  : HHH000204: Processing PersistenceUnitInfo [name: default]
2025-07-30T20:16:25.835-03:00  INFO 23728 --- [tastemanager] [main] org.hibernate.Version                    : HHH000412: Hibernate ORM core version 6.4.4.Final
2025-07-30T20:16:25.904-03:00  INFO 23728 --- [tastemanager] [main] o.h.c.internal.RegionFactoryInitiator    : HHH000026: Second-level cache disabled
2025-07-30T20:16:26.350-03:00  INFO 23728 --- [tastemanager] [main] o.s.o.j.p.SpringPersistenceUnitInfo      : No LoadTimeWeaver setup: ignoring JPA class transformer
2025-07-30T20:16:26.410-03:00  WARN 23728 --- [tastemanager] [main] org.hibernate.orm.deprecation            : HHH90000025: H2Dialect does not need to be specified explicitly using 'hibernate.dialect' (remove the property setting and it will be selected by default)
2025-07-30T20:16:28.017-03:00  INFO 23728 --- [tastemanager] [main] o.h.e.t.j.p.i.JtaPlatformInitiator       : HHH000489: No JTA platform available (set 'hibernate.transaction.jta.platform' to enable JTA platform integration)
2025-07-30T20:16:28.164-03:00  INFO 23728 --- [tastemanager] [main] j.LocalContainerEntityManagerFactoryBean : Initialized JPA EntityManagerFactory for persistence unit 'default'
2025-07-30T20:16:28.829-03:00  INFO 23728 --- [tastemanager] [main] o.s.d.j.r.query.QueryEnhancerFactory     : Hibernate is in classpath; If applicable, HQL parser will be used.
2025-07-30T20:16:29.934-03:00  WARN 23728 --- [tastemanager] [main] JpaBaseConfiguration$JpaWebConfiguration : spring.jpa.open-in-view is enabled by default. Therefore, database queries may be performed during view rendering. Explicitly configure spring.jpa.open-in-view to disable this warning
2025-07-30T20:16:30.166-03:00 DEBUG 23728 --- [tastemanager] [main] s.w.s.m.m.a.RequestMappingHandlerMapping : 27 mappings in 'requestMappingHandlerMapping'
2025-07-30T20:16:30.354-03:00 DEBUG 23728 --- [tastemanager] [main] o.s.w.s.handler.SimpleUrlHandlerMapping  : Patterns [/webjars/**, /**, /swagger-ui*/*swagger-initializer.js, /swagger-ui*/**] in 'resourceHandlerMapping'
2025-07-30T20:16:30.429-03:00 DEBUG 23728 --- [tastemanager] [main] s.w.s.m.m.a.RequestMappingHandlerAdapter : ControllerAdvice beans: 0 @ModelAttribute, 0 @InitBinder, 1 RequestBodyAdvice, 1 ResponseBodyAdvice
2025-07-30T20:16:30.496-03:00 DEBUG 23728 --- [tastemanager] [main] .m.m.a.ExceptionHandlerExceptionResolver : ControllerAdvice beans: 2 @ExceptionHandler, 1 ResponseBodyAdvice
2025-07-30T20:16:30.896-03:00  INFO 23728 --- [tastemanager] [main] o.s.b.w.embedded.tomcat.TomcatWebServer  : Tomcat started on port 8080 (http) with context path ''
2025-07-30T20:16:30.912-03:00  INFO 23728 --- [tastemanager] [main] b.c.t.TasteManagerApplication            : Started TasteManagerApplication in 10.164 seconds (process running for 10.956)
2025-07-30T20:16:40.016-03:00  INFO 23728 --- [tastemanager] [http-nio-8080-exec-2] o.a.c.c.C.[Tomcat].[localhost].[/]       : Initializing Spring DispatcherServlet 'dispatcherServlet'
2025-07-30T20:16:40.016-03:00  INFO 23728 --- [tastemanager] [http-nio-8080-exec-2] o.s.web.servlet.DispatcherServlet        : Initializing Servlet 'dispatcherServlet'
2025-07-30T20:16:40.016-03:00 DEBUG 23728 --- [tastemanager] [http-nio-8080-exec-2] o.s.web.servlet.DispatcherServlet        : Detected StandardServletMultipartResolver
2025-07-30T20:16:40.016-03:00 DEBUG 23728 --- [tastemanager] [http-nio-8080-exec-2] o.s.web.servlet.DispatcherServlet        : Detected AcceptHeaderLocaleResolver
2025-07-30T20:16:40.018-03:00 DEBUG 23728 --- [tastemanager] [http-nio-8080-exec-2] o.s.web.servlet.DispatcherServlet        : Detected FixedThemeResolver
2025-07-30T20:16:40.024-03:00 DEBUG 23728 --- [tastemanager] [http-nio-8080-exec-2] o.s.web.servlet.DispatcherServlet        : Detected org.springframework.web.servlet.view.DefaultRequestToViewNameTranslator@7e544223
2025-07-30T20:16:40.026-03:00 DEBUG 23728 --- [tastemanager] [http-nio-8080-exec-2] o.s.web.servlet.DispatcherServlet        : Detected org.springframework.web.servlet.support.SessionFlashMapManager@32b5b8f8
2025-07-30T20:16:40.028-03:00 DEBUG 23728 --- [tastemanager] [http-nio-8080-exec-2] o.s.web.servlet.DispatcherServlet        : enableLoggingRequestDetails='false': request parameters and headers will be masked to prevent unsafe logging of potentially sensitive data
2025-07-30T20:16:40.031-03:00  INFO 23728 --- [tastemanager] [http-nio-8080-exec-2] o.s.web.servlet.DispatcherServlet        : Completed initialization in 15 ms
2025-07-30T20:16:40.564-03:00 DEBUG 23728 --- [tastemanager] [http-nio-8080-exec-2] o.s.web.servlet.DispatcherServlet        : POST "/menu/create/2", parameters={}
2025-07-30T20:16:41.018-03:00 DEBUG 23728 --- [tastemanager] [http-nio-8080-exec-2] s.w.s.m.m.a.RequestMappingHandlerMapping : Mapped to br.com.tastemanager.controller.MenuController#createMenu(Long, MenuRequestDTO)
2025-07-30T20:16:41.516-03:00 DEBUG 23728 --- [tastemanager] [http-nio-8080-exec-2] m.m.a.RequestResponseBodyMethodProcessor : Read "application/json;charset=UTF-8" to [br.com.tastemanager.dto.request.MenuRequestDTO@591ef696]
2025-07-30T20:16:42.552-03:00  WARN 23728 --- [tastemanager] [http-nio-8080-exec-2] o.h.engine.jdbc.spi.SqlExceptionHelper   : SQL Error: 23505, SQLState: 23505
2025-07-30T20:16:42.554-03:00 ERROR 23728 --- [tastemanager] [http-nio-8080-exec-2] o.h.engine.jdbc.spi.SqlExceptionHelper   : Unique index or primary key violation: "PUBLIC.UK_6GJJY0MXMW7CXA4YJY0GPE6VO_INDEX_4 ON PUBLIC.MENU_ITEM(MENU_ID NULLS FIRST) VALUES ( /* 1 */ CAST(1 AS BIGINT) )"; SQL statement:
insert into menu_item (available_only_at_restaurant,description,menu_id,name,photo_path,price,id) values (?,?,?,?,?,?,default) [23505-224]
2025-07-30T20:16:42.581-03:00 DEBUG 23728 --- [tastemanager] [http-nio-8080-exec-2] o.s.web.servlet.DispatcherServlet        : Failed to complete request: org.springframework.dao.DataIntegrityViolationException: could not execute statement [Unique index or primary key violation: "PUBLIC.UK_6GJJY0MXMW7CXA4YJY0GPE6VO_INDEX_4 ON PUBLIC.MENU_ITEM(MENU_ID NULLS FIRST) VALUES ( /* 1 */ CAST(1 AS BIGINT) )"; SQL statement:
insert into menu_item (available_only_at_restaurant,description,menu_id,name,photo_path,price,id) values (?,?,?,?,?,?,default) [23505-224]] [insert into menu_item (available_only_at_restaurant,description,menu_id,name,photo_path,price,id) values (?,?,?,?,?,?,default)]; SQL [insert into menu_item (available_only_at_restaurant,description,menu_id,name,photo_path,price,id) values (?,?,?,?,?,?,default)]; constraint ["PUBLIC.UK_6GJJY0MXMW7CXA4YJY0GPE6VO_INDEX_4 ON PUBLIC.MENU_ITEM(MENU_ID NULLS FIRST) VALUES ( /* 1 */ CAST(1 AS BIGINT) )"; SQL statement:
insert into menu_item (available_only_at_restaurant,description,menu_id,name,photo_path,price,id) values (?,?,?,?,?,?,default) [23505-224]]
2025-07-30T20:16:42.581-03:00 ERROR 23728 --- [tastemanager] [http-nio-8080-exec-2] o.a.c.c.C.[.[.[/].[dispatcherServlet]    : Servlet.service() for servlet [dispatcherServlet] in context with path [] threw exception [Request processing failed: org.springframework.dao.DataIntegrityViolationException: could not execute statement [Unique index or primary key violation: "PUBLIC.UK_6GJJY0MXMW7CXA4YJY0GPE6VO_INDEX_4 ON PUBLIC.MENU_ITEM(MENU_ID NULLS FIRST) VALUES ( /* 1 */ CAST(1 AS BIGINT) )"; SQL statement:
insert into menu_item (available_only_at_restaurant,description,menu_id,name,photo_path,price,id) values (?,?,?,?,?,?,default) [23505-224]] [insert into menu_item (available_only_at_restaurant,description,menu_id,name,photo_path,price,id) values (?,?,?,?,?,?,default)]; SQL [insert into menu_item (available_only_at_restaurant,description,menu_id,name,photo_path,price,id) values (?,?,?,?,?,?,default)]; constraint ["PUBLIC.UK_6GJJY0MXMW7CXA4YJY0GPE6VO_INDEX_4 ON PUBLIC.MENU_ITEM(MENU_ID NULLS FIRST) VALUES ( /* 1 */ CAST(1 AS BIGINT) )"; SQL statement:
insert into menu_item (available_only_at_restaurant,description,menu_id,name,photo_path,price,id) values (?,?,?,?,?,?,default) [23505-224]]] with root cause

org.h2.jdbc.JdbcSQLIntegrityConstraintViolationException: Unique index or primary key violation: "PUBLIC.UK_6GJJY0MXMW7CXA4YJY0GPE6VO_INDEX_4 ON PUBLIC.MENU_ITEM(MENU_ID NULLS FIRST) VALUES ( /* 1 */ CAST(1 AS BIGINT) )"; SQL statement:
insert into menu_item (available_only_at_restaurant,description,menu_id,name,photo_path,price,id) values (?,?,?,?,?,?,default) [23505-224]
	at org.h2.message.DbException.getJdbcSQLException(DbException.java:520) ~[h2-2.2.224.jar:2.2.224]
	at org.h2.message.DbException.getJdbcSQLException(DbException.java:489) ~[h2-2.2.224.jar:2.2.224]
	at org.h2.message.DbException.get(DbException.java:223) ~[h2-2.2.224.jar:2.2.224]
	at org.h2.message.DbException.get(DbException.java:199) ~[h2-2.2.224.jar:2.2.224]
	at org.h2.index.Index.getDuplicateKeyException(Index.java:527) ~[h2-2.2.224.jar:2.2.224]
	at org.h2.mvstore.db.MVSecondaryIndex.checkUnique(MVSecondaryIndex.java:223) ~[h2-2.2.224.jar:2.2.224]
	at org.h2.mvstore.db.MVSecondaryIndex.add(MVSecondaryIndex.java:184) ~[h2-2.2.224.jar:2.2.224]
	at org.h2.mvstore.db.MVTable.addRow(MVTable.java:519) ~[h2-2.2.224.jar:2.2.224]
	at org.h2.command.dml.Insert.insertRows(Insert.java:174) ~[h2-2.2.224.jar:2.2.224]
	at org.h2.command.dml.Insert.update(Insert.java:135) ~[h2-2.2.224.jar:2.2.224]
	at org.h2.command.CommandContainer.executeUpdateWithGeneratedKeys(CommandContainer.java:242) ~[h2-2.2.224.jar:2.2.224]
	at org.h2.command.CommandContainer.update(CommandContainer.java:163) ~[h2-2.2.224.jar:2.2.224]
	at org.h2.command.Command.executeUpdate(Command.java:256) ~[h2-2.2.224.jar:2.2.224]
	at org.h2.jdbc.JdbcPreparedStatement.executeUpdateInternal(JdbcPreparedStatement.java:216) ~[h2-2.2.224.jar:2.2.224]
	at org.h2.jdbc.JdbcPreparedStatement.executeUpdate(JdbcPreparedStatement.java:174) ~[h2-2.2.224.jar:2.2.224]
	at com.zaxxer.hikari.pool.ProxyPreparedStatement.executeUpdate(ProxyPreparedStatement.java:61) ~[HikariCP-5.0.1.jar:na]
	at com.zaxxer.hikari.pool.HikariProxyPreparedStatement.executeUpdate(HikariProxyPreparedStatement.java) ~[HikariCP-5.0.1.jar:na]
	at org.hibernate.engine.jdbc.internal.ResultSetReturnImpl.executeUpdate(ResultSetReturnImpl.java:194) ~[hibernate-core-6.4.4.Final.jar:6.4.4.Final]
	at org.hibernate.id.insert.GetGeneratedKeysDelegate.performInsert(GetGeneratedKeysDelegate.java:107) ~[hibernate-core-6.4.4.Final.jar:6.4.4.Final]
	at org.hibernate.engine.jdbc.mutation.internal.MutationExecutorPostInsertSingleTable.execute(MutationExecutorPostInsertSingleTable.java:100) ~[hibernate-core-6.4.4.Final.jar:6.4.4.Final]
	at org.hibernate.persister.entity.mutation.InsertCoordinator.doStaticInserts(InsertCoordinator.java:175) ~[hibernate-core-6.4.4.Final.jar:6.4.4.Final]
	at org.hibernate.persister.entity.mutation.InsertCoordinator.coordinateInsert(InsertCoordinator.java:113) ~[hibernate-core-6.4.4.Final.jar:6.4.4.Final]
	at org.hibernate.persister.entity.AbstractEntityPersister.insert(AbstractEntityPersister.java:2868) ~[hibernate-core-6.4.4.Final.jar:6.4.4.Final]
	at org.hibernate.action.internal.EntityIdentityInsertAction.execute(EntityIdentityInsertAction.java:81) ~[hibernate-core-6.4.4.Final.jar:6.4.4.Final]
	at org.hibernate.engine.spi.ActionQueue.execute(ActionQueue.java:670) ~[hibernate-core-6.4.4.Final.jar:6.4.4.Final]
	at org.hibernate.engine.spi.ActionQueue.addResolvedEntityInsertAction(ActionQueue.java:291) ~[hibernate-core-6.4.4.Final.jar:6.4.4.Final]
	at org.hibernate.engine.spi.ActionQueue.addInsertAction(ActionQueue.java:272) ~[hibernate-core-6.4.4.Final.jar:6.4.4.Final]
	at org.hibernate.engine.spi.ActionQueue.addAction(ActionQueue.java:322) ~[hibernate-core-6.4.4.Final.jar:6.4.4.Final]
	at org.hibernate.event.internal.AbstractSaveEventListener.addInsertAction(AbstractSaveEventListener.java:386) ~[hibernate-core-6.4.4.Final.jar:6.4.4.Final]
	at org.hibernate.event.internal.AbstractSaveEventListener.performSaveOrReplicate(AbstractSaveEventListener.java:300) ~[hibernate-core-6.4.4.Final.jar:6.4.4.Final]
	at org.hibernate.event.internal.AbstractSaveEventListener.performSave(AbstractSaveEventListener.java:219) ~[hibernate-core-6.4.4.Final.jar:6.4.4.Final]
	at org.hibernate.event.internal.AbstractSaveEventListener.saveWithGeneratedId(AbstractSaveEventListener.java:134) ~[hibernate-core-6.4.4.Final.jar:6.4.4.Final]
	at org.hibernate.event.internal.DefaultPersistEventListener.entityIsTransient(DefaultPersistEventListener.java:175) ~[hibernate-core-6.4.4.Final.jar:6.4.4.Final]
	at org.hibernate.event.internal.DefaultPersistEventListener.persist(DefaultPersistEventListener.java:93) ~[hibernate-core-6.4.4.Final.jar:6.4.4.Final]
	at org.hibernate.event.internal.DefaultPersistEventListener.onPersist(DefaultPersistEventListener.java:77) ~[hibernate-core-6.4.4.Final.jar:6.4.4.Final]
	at org.hibernate.event.service.internal.EventListenerGroupImpl.fireEventOnEachListener(EventListenerGroupImpl.java:138) ~[hibernate-core-6.4.4.Final.jar:6.4.4.Final]
	at org.hibernate.internal.SessionImpl.firePersist(SessionImpl.java:796) ~[hibernate-core-6.4.4.Final.jar:6.4.4.Final]
	at org.hibernate.internal.SessionImpl.persist(SessionImpl.java:744) ~[hibernate-core-6.4.4.Final.jar:6.4.4.Final]
	at org.hibernate.engine.spi.CascadingActions$7.cascade(CascadingActions.java:290) ~[hibernate-core-6.4.4.Final.jar:6.4.4.Final]
	at org.hibernate.engine.spi.CascadingActions$7.cascade(CascadingActions.java:280) ~[hibernate-core-6.4.4.Final.jar:6.4.4.Final]
	at org.hibernate.engine.internal.Cascade.cascadeToOne(Cascade.java:517) ~[hibernate-core-6.4.4.Final.jar:6.4.4.Final]
	at org.hibernate.engine.internal.Cascade.cascadeAssociation(Cascade.java:439) ~[hibernate-core-6.4.4.Final.jar:6.4.4.Final]
	at org.hibernate.engine.internal.Cascade.cascadeProperty(Cascade.java:224) ~[hibernate-core-6.4.4.Final.jar:6.4.4.Final]
	at org.hibernate.engine.internal.Cascade.cascadeCollectionElements(Cascade.java:551) ~[hibernate-core-6.4.4.Final.jar:6.4.4.Final]
	at org.hibernate.engine.internal.Cascade.cascadeCollection(Cascade.java:481) ~[hibernate-core-6.4.4.Final.jar:6.4.4.Final]
	at org.hibernate.engine.internal.Cascade.cascadeAssociation(Cascade.java:442) ~[hibernate-core-6.4.4.Final.jar:6.4.4.Final]
	at org.hibernate.engine.internal.Cascade.cascadeProperty(Cascade.java:224) ~[hibernate-core-6.4.4.Final.jar:6.4.4.Final]
	at org.hibernate.engine.internal.Cascade.cascade(Cascade.java:157) ~[hibernate-core-6.4.4.Final.jar:6.4.4.Final]
	at org.hibernate.event.internal.AbstractSaveEventListener.cascadeAfterSave(AbstractSaveEventListener.java:513) ~[hibernate-core-6.4.4.Final.jar:6.4.4.Final]
	at org.hibernate.event.internal.AbstractSaveEventListener.performSaveOrReplicate(AbstractSaveEventListener.java:312) ~[hibernate-core-6.4.4.Final.jar:6.4.4.Final]
	at org.hibernate.event.internal.AbstractSaveEventListener.performSave(AbstractSaveEventListener.java:219) ~[hibernate-core-6.4.4.Final.jar:6.4.4.Final]
	at org.hibernate.event.internal.AbstractSaveEventListener.saveWithGeneratedId(AbstractSaveEventListener.java:134) ~[hibernate-core-6.4.4.Final.jar:6.4.4.Final]
	at org.hibernate.event.internal.DefaultPersistEventListener.entityIsTransient(DefaultPersistEventListener.java:175) ~[hibernate-core-6.4.4.Final.jar:6.4.4.Final]
	at org.hibernate.event.internal.DefaultPersistEventListener.persist(DefaultPersistEventListener.java:93) ~[hibernate-core-6.4.4.Final.jar:6.4.4.Final]
	at org.hibernate.event.internal.DefaultPersistEventListener.onPersist(DefaultPersistEventListener.java:77) ~[hibernate-core-6.4.4.Final.jar:6.4.4.Final]
	at org.hibernate.event.internal.DefaultPersistEventListener.onPersist(DefaultPersistEventListener.java:54) ~[hibernate-core-6.4.4.Final.jar:6.4.4.Final]
	at org.hibernate.event.service.internal.EventListenerGroupImpl.fireEventOnEachListener(EventListenerGroupImpl.java:127) ~[hibernate-core-6.4.4.Final.jar:6.4.4.Final]
	at org.hibernate.internal.SessionImpl.firePersist(SessionImpl.java:754) ~[hibernate-core-6.4.4.Final.jar:6.4.4.Final]
	at org.hibernate.internal.SessionImpl.persist(SessionImpl.java:738) ~[hibernate-core-6.4.4.Final.jar:6.4.4.Final]
	at java.base/jdk.internal.reflect.DirectMethodHandleAccessor.invoke(DirectMethodHandleAccessor.java:103) ~[na:na]
	at java.base/java.lang.reflect.Method.invoke(Method.java:580) ~[na:na]
	at org.springframework.orm.jpa.ExtendedEntityManagerCreator$ExtendedEntityManagerInvocationHandler.invoke(ExtendedEntityManagerCreator.java:364) ~[spring-orm-6.1.6.jar:6.1.6]
	at jdk.proxy2/jdk.proxy2.$Proxy127.persist(Unknown Source) ~[na:na]
	at java.base/jdk.internal.reflect.DirectMethodHandleAccessor.invoke(DirectMethodHandleAccessor.java:103) ~[na:na]
	at java.base/java.lang.reflect.Method.invoke(Method.java:580) ~[na:na]
	at org.springframework.orm.jpa.SharedEntityManagerCreator$SharedEntityManagerInvocationHandler.invoke(SharedEntityManagerCreator.java:319) ~[spring-orm-6.1.6.jar:6.1.6]
	at jdk.proxy2/jdk.proxy2.$Proxy127.persist(Unknown Source) ~[na:na]
	at org.springframework.data.jpa.repository.support.SimpleJpaRepository.save(SimpleJpaRepository.java:618) ~[spring-data-jpa-3.2.5.jar:3.2.5]
	at java.base/jdk.internal.reflect.DirectMethodHandleAccessor.invoke(DirectMethodHandleAccessor.java:103) ~[na:na]
	at java.base/java.lang.reflect.Method.invoke(Method.java:580) ~[na:na]
	at org.springframework.aop.support.AopUtils.invokeJoinpointUsingReflection(AopUtils.java:354) ~[spring-aop-6.1.6.jar:6.1.6]
	at org.springframework.data.repository.core.support.RepositoryMethodInvoker$RepositoryFragmentMethodInvoker.lambda$new$0(RepositoryMethodInvoker.java:277) ~[spring-data-commons-3.2.5.jar:3.2.5]
	at org.springframework.data.repository.core.support.RepositoryMethodInvoker.doInvoke(RepositoryMethodInvoker.java:170) ~[spring-data-commons-3.2.5.jar:3.2.5]
	at org.springframework.data.repository.core.support.RepositoryMethodInvoker.invoke(RepositoryMethodInvoker.java:158) ~[spring-data-commons-3.2.5.jar:3.2.5]
	at org.springframework.data.repository.core.support.RepositoryComposition$RepositoryFragments.invoke(RepositoryComposition.java:516) ~[spring-data-commons-3.2.5.jar:3.2.5]
	at org.springframework.data.repository.core.support.RepositoryComposition.invoke(RepositoryComposition.java:285) ~[spring-data-commons-3.2.5.jar:3.2.5]
	at org.springframework.data.repository.core.support.RepositoryFactorySupport$ImplementationMethodExecutionInterceptor.invoke(RepositoryFactorySupport.java:628) ~[spring-data-commons-3.2.5.jar:3.2.5]
	at org.springframework.aop.framework.ReflectiveMethodInvocation.proceed(ReflectiveMethodInvocation.java:184) ~[spring-aop-6.1.6.jar:6.1.6]
	at org.springframework.data.repository.core.support.QueryExecutorMethodInterceptor.doInvoke(QueryExecutorMethodInterceptor.java:168) ~[spring-data-commons-3.2.5.jar:3.2.5]
	at org.springframework.data.repository.core.support.QueryExecutorMethodInterceptor.invoke(QueryExecutorMethodInterceptor.java:143) ~[spring-data-commons-3.2.5.jar:3.2.5]
	at org.springframework.aop.framework.ReflectiveMethodInvocation.proceed(ReflectiveMethodInvocation.java:184) ~[spring-aop-6.1.6.jar:6.1.6]
	at org.springframework.data.projection.DefaultMethodInvokingMethodInterceptor.invoke(DefaultMethodInvokingMethodInterceptor.java:70) ~[spring-data-commons-3.2.5.jar:3.2.5]
	at org.springframework.aop.framework.ReflectiveMethodInvocation.proceed(ReflectiveMethodInvocation.java:184) ~[spring-aop-6.1.6.jar:6.1.6]
	at org.springframework.transaction.interceptor.TransactionInterceptor$1.proceedWithInvocation(TransactionInterceptor.java:123) ~[spring-tx-6.1.6.jar:6.1.6]
	at org.springframework.transaction.interceptor.TransactionAspectSupport.invokeWithinTransaction(TransactionAspectSupport.java:392) ~[spring-tx-6.1.6.jar:6.1.6]
	at org.springframework.transaction.interceptor.TransactionInterceptor.invoke(TransactionInterceptor.java:119) ~[spring-tx-6.1.6.jar:6.1.6]
	at org.springframework.aop.framework.ReflectiveMethodInvocation.proceed(ReflectiveMethodInvocation.java:184) ~[spring-aop-6.1.6.jar:6.1.6]
	at org.springframework.dao.support.PersistenceExceptionTranslationInterceptor.invoke(PersistenceExceptionTranslationInterceptor.java:137) ~[spring-tx-6.1.6.jar:6.1.6]
	at org.springframework.aop.framework.ReflectiveMethodInvocation.proceed(ReflectiveMethodInvocation.java:184) ~[spring-aop-6.1.6.jar:6.1.6]
	at org.springframework.data.jpa.repository.support.CrudMethodMetadataPostProcessor$CrudMethodMetadataPopulatingMethodInterceptor.invoke(CrudMethodMetadataPostProcessor.java:164) ~[spring-data-jpa-3.2.5.jar:3.2.5]
	at org.springframework.aop.framework.ReflectiveMethodInvocation.proceed(ReflectiveMethodInvocation.java:184) ~[spring-aop-6.1.6.jar:6.1.6]
	at org.springframework.aop.interceptor.ExposeInvocationInterceptor.invoke(ExposeInvocationInterceptor.java:97) ~[spring-aop-6.1.6.jar:6.1.6]
	at org.springframework.aop.framework.ReflectiveMethodInvocation.proceed(ReflectiveMethodInvocation.java:184) ~[spring-aop-6.1.6.jar:6.1.6]
	at org.springframework.aop.framework.JdkDynamicAopProxy.invoke(JdkDynamicAopProxy.java:223) ~[spring-aop-6.1.6.jar:6.1.6]
	at jdk.proxy2/jdk.proxy2.$Proxy130.save(Unknown Source) ~[na:na]
	at br.com.tastemanager.service.MenuService.createMenu(MenuService.java:52) ~[classes/:na]
	at br.com.tastemanager.controller.MenuController.createMenu(MenuController.java:25) ~[classes/:na]
	at java.base/jdk.internal.reflect.DirectMethodHandleAccessor.invoke(DirectMethodHandleAccessor.java:103) ~[na:na]
	at java.base/java.lang.reflect.Method.invoke(Method.java:580) ~[na:na]
	at org.springframework.web.method.support.InvocableHandlerMethod.doInvoke(InvocableHandlerMethod.java:255) ~[spring-web-6.1.6.jar:6.1.6]
	at org.springframework.web.method.support.InvocableHandlerMethod.invokeForRequest(InvocableHandlerMethod.java:188) ~[spring-web-6.1.6.jar:6.1.6]
	at org.springframework.web.servlet.mvc.method.annotation.ServletInvocableHandlerMethod.invokeAndHandle(ServletInvocableHandlerMethod.java:118) ~[spring-webmvc-6.1.6.jar:6.1.6]
	at org.springframework.web.servlet.mvc.method.annotation.RequestMappingHandlerAdapter.invokeHandlerMethod(RequestMappingHandlerAdapter.java:926) ~[spring-webmvc-6.1.6.jar:6.1.6]
	at org.springframework.web.servlet.mvc.method.annotation.RequestMappingHandlerAdapter.handleInternal(RequestMappingHandlerAdapter.java:831) ~[spring-webmvc-6.1.6.jar:6.1.6]
	at org.springframework.web.servlet.mvc.method.AbstractHandlerMethodAdapter.handle(AbstractHandlerMethodAdapter.java:87) ~[spring-webmvc-6.1.6.jar:6.1.6]
	at org.springframework.web.servlet.DispatcherServlet.doDispatch(DispatcherServlet.java:1089) ~[spring-webmvc-6.1.6.jar:6.1.6]
	at org.springframework.web.servlet.DispatcherServlet.doService(DispatcherServlet.java:979) ~[spring-webmvc-6.1.6.jar:6.1.6]
	at org.springframework.web.servlet.FrameworkServlet.processRequest(FrameworkServlet.java:1014) ~[spring-webmvc-6.1.6.jar:6.1.6]
	at org.springframework.web.servlet.FrameworkServlet.doPost(FrameworkServlet.java:914) ~[spring-webmvc-6.1.6.jar:6.1.6]
	at jakarta.servlet.http.HttpServlet.service(HttpServlet.java:590) ~[tomcat-embed-core-10.1.20.jar:6.0]
	at org.springframework.web.servlet.FrameworkServlet.service(FrameworkServlet.java:885) ~[spring-webmvc-6.1.6.jar:6.1.6]
	at jakarta.servlet.http.HttpServlet.service(HttpServlet.java:658) ~[tomcat-embed-core-10.1.20.jar:6.0]
	at org.apache.catalina.core.ApplicationFilterChain.internalDoFilter(ApplicationFilterChain.java:206) ~[tomcat-embed-core-10.1.20.jar:10.1.20]
	at org.apache.catalina.core.ApplicationFilterChain.doFilter(ApplicationFilterChain.java:150) ~[tomcat-embed-core-10.1.20.jar:10.1.20]
	at org.apache.tomcat.websocket.server.WsFilter.doFilter(WsFilter.java:51) ~[tomcat-embed-websocket-10.1.20.jar:10.1.20]
	at org.apache.catalina.core.ApplicationFilterChain.internalDoFilter(ApplicationFilterChain.java:175) ~[tomcat-embed-core-10.1.20.jar:10.1.20]
	at org.apache.catalina.core.ApplicationFilterChain.doFilter(ApplicationFilterChain.java:150) ~[tomcat-embed-core-10.1.20.jar:10.1.20]
	at org.springframework.web.filter.RequestContextFilter.doFilterInternal(RequestContextFilter.java:100) ~[spring-web-6.1.6.jar:6.1.6]
	at org.springframework.web.filter.OncePerRequestFilter.doFilter(OncePerRequestFilter.java:116) ~[spring-web-6.1.6.jar:6.1.6]
	at org.apache.catalina.core.ApplicationFilterChain.internalDoFilter(ApplicationFilterChain.java:175) ~[tomcat-embed-core-10.1.20.jar:10.1.20]
	at org.apache.catalina.core.ApplicationFilterChain.doFilter(ApplicationFilterChain.java:150) ~[tomcat-embed-core-10.1.20.jar:10.1.20]
	at org.springframework.web.filter.FormContentFilter.doFilterInternal(FormContentFilter.java:93) ~[spring-web-6.1.6.jar:6.1.6]
	at org.springframework.web.filter.OncePerRequestFilter.doFilter(OncePerRequestFilter.java:116) ~[spring-web-6.1.6.jar:6.1.6]
	at org.apache.catalina.core.ApplicationFilterChain.internalDoFilter(ApplicationFilterChain.java:175) ~[tomcat-embed-core-10.1.20.jar:10.1.20]
	at org.apache.catalina.core.ApplicationFilterChain.doFilter(ApplicationFilterChain.java:150) ~[tomcat-embed-core-10.1.20.jar:10.1.20]
	at org.springframework.web.filter.CharacterEncodingFilter.doFilterInternal(CharacterEncodingFilter.java:201) ~[spring-web-6.1.6.jar:6.1.6]
	at org.springframework.web.filter.OncePerRequestFilter.doFilter(OncePerRequestFilter.java:116) ~[spring-web-6.1.6.jar:6.1.6]
	at org.apache.catalina.core.ApplicationFilterChain.internalDoFilter(ApplicationFilterChain.java:175) ~[tomcat-embed-core-10.1.20.jar:10.1.20]
	at org.apache.catalina.core.ApplicationFilterChain.doFilter(ApplicationFilterChain.java:150) ~[tomcat-embed-core-10.1.20.jar:10.1.20]
	at org.apache.catalina.core.StandardWrapperValve.invoke(StandardWrapperValve.java:167) ~[tomcat-embed-core-10.1.20.jar:10.1.20]
	at org.apache.catalina.core.StandardContextValve.invoke(StandardContextValve.java:90) ~[tomcat-embed-core-10.1.20.jar:10.1.20]
	at org.apache.catalina.authenticator.AuthenticatorBase.invoke(AuthenticatorBase.java:482) ~[tomcat-embed-core-10.1.20.jar:10.1.20]
	at org.apache.catalina.core.StandardHostValve.invoke(StandardHostValve.java:115) ~[tomcat-embed-core-10.1.20.jar:10.1.20]
	at org.apache.catalina.valves.ErrorReportValve.invoke(ErrorReportValve.java:93) ~[tomcat-embed-core-10.1.20.jar:10.1.20]
	at org.apache.catalina.core.StandardEngineValve.invoke(StandardEngineValve.java:74) ~[tomcat-embed-core-10.1.20.jar:10.1.20]
	at org.apache.catalina.connector.CoyoteAdapter.service(CoyoteAdapter.java:344) ~[tomcat-embed-core-10.1.20.jar:10.1.20]
	at org.apache.coyote.http11.Http11Processor.service(Http11Processor.java:391) ~[tomcat-embed-core-10.1.20.jar:10.1.20]
	at org.apache.coyote.AbstractProcessorLight.process(AbstractProcessorLight.java:63) ~[tomcat-embed-core-10.1.20.jar:10.1.20]
	at org.apache.coyote.AbstractProtocol$ConnectionHandler.process(AbstractProtocol.java:896) ~[tomcat-embed-core-10.1.20.jar:10.1.20]
	at org.apache.tomcat.util.net.NioEndpoint$SocketProcessor.doRun(NioEndpoint.java:1736) ~[tomcat-embed-core-10.1.20.jar:10.1.20]
	at org.apache.tomcat.util.net.SocketProcessorBase.run(SocketProcessorBase.java:52) ~[tomcat-embed-core-10.1.20.jar:10.1.20]
	at org.apache.tomcat.util.threads.ThreadPoolExecutor.runWorker(ThreadPoolExecutor.java:1191) ~[tomcat-embed-core-10.1.20.jar:10.1.20]
	at org.apache.tomcat.util.threads.ThreadPoolExecutor$Worker.run(ThreadPoolExecutor.java:659) ~[tomcat-embed-core-10.1.20.jar:10.1.20]
	at org.apache.tomcat.util.threads.TaskThread$WrappingRunnable.run(TaskThread.java:63) ~[tomcat-embed-core-10.1.20.jar:10.1.20]
	at java.base/java.lang.Thread.run(Thread.java:1583) ~[na:na]

2025-07-30T20:16:42.614-03:00 DEBUG 23728 --- [tastemanager] [http-nio-8080-exec-2] o.s.web.servlet.DispatcherServlet        : "ERROR" dispatch for POST "/error", parameters={}
2025-07-30T20:16:42.614-03:00 DEBUG 23728 --- [tastemanager] [http-nio-8080-exec-2] s.w.s.m.m.a.RequestMappingHandlerMapping : Mapped to org.springframework.boot.autoconfigure.web.servlet.error.BasicErrorController#error(HttpServletRequest)
2025-07-30T20:16:42.681-03:00 DEBUG 23728 --- [tastemanager] [http-nio-8080-exec-2] o.s.w.s.m.m.a.HttpEntityMethodProcessor  : Using 'application/json', given [*/*] and supported [application/json, application/*+json]
2025-07-30T20:16:42.694-03:00 DEBUG 23728 --- [tastemanager] [http-nio-8080-exec-2] o.s.w.s.m.m.a.HttpEntityMethodProcessor  : Writing [{timestamp=Wed Jul 30 20:16:42 BRT 2025, status=500, error=Internal Server Error, path=/menu/create/ (truncated)...]
2025-07-30T20:16:42.832-03:00 DEBUG 23728 --- [tastemanager] [http-nio-8080-exec-2] o.s.web.servlet.DispatcherServlet        : Exiting from "ERROR" dispatch, status 500
2025-07-30T20:16:46.954-03:00 DEBUG 23728 --- [tastemanager] [http-nio-8080-exec-4] o.s.web.servlet.DispatcherServlet        : POST "/menu/create/2", parameters={}
2025-07-30T20:16:46.956-03:00 DEBUG 23728 --- [tastemanager] [http-nio-8080-exec-4] s.w.s.m.m.a.RequestMappingHandlerMapping : Mapped to br.com.tastemanager.controller.MenuController#createMenu(Long, MenuRequestDTO)
2025-07-30T20:16:46.959-03:00 DEBUG 23728 --- [tastemanager] [http-nio-8080-exec-4] m.m.a.RequestResponseBodyMethodProcessor : Read "application/json;charset=UTF-8" to [br.com.tastemanager.dto.request.MenuRequestDTO@178e11ad]
2025-07-30T20:16:46.977-03:00  WARN 23728 --- [tastemanager] [http-nio-8080-exec-4] o.h.engine.jdbc.spi.SqlExceptionHelper   : SQL Error: 23505, SQLState: 23505
2025-07-30T20:16:46.978-03:00 ERROR 23728 --- [tastemanager] [http-nio-8080-exec-4] o.h.engine.jdbc.spi.SqlExceptionHelper   : Unique index or primary key violation: "PUBLIC.UK_6GJJY0MXMW7CXA4YJY0GPE6VO_INDEX_4 ON PUBLIC.MENU_ITEM(MENU_ID NULLS FIRST) VALUES ( /* 3 */ CAST(2 AS BIGINT) )"; SQL statement:
insert into menu_item (available_only_at_restaurant,description,menu_id,name,photo_path,price,id) values (?,?,?,?,?,?,default) [23505-224]
2025-07-30T20:16:46.981-03:00 DEBUG 23728 --- [tastemanager] [http-nio-8080-exec-4] o.s.web.servlet.DispatcherServlet        : Failed to complete request: org.springframework.dao.DataIntegrityViolationException: could not execute statement [Unique index or primary key violation: "PUBLIC.UK_6GJJY0MXMW7CXA4YJY0GPE6VO_INDEX_4 ON PUBLIC.MENU_ITEM(MENU_ID NULLS FIRST) VALUES ( /* 3 */ CAST(2 AS BIGINT) )"; SQL statement:
insert into menu_item (available_only_at_restaurant,description,menu_id,name,photo_path,price,id) values (?,?,?,?,?,?,default) [23505-224]] [insert into menu_item (available_only_at_restaurant,description,menu_id,name,photo_path,price,id) values (?,?,?,?,?,?,default)]; SQL [insert into menu_item (available_only_at_restaurant,description,menu_id,name,photo_path,price,id) values (?,?,?,?,?,?,default)]; constraint ["PUBLIC.UK_6GJJY0MXMW7CXA4YJY0GPE6VO_INDEX_4 ON PUBLIC.MENU_ITEM(MENU_ID NULLS FIRST) VALUES ( /* 3 */ CAST(2 AS BIGINT) )"; SQL statement:
insert into menu_item (available_only_at_restaurant,description,menu_id,name,photo_path,price,id) values (?,?,?,?,?,?,default) [23505-224]]
2025-07-30T20:16:46.981-03:00 ERROR 23728 --- [tastemanager] [http-nio-8080-exec-4] o.a.c.c.C.[.[.[/].[dispatcherServlet]    : Servlet.service() for servlet [dispatcherServlet] in context with path [] threw exception [Request processing failed: org.springframework.dao.DataIntegrityViolationException: could not execute statement [Unique index or primary key violation: "PUBLIC.UK_6GJJY0MXMW7CXA4YJY0GPE6VO_INDEX_4 ON PUBLIC.MENU_ITEM(MENU_ID NULLS FIRST) VALUES ( /* 3 */ CAST(2 AS BIGINT) )"; SQL statement:
insert into menu_item (available_only_at_restaurant,description,menu_id,name,photo_path,price,id) values (?,?,?,?,?,?,default) [23505-224]] [insert into menu_item (available_only_at_restaurant,description,menu_id,name,photo_path,price,id) values (?,?,?,?,?,?,default)]; SQL [insert into menu_item (available_only_at_restaurant,description,menu_id,name,photo_path,price,id) values (?,?,?,?,?,?,default)]; constraint ["PUBLIC.UK_6GJJY0MXMW7CXA4YJY0GPE6VO_INDEX_4 ON PUBLIC.MENU_ITEM(MENU_ID NULLS FIRST) VALUES ( /* 3 */ CAST(2 AS BIGINT) )"; SQL statement:
insert into menu_item (available_only_at_restaurant,description,menu_id,name,photo_path,price,id) values (?,?,?,?,?,?,default) [23505-224]]] with root cause

org.h2.jdbc.JdbcSQLIntegrityConstraintViolationException: Unique index or primary key violation: "PUBLIC.UK_6GJJY0MXMW7CXA4YJY0GPE6VO_INDEX_4 ON PUBLIC.MENU_ITEM(MENU_ID NULLS FIRST) VALUES ( /* 3 */ CAST(2 AS BIGINT) )"; SQL statement:
insert into menu_item (available_only_at_restaurant,description,menu_id,name,photo_path,price,id) values (?,?,?,?,?,?,default) [23505-224]
	at org.h2.message.DbException.getJdbcSQLException(DbException.java:520) ~[h2-2.2.224.jar:2.2.224]
	at org.h2.message.DbException.getJdbcSQLException(DbException.java:489) ~[h2-2.2.224.jar:2.2.224]
	at org.h2.message.DbException.get(DbException.java:223) ~[h2-2.2.224.jar:2.2.224]
	at org.h2.message.DbException.get(DbException.java:199) ~[h2-2.2.224.jar:2.2.224]
	at org.h2.index.Index.getDuplicateKeyException(Index.java:527) ~[h2-2.2.224.jar:2.2.224]
	at org.h2.mvstore.db.MVSecondaryIndex.checkUnique(MVSecondaryIndex.java:223) ~[h2-2.2.224.jar:2.2.224]
	at org.h2.mvstore.db.MVSecondaryIndex.add(MVSecondaryIndex.java:184) ~[h2-2.2.224.jar:2.2.224]
	at org.h2.mvstore.db.MVTable.addRow(MVTable.java:519) ~[h2-2.2.224.jar:2.2.224]
	at org.h2.command.dml.Insert.insertRows(Insert.java:174) ~[h2-2.2.224.jar:2.2.224]
	at org.h2.command.dml.Insert.update(Insert.java:135) ~[h2-2.2.224.jar:2.2.224]
	at org.h2.command.CommandContainer.executeUpdateWithGeneratedKeys(CommandContainer.java:242) ~[h2-2.2.224.jar:2.2.224]
	at org.h2.command.CommandContainer.update(CommandContainer.java:163) ~[h2-2.2.224.jar:2.2.224]
	at org.h2.command.Command.executeUpdate(Command.java:256) ~[h2-2.2.224.jar:2.2.224]
	at org.h2.jdbc.JdbcPreparedStatement.executeUpdateInternal(JdbcPreparedStatement.java:216) ~[h2-2.2.224.jar:2.2.224]
	at org.h2.jdbc.JdbcPreparedStatement.executeUpdate(JdbcPreparedStatement.java:174) ~[h2-2.2.224.jar:2.2.224]
	at com.zaxxer.hikari.pool.ProxyPreparedStatement.executeUpdate(ProxyPreparedStatement.java:61) ~[HikariCP-5.0.1.jar:na]
	at com.zaxxer.hikari.pool.HikariProxyPreparedStatement.executeUpdate(HikariProxyPreparedStatement.java) ~[HikariCP-5.0.1.jar:na]
	at org.hibernate.engine.jdbc.internal.ResultSetReturnImpl.executeUpdate(ResultSetReturnImpl.java:194) ~[hibernate-core-6.4.4.Final.jar:6.4.4.Final]
	at org.hibernate.id.insert.GetGeneratedKeysDelegate.performInsert(GetGeneratedKeysDelegate.java:107) ~[hibernate-core-6.4.4.Final.jar:6.4.4.Final]
	at org.hibernate.engine.jdbc.mutation.internal.MutationExecutorPostInsertSingleTable.execute(MutationExecutorPostInsertSingleTable.java:100) ~[hibernate-core-6.4.4.Final.jar:6.4.4.Final]
	at org.hibernate.persister.entity.mutation.InsertCoordinator.doStaticInserts(InsertCoordinator.java:175) ~[hibernate-core-6.4.4.Final.jar:6.4.4.Final]
	at org.hibernate.persister.entity.mutation.InsertCoordinator.coordinateInsert(InsertCoordinator.java:113) ~[hibernate-core-6.4.4.Final.jar:6.4.4.Final]
	at org.hibernate.persister.entity.AbstractEntityPersister.insert(AbstractEntityPersister.java:2868) ~[hibernate-core-6.4.4.Final.jar:6.4.4.Final]
	at org.hibernate.action.internal.EntityIdentityInsertAction.execute(EntityIdentityInsertAction.java:81) ~[hibernate-core-6.4.4.Final.jar:6.4.4.Final]
	at org.hibernate.engine.spi.ActionQueue.execute(ActionQueue.java:670) ~[hibernate-core-6.4.4.Final.jar:6.4.4.Final]
	at org.hibernate.engine.spi.ActionQueue.addResolvedEntityInsertAction(ActionQueue.java:291) ~[hibernate-core-6.4.4.Final.jar:6.4.4.Final]
	at org.hibernate.engine.spi.ActionQueue.addInsertAction(ActionQueue.java:272) ~[hibernate-core-6.4.4.Final.jar:6.4.4.Final]
	at org.hibernate.engine.spi.ActionQueue.addAction(ActionQueue.java:322) ~[hibernate-core-6.4.4.Final.jar:6.4.4.Final]
	at org.hibernate.event.internal.AbstractSaveEventListener.addInsertAction(AbstractSaveEventListener.java:386) ~[hibernate-core-6.4.4.Final.jar:6.4.4.Final]
	at org.hibernate.event.internal.AbstractSaveEventListener.performSaveOrReplicate(AbstractSaveEventListener.java:300) ~[hibernate-core-6.4.4.Final.jar:6.4.4.Final]
	at org.hibernate.event.internal.AbstractSaveEventListener.performSave(AbstractSaveEventListener.java:219) ~[hibernate-core-6.4.4.Final.jar:6.4.4.Final]
	at org.hibernate.event.internal.AbstractSaveEventListener.saveWithGeneratedId(AbstractSaveEventListener.java:134) ~[hibernate-core-6.4.4.Final.jar:6.4.4.Final]
	at org.hibernate.event.internal.DefaultPersistEventListener.entityIsTransient(DefaultPersistEventListener.java:175) ~[hibernate-core-6.4.4.Final.jar:6.4.4.Final]
	at org.hibernate.event.internal.DefaultPersistEventListener.persist(DefaultPersistEventListener.java:93) ~[hibernate-core-6.4.4.Final.jar:6.4.4.Final]
	at org.hibernate.event.internal.DefaultPersistEventListener.onPersist(DefaultPersistEventListener.java:77) ~[hibernate-core-6.4.4.Final.jar:6.4.4.Final]
	at org.hibernate.event.service.internal.EventListenerGroupImpl.fireEventOnEachListener(EventListenerGroupImpl.java:138) ~[hibernate-core-6.4.4.Final.jar:6.4.4.Final]
	at org.hibernate.internal.SessionImpl.firePersist(SessionImpl.java:796) ~[hibernate-core-6.4.4.Final.jar:6.4.4.Final]
	at org.hibernate.internal.SessionImpl.persist(SessionImpl.java:744) ~[hibernate-core-6.4.4.Final.jar:6.4.4.Final]
	at org.hibernate.engine.spi.CascadingActions$7.cascade(CascadingActions.java:290) ~[hibernate-core-6.4.4.Final.jar:6.4.4.Final]
	at org.hibernate.engine.spi.CascadingActions$7.cascade(CascadingActions.java:280) ~[hibernate-core-6.4.4.Final.jar:6.4.4.Final]
	at org.hibernate.engine.internal.Cascade.cascadeToOne(Cascade.java:517) ~[hibernate-core-6.4.4.Final.jar:6.4.4.Final]
	at org.hibernate.engine.internal.Cascade.cascadeAssociation(Cascade.java:439) ~[hibernate-core-6.4.4.Final.jar:6.4.4.Final]
	at org.hibernate.engine.internal.Cascade.cascadeProperty(Cascade.java:224) ~[hibernate-core-6.4.4.Final.jar:6.4.4.Final]
	at org.hibernate.engine.internal.Cascade.cascadeCollectionElements(Cascade.java:551) ~[hibernate-core-6.4.4.Final.jar:6.4.4.Final]
	at org.hibernate.engine.internal.Cascade.cascadeCollection(Cascade.java:481) ~[hibernate-core-6.4.4.Final.jar:6.4.4.Final]
	at org.hibernate.engine.internal.Cascade.cascadeAssociation(Cascade.java:442) ~[hibernate-core-6.4.4.Final.jar:6.4.4.Final]
	at org.hibernate.engine.internal.Cascade.cascadeProperty(Cascade.java:224) ~[hibernate-core-6.4.4.Final.jar:6.4.4.Final]
	at org.hibernate.engine.internal.Cascade.cascade(Cascade.java:157) ~[hibernate-core-6.4.4.Final.jar:6.4.4.Final]
	at org.hibernate.event.internal.AbstractSaveEventListener.cascadeAfterSave(AbstractSaveEventListener.java:513) ~[hibernate-core-6.4.4.Final.jar:6.4.4.Final]
	at org.hibernate.event.internal.AbstractSaveEventListener.performSaveOrReplicate(AbstractSaveEventListener.java:312) ~[hibernate-core-6.4.4.Final.jar:6.4.4.Final]
	at org.hibernate.event.internal.AbstractSaveEventListener.performSave(AbstractSaveEventListener.java:219) ~[hibernate-core-6.4.4.Final.jar:6.4.4.Final]
	at org.hibernate.event.internal.AbstractSaveEventListener.saveWithGeneratedId(AbstractSaveEventListener.java:134) ~[hibernate-core-6.4.4.Final.jar:6.4.4.Final]
	at org.hibernate.event.internal.DefaultPersistEventListener.entityIsTransient(DefaultPersistEventListener.java:175) ~[hibernate-core-6.4.4.Final.jar:6.4.4.Final]
	at org.hibernate.event.internal.DefaultPersistEventListener.persist(DefaultPersistEventListener.java:93) ~[hibernate-core-6.4.4.Final.jar:6.4.4.Final]
	at org.hibernate.event.internal.DefaultPersistEventListener.onPersist(DefaultPersistEventListener.java:77) ~[hibernate-core-6.4.4.Final.jar:6.4.4.Final]
	at org.hibernate.event.internal.DefaultPersistEventListener.onPersist(DefaultPersistEventListener.java:54) ~[hibernate-core-6.4.4.Final.jar:6.4.4.Final]
	at org.hibernate.event.service.internal.EventListenerGroupImpl.fireEventOnEachListener(EventListenerGroupImpl.java:127) ~[hibernate-core-6.4.4.Final.jar:6.4.4.Final]
	at org.hibernate.internal.SessionImpl.firePersist(SessionImpl.java:754) ~[hibernate-core-6.4.4.Final.jar:6.4.4.Final]
	at org.hibernate.internal.SessionImpl.persist(SessionImpl.java:738) ~[hibernate-core-6.4.4.Final.jar:6.4.4.Final]
	at java.base/jdk.internal.reflect.DirectMethodHandleAccessor.invoke(DirectMethodHandleAccessor.java:103) ~[na:na]
	at java.base/java.lang.reflect.Method.invoke(Method.java:580) ~[na:na]
	at org.springframework.orm.jpa.ExtendedEntityManagerCreator$ExtendedEntityManagerInvocationHandler.invoke(ExtendedEntityManagerCreator.java:364) ~[spring-orm-6.1.6.jar:6.1.6]
	at jdk.proxy2/jdk.proxy2.$Proxy127.persist(Unknown Source) ~[na:na]
	at java.base/jdk.internal.reflect.DirectMethodHandleAccessor.invoke(DirectMethodHandleAccessor.java:103) ~[na:na]
	at java.base/java.lang.reflect.Method.invoke(Method.java:580) ~[na:na]
	at org.springframework.orm.jpa.SharedEntityManagerCreator$SharedEntityManagerInvocationHandler.invoke(SharedEntityManagerCreator.java:319) ~[spring-orm-6.1.6.jar:6.1.6]
	at jdk.proxy2/jdk.proxy2.$Proxy127.persist(Unknown Source) ~[na:na]
	at org.springframework.data.jpa.repository.support.SimpleJpaRepository.save(SimpleJpaRepository.java:618) ~[spring-data-jpa-3.2.5.jar:3.2.5]
	at java.base/jdk.internal.reflect.DirectMethodHandleAccessor.invoke(DirectMethodHandleAccessor.java:103) ~[na:na]
	at java.base/java.lang.reflect.Method.invoke(Method.java:580) ~[na:na]
	at org.springframework.aop.support.AopUtils.invokeJoinpointUsingReflection(AopUtils.java:354) ~[spring-aop-6.1.6.jar:6.1.6]
	at org.springframework.data.repository.core.support.RepositoryMethodInvoker$RepositoryFragmentMethodInvoker.lambda$new$0(RepositoryMethodInvoker.java:277) ~[spring-data-commons-3.2.5.jar:3.2.5]
	at org.springframework.data.repository.core.support.RepositoryMethodInvoker.doInvoke(RepositoryMethodInvoker.java:170) ~[spring-data-commons-3.2.5.jar:3.2.5]
	at org.springframework.data.repository.core.support.RepositoryMethodInvoker.invoke(RepositoryMethodInvoker.java:158) ~[spring-data-commons-3.2.5.jar:3.2.5]
	at org.springframework.data.repository.core.support.RepositoryComposition$RepositoryFragments.invoke(RepositoryComposition.java:516) ~[spring-data-commons-3.2.5.jar:3.2.5]
	at org.springframework.data.repository.core.support.RepositoryComposition.invoke(RepositoryComposition.java:285) ~[spring-data-commons-3.2.5.jar:3.2.5]
	at org.springframework.data.repository.core.support.RepositoryFactorySupport$ImplementationMethodExecutionInterceptor.invoke(RepositoryFactorySupport.java:628) ~[spring-data-commons-3.2.5.jar:3.2.5]
	at org.springframework.aop.framework.ReflectiveMethodInvocation.proceed(ReflectiveMethodInvocation.java:184) ~[spring-aop-6.1.6.jar:6.1.6]
	at org.springframework.data.repository.core.support.QueryExecutorMethodInterceptor.doInvoke(QueryExecutorMethodInterceptor.java:168) ~[spring-data-commons-3.2.5.jar:3.2.5]
	at org.springframework.data.repository.core.support.QueryExecutorMethodInterceptor.invoke(QueryExecutorMethodInterceptor.java:143) ~[spring-data-commons-3.2.5.jar:3.2.5]
	at org.springframework.aop.framework.ReflectiveMethodInvocation.proceed(ReflectiveMethodInvocation.java:184) ~[spring-aop-6.1.6.jar:6.1.6]
	at org.springframework.data.projection.DefaultMethodInvokingMethodInterceptor.invoke(DefaultMethodInvokingMethodInterceptor.java:70) ~[spring-data-commons-3.2.5.jar:3.2.5]
	at org.springframework.aop.framework.ReflectiveMethodInvocation.proceed(ReflectiveMethodInvocation.java:184) ~[spring-aop-6.1.6.jar:6.1.6]
	at org.springframework.transaction.interceptor.TransactionInterceptor$1.proceedWithInvocation(TransactionInterceptor.java:123) ~[spring-tx-6.1.6.jar:6.1.6]
	at org.springframework.transaction.interceptor.TransactionAspectSupport.invokeWithinTransaction(TransactionAspectSupport.java:392) ~[spring-tx-6.1.6.jar:6.1.6]
	at org.springframework.transaction.interceptor.TransactionInterceptor.invoke(TransactionInterceptor.java:119) ~[spring-tx-6.1.6.jar:6.1.6]
	at org.springframework.aop.framework.ReflectiveMethodInvocation.proceed(ReflectiveMethodInvocation.java:184) ~[spring-aop-6.1.6.jar:6.1.6]
	at org.springframework.dao.support.PersistenceExceptionTranslationInterceptor.invoke(PersistenceExceptionTranslationInterceptor.java:137) ~[spring-tx-6.1.6.jar:6.1.6]
	at org.springframework.aop.framework.ReflectiveMethodInvocation.proceed(ReflectiveMethodInvocation.java:184) ~[spring-aop-6.1.6.jar:6.1.6]
	at org.springframework.data.jpa.repository.support.CrudMethodMetadataPostProcessor$CrudMethodMetadataPopulatingMethodInterceptor.invoke(CrudMethodMetadataPostProcessor.java:164) ~[spring-data-jpa-3.2.5.jar:3.2.5]
	at org.springframework.aop.framework.ReflectiveMethodInvocation.proceed(ReflectiveMethodInvocation.java:184) ~[spring-aop-6.1.6.jar:6.1.6]
	at org.springframework.aop.interceptor.ExposeInvocationInterceptor.invoke(ExposeInvocationInterceptor.java:97) ~[spring-aop-6.1.6.jar:6.1.6]
	at org.springframework.aop.framework.ReflectiveMethodInvocation.proceed(ReflectiveMethodInvocation.java:184) ~[spring-aop-6.1.6.jar:6.1.6]
	at org.springframework.aop.framework.JdkDynamicAopProxy.invoke(JdkDynamicAopProxy.java:223) ~[spring-aop-6.1.6.jar:6.1.6]
	at jdk.proxy2/jdk.proxy2.$Proxy130.save(Unknown Source) ~[na:na]
	at br.com.tastemanager.service.MenuService.createMenu(MenuService.java:52) ~[classes/:na]
	at br.com.tastemanager.controller.MenuController.createMenu(MenuController.java:25) ~[classes/:na]
	at java.base/jdk.internal.reflect.DirectMethodHandleAccessor.invoke(DirectMethodHandleAccessor.java:103) ~[na:na]
	at java.base/java.lang.reflect.Method.invoke(Method.java:580) ~[na:na]
	at org.springframework.web.method.support.InvocableHandlerMethod.doInvoke(InvocableHandlerMethod.java:255) ~[spring-web-6.1.6.jar:6.1.6]
	at org.springframework.web.method.support.InvocableHandlerMethod.invokeForRequest(InvocableHandlerMethod.java:188) ~[spring-web-6.1.6.jar:6.1.6]
	at org.springframework.web.servlet.mvc.method.annotation.ServletInvocableHandlerMethod.invokeAndHandle(ServletInvocableHandlerMethod.java:118) ~[spring-webmvc-6.1.6.jar:6.1.6]
	at org.springframework.web.servlet.mvc.method.annotation.RequestMappingHandlerAdapter.invokeHandlerMethod(RequestMappingHandlerAdapter.java:926) ~[spring-webmvc-6.1.6.jar:6.1.6]
	at org.springframework.web.servlet.mvc.method.annotation.RequestMappingHandlerAdapter.handleInternal(RequestMappingHandlerAdapter.java:831) ~[spring-webmvc-6.1.6.jar:6.1.6]
	at org.springframework.web.servlet.mvc.method.AbstractHandlerMethodAdapter.handle(AbstractHandlerMethodAdapter.java:87) ~[spring-webmvc-6.1.6.jar:6.1.6]
	at org.springframework.web.servlet.DispatcherServlet.doDispatch(DispatcherServlet.java:1089) ~[spring-webmvc-6.1.6.jar:6.1.6]
	at org.springframework.web.servlet.DispatcherServlet.doService(DispatcherServlet.java:979) ~[spring-webmvc-6.1.6.jar:6.1.6]
	at org.springframework.web.servlet.FrameworkServlet.processRequest(FrameworkServlet.java:1014) ~[spring-webmvc-6.1.6.jar:6.1.6]
	at org.springframework.web.servlet.FrameworkServlet.doPost(FrameworkServlet.java:914) ~[spring-webmvc-6.1.6.jar:6.1.6]
	at jakarta.servlet.http.HttpServlet.service(HttpServlet.java:590) ~[tomcat-embed-core-10.1.20.jar:6.0]
	at org.springframework.web.servlet.FrameworkServlet.service(FrameworkServlet.java:885) ~[spring-webmvc-6.1.6.jar:6.1.6]
	at jakarta.servlet.http.HttpServlet.service(HttpServlet.java:658) ~[tomcat-embed-core-10.1.20.jar:6.0]
	at org.apache.catalina.core.ApplicationFilterChain.internalDoFilter(ApplicationFilterChain.java:206) ~[tomcat-embed-core-10.1.20.jar:10.1.20]
	at org.apache.catalina.core.ApplicationFilterChain.doFilter(ApplicationFilterChain.java:150) ~[tomcat-embed-core-10.1.20.jar:10.1.20]
	at org.apache.tomcat.websocket.server.WsFilter.doFilter(WsFilter.java:51) ~[tomcat-embed-websocket-10.1.20.jar:10.1.20]
	at org.apache.catalina.core.ApplicationFilterChain.internalDoFilter(ApplicationFilterChain.java:175) ~[tomcat-embed-core-10.1.20.jar:10.1.20]
	at org.apache.catalina.core.ApplicationFilterChain.doFilter(ApplicationFilterChain.java:150) ~[tomcat-embed-core-10.1.20.jar:10.1.20]
	at org.springframework.web.filter.RequestContextFilter.doFilterInternal(RequestContextFilter.java:100) ~[spring-web-6.1.6.jar:6.1.6]
	at org.springframework.web.filter.OncePerRequestFilter.doFilter(OncePerRequestFilter.java:116) ~[spring-web-6.1.6.jar:6.1.6]
	at org.apache.catalina.core.ApplicationFilterChain.internalDoFilter(ApplicationFilterChain.java:175) ~[tomcat-embed-core-10.1.20.jar:10.1.20]
	at org.apache.catalina.core.ApplicationFilterChain.doFilter(ApplicationFilterChain.java:150) ~[tomcat-embed-core-10.1.20.jar:10.1.20]
	at org.springframework.web.filter.FormContentFilter.doFilterInternal(FormContentFilter.java:93) ~[spring-web-6.1.6.jar:6.1.6]
	at org.springframework.web.filter.OncePerRequestFilter.doFilter(OncePerRequestFilter.java:116) ~[spring-web-6.1.6.jar:6.1.6]
	at org.apache.catalina.core.ApplicationFilterChain.internalDoFilter(ApplicationFilterChain.java:175) ~[tomcat-embed-core-10.1.20.jar:10.1.20]
	at org.apache.catalina.core.ApplicationFilterChain.doFilter(ApplicationFilterChain.java:150) ~[tomcat-embed-core-10.1.20.jar:10.1.20]
	at org.springframework.web.filter.CharacterEncodingFilter.doFilterInternal(CharacterEncodingFilter.java:201) ~[spring-web-6.1.6.jar:6.1.6]
	at org.springframework.web.filter.OncePerRequestFilter.doFilter(OncePerRequestFilter.java:116) ~[spring-web-6.1.6.jar:6.1.6]
	at org.apache.catalina.core.ApplicationFilterChain.internalDoFilter(ApplicationFilterChain.java:175) ~[tomcat-embed-core-10.1.20.jar:10.1.20]
	at org.apache.catalina.core.ApplicationFilterChain.doFilter(ApplicationFilterChain.java:150) ~[tomcat-embed-core-10.1.20.jar:10.1.20]
	at org.apache.catalina.core.StandardWrapperValve.invoke(StandardWrapperValve.java:167) ~[tomcat-embed-core-10.1.20.jar:10.1.20]
	at org.apache.catalina.core.StandardContextValve.invoke(StandardContextValve.java:90) ~[tomcat-embed-core-10.1.20.jar:10.1.20]
	at org.apache.catalina.authenticator.AuthenticatorBase.invoke(AuthenticatorBase.java:482) ~[tomcat-embed-core-10.1.20.jar:10.1.20]
	at org.apache.catalina.core.StandardHostValve.invoke(StandardHostValve.java:115) ~[tomcat-embed-core-10.1.20.jar:10.1.20]
	at org.apache.catalina.valves.ErrorReportValve.invoke(ErrorReportValve.java:93) ~[tomcat-embed-core-10.1.20.jar:10.1.20]
	at org.apache.catalina.core.StandardEngineValve.invoke(StandardEngineValve.java:74) ~[tomcat-embed-core-10.1.20.jar:10.1.20]
	at org.apache.catalina.connector.CoyoteAdapter.service(CoyoteAdapter.java:344) ~[tomcat-embed-core-10.1.20.jar:10.1.20]
	at org.apache.coyote.http11.Http11Processor.service(Http11Processor.java:391) ~[tomcat-embed-core-10.1.20.jar:10.1.20]
	at org.apache.coyote.AbstractProcessorLight.process(AbstractProcessorLight.java:63) ~[tomcat-embed-core-10.1.20.jar:10.1.20]
	at org.apache.coyote.AbstractProtocol$ConnectionHandler.process(AbstractProtocol.java:896) ~[tomcat-embed-core-10.1.20.jar:10.1.20]
	at org.apache.tomcat.util.net.NioEndpoint$SocketProcessor.doRun(NioEndpoint.java:1736) ~[tomcat-embed-core-10.1.20.jar:10.1.20]
	at org.apache.tomcat.util.net.SocketProcessorBase.run(SocketProcessorBase.java:52) ~[tomcat-embed-core-10.1.20.jar:10.1.20]
	at org.apache.tomcat.util.threads.ThreadPoolExecutor.runWorker(ThreadPoolExecutor.java:1191) ~[tomcat-embed-core-10.1.20.jar:10.1.20]
	at org.apache.tomcat.util.threads.ThreadPoolExecutor$Worker.run(ThreadPoolExecutor.java:659) ~[tomcat-embed-core-10.1.20.jar:10.1.20]
	at org.apache.tomcat.util.threads.TaskThread$WrappingRunnable.run(TaskThread.java:63) ~[tomcat-embed-core-10.1.20.jar:10.1.20]
	at java.base/java.lang.Thread.run(Thread.java:1583) ~[na:na]

2025-07-30T20:16:46.988-03:00 DEBUG 23728 --- [tastemanager] [http-nio-8080-exec-4] o.s.web.servlet.DispatcherServlet        : "ERROR" dispatch for POST "/error", parameters={}
2025-07-30T20:16:46.989-03:00 DEBUG 23728 --- [tastemanager] [http-nio-8080-exec-4] s.w.s.m.m.a.RequestMappingHandlerMapping : Mapped to org.springframework.boot.autoconfigure.web.servlet.error.BasicErrorController#error(HttpServletRequest)
2025-07-30T20:16:46.989-03:00 DEBUG 23728 --- [tastemanager] [http-nio-8080-exec-4] o.s.w.s.m.m.a.HttpEntityMethodProcessor  : Using 'application/json', given [*/*] and supported [application/json, application/*+json]
2025-07-30T20:16:46.992-03:00 DEBUG 23728 --- [tastemanager] [http-nio-8080-exec-4] o.s.w.s.m.m.a.HttpEntityMethodProcessor  : Writing [{timestamp=Wed Jul 30 20:16:46 BRT 2025, status=500, error=Internal Server Error, path=/menu/create/ (truncated)...]
2025-07-30T20:16:46.997-03:00 DEBUG 23728 --- [tastemanager] [http-nio-8080-exec-4] o.s.web.servlet.DispatcherServlet        : Exiting from "ERROR" dispatch, status 500
2025-07-30T20:18:45.971-03:00  INFO 23728 --- [tastemanager] [SpringApplicationShutdownHook] j.LocalContainerEntityManagerFactoryBean : Closing JPA EntityManagerFactory for persistence unit 'default'
2025-07-30T20:18:45.976-03:00  INFO 23728 --- [tastemanager] [SpringApplicationShutdownHook] com.zaxxer.hikari.HikariDataSource       : HikariPool-1 - Shutdown initiated...
2025-07-30T20:18:45.983-03:00  INFO 23728 --- [tastemanager] [SpringApplicationShutdownHook] com.zaxxer.hikari.HikariDataSource       : HikariPool-1 - Shutdown completed.
2025-07-30T20:18:51.594-03:00  INFO 24292 --- [tastemanager] [main] b.c.t.TasteManagerApplication            : Starting TasteManagerApplication using Java 21.0.7 with PID 24292 (C:\Users\silva\Projects\FIAP\tastemanager\target\classes started by silva in C:\Users\silva\Projects\FIAP\tastemanager)
2025-07-30T20:18:51.598-03:00  INFO 24292 --- [tastemanager] [main] b.c.t.TasteManagerApplication            : No active profile set, falling back to 1 default profile: "default"
2025-07-30T20:18:53.224-03:00  INFO 24292 --- [tastemanager] [main] .s.d.r.c.RepositoryConfigurationDelegate : Bootstrapping Spring Data JPA repositories in DEFAULT mode.
2025-07-30T20:18:53.388-03:00  INFO 24292 --- [tastemanager] [main] .s.d.r.c.RepositoryConfigurationDelegate : Finished Spring Data repository scanning in 148 ms. Found 4 JPA repository interfaces.
2025-07-30T20:18:54.600-03:00  INFO 24292 --- [tastemanager] [main] o.s.b.w.embedded.tomcat.TomcatWebServer  : Tomcat initialized with port 8080 (http)
2025-07-30T20:18:54.631-03:00  INFO 24292 --- [tastemanager] [main] o.apache.catalina.core.StandardService   : Starting service [Tomcat]
2025-07-30T20:18:54.631-03:00  INFO 24292 --- [tastemanager] [main] o.apache.catalina.core.StandardEngine    : Starting Servlet engine: [Apache Tomcat/10.1.20]
2025-07-30T20:18:54.741-03:00  INFO 24292 --- [tastemanager] [main] o.a.c.c.C.[Tomcat].[localhost].[/]       : Initializing Spring embedded WebApplicationContext
2025-07-30T20:18:54.742-03:00  INFO 24292 --- [tastemanager] [main] w.s.c.ServletWebServerApplicationContext : Root WebApplicationContext: initialization completed in 3064 ms
2025-07-30T20:18:54.799-03:00  INFO 24292 --- [tastemanager] [main] com.zaxxer.hikari.HikariDataSource       : HikariPool-1 - Starting...
2025-07-30T20:18:55.183-03:00  INFO 24292 --- [tastemanager] [main] com.zaxxer.hikari.pool.HikariPool        : HikariPool-1 - Added connection conn0: url=jdbc:h2:mem:tastmanagerdb user=SA
2025-07-30T20:18:55.187-03:00  INFO 24292 --- [tastemanager] [main] com.zaxxer.hikari.HikariDataSource       : HikariPool-1 - Start completed.
2025-07-30T20:18:55.206-03:00  INFO 24292 --- [tastemanager] [main] o.s.b.a.h2.H2ConsoleAutoConfiguration    : H2 console available at '/h2-console'. Database available at 'jdbc:h2:mem:tastmanagerdb'
2025-07-30T20:18:55.468-03:00  INFO 24292 --- [tastemanager] [main] o.hibernate.jpa.internal.util.LogHelper  : HHH000204: Processing PersistenceUnitInfo [name: default]
2025-07-30T20:18:55.574-03:00  INFO 24292 --- [tastemanager] [main] org.hibernate.Version                    : HHH000412: Hibernate ORM core version 6.4.4.Final
2025-07-30T20:18:55.654-03:00  INFO 24292 --- [tastemanager] [main] o.h.c.internal.RegionFactoryInitiator    : HHH000026: Second-level cache disabled
2025-07-30T20:18:56.112-03:00  INFO 24292 --- [tastemanager] [main] o.s.o.j.p.SpringPersistenceUnitInfo      : No LoadTimeWeaver setup: ignoring JPA class transformer
2025-07-30T20:18:56.202-03:00  WARN 24292 --- [tastemanager] [main] org.hibernate.orm.deprecation            : HHH90000025: H2Dialect does not need to be specified explicitly using 'hibernate.dialect' (remove the property setting and it will be selected by default)
2025-07-30T20:18:57.925-03:00  INFO 24292 --- [tastemanager] [main] o.h.e.t.j.p.i.JtaPlatformInitiator       : HHH000489: No JTA platform available (set 'hibernate.transaction.jta.platform' to enable JTA platform integration)
2025-07-30T20:18:58.063-03:00  INFO 24292 --- [tastemanager] [main] j.LocalContainerEntityManagerFactoryBean : Initialized JPA EntityManagerFactory for persistence unit 'default'
2025-07-30T20:18:58.813-03:00  INFO 24292 --- [tastemanager] [main] o.s.d.j.r.query.QueryEnhancerFactory     : Hibernate is in classpath; If applicable, HQL parser will be used.
2025-07-30T20:18:59.867-03:00  WARN 24292 --- [tastemanager] [main] JpaBaseConfiguration$JpaWebConfiguration : spring.jpa.open-in-view is enabled by default. Therefore, database queries may be performed during view rendering. Explicitly configure spring.jpa.open-in-view to disable this warning
2025-07-30T20:19:00.123-03:00 DEBUG 24292 --- [tastemanager] [main] s.w.s.m.m.a.RequestMappingHandlerMapping : 27 mappings in 'requestMappingHandlerMapping'
2025-07-30T20:19:00.270-03:00 DEBUG 24292 --- [tastemanager] [main] o.s.w.s.handler.SimpleUrlHandlerMapping  : Patterns [/webjars/**, /**, /swagger-ui*/*swagger-initializer.js, /swagger-ui*/**] in 'resourceHandlerMapping'
2025-07-30T20:19:00.370-03:00 DEBUG 24292 --- [tastemanager] [main] s.w.s.m.m.a.RequestMappingHandlerAdapter : ControllerAdvice beans: 0 @ModelAttribute, 0 @InitBinder, 1 RequestBodyAdvice, 1 ResponseBodyAdvice
2025-07-30T20:19:00.435-03:00 DEBUG 24292 --- [tastemanager] [main] .m.m.a.ExceptionHandlerExceptionResolver : ControllerAdvice beans: 2 @ExceptionHandler, 1 ResponseBodyAdvice
2025-07-30T20:19:00.811-03:00  INFO 24292 --- [tastemanager] [main] o.s.b.w.embedded.tomcat.TomcatWebServer  : Tomcat started on port 8080 (http) with context path ''
2025-07-30T20:19:00.824-03:00  INFO 24292 --- [tastemanager] [main] b.c.t.TasteManagerApplication            : Started TasteManagerApplication in 10.016 seconds (process running for 10.806)
2025-07-30T20:19:11.944-03:00  INFO 24292 --- [tastemanager] [http-nio-8080-exec-2] o.a.c.c.C.[Tomcat].[localhost].[/]       : Initializing Spring DispatcherServlet 'dispatcherServlet'
2025-07-30T20:19:11.944-03:00  INFO 24292 --- [tastemanager] [http-nio-8080-exec-2] o.s.web.servlet.DispatcherServlet        : Initializing Servlet 'dispatcherServlet'
2025-07-30T20:19:11.944-03:00 DEBUG 24292 --- [tastemanager] [http-nio-8080-exec-2] o.s.web.servlet.DispatcherServlet        : Detected StandardServletMultipartResolver
2025-07-30T20:19:11.944-03:00 DEBUG 24292 --- [tastemanager] [http-nio-8080-exec-2] o.s.web.servlet.DispatcherServlet        : Detected AcceptHeaderLocaleResolver
2025-07-30T20:19:11.952-03:00 DEBUG 24292 --- [tastemanager] [http-nio-8080-exec-2] o.s.web.servlet.DispatcherServlet        : Detected FixedThemeResolver
2025-07-30T20:19:11.963-03:00 DEBUG 24292 --- [tastemanager] [http-nio-8080-exec-2] o.s.web.servlet.DispatcherServlet        : Detected org.springframework.web.servlet.view.DefaultRequestToViewNameTranslator@6b1cc2fb
2025-07-30T20:19:11.963-03:00 DEBUG 24292 --- [tastemanager] [http-nio-8080-exec-2] o.s.web.servlet.DispatcherServlet        : Detected org.springframework.web.servlet.support.SessionFlashMapManager@1925b113
2025-07-30T20:19:11.965-03:00 DEBUG 24292 --- [tastemanager] [http-nio-8080-exec-2] o.s.web.servlet.DispatcherServlet        : enableLoggingRequestDetails='false': request parameters and headers will be masked to prevent unsafe logging of potentially sensitive data
2025-07-30T20:19:11.965-03:00  INFO 24292 --- [tastemanager] [http-nio-8080-exec-2] o.s.web.servlet.DispatcherServlet        : Completed initialization in 21 ms
2025-07-30T20:19:11.997-03:00 DEBUG 24292 --- [tastemanager] [http-nio-8080-exec-2] o.s.web.servlet.DispatcherServlet        : POST "/menu/create/2", parameters={}
2025-07-30T20:19:12.039-03:00 DEBUG 24292 --- [tastemanager] [http-nio-8080-exec-2] s.w.s.m.m.a.RequestMappingHandlerMapping : Mapped to br.com.tastemanager.controller.MenuController#createMenu(Long, MenuRequestDTO)
2025-07-30T20:19:12.450-03:00 DEBUG 24292 --- [tastemanager] [http-nio-8080-exec-2] m.m.a.RequestResponseBodyMethodProcessor : Read "application/json;charset=UTF-8" to [br.com.tastemanager.dto.request.MenuRequestDTO@d953a4b]
2025-07-30T20:19:13.072-03:00 DEBUG 24292 --- [tastemanager] [http-nio-8080-exec-2] o.s.w.s.m.m.a.HttpEntityMethodProcessor  : Using 'application/json', given [*/*] and supported [application/json, application/*+json]
2025-07-30T20:19:13.074-03:00 DEBUG 24292 --- [tastemanager] [http-nio-8080-exec-2] o.s.w.s.m.m.a.HttpEntityMethodProcessor  : Writing [br.com.tastemanager.dto.response.MenuResponseDTO@1826ea6f]
2025-07-30T20:19:13.124-03:00 DEBUG 24292 --- [tastemanager] [http-nio-8080-exec-2] o.s.web.servlet.DispatcherServlet        : Completed 201 CREATED
2025-07-30T20:19:16.561-03:00 DEBUG 24292 --- [tastemanager] [http-nio-8080-exec-7] o.s.web.servlet.DispatcherServlet        : POST "/menu/create/2", parameters={}
2025-07-30T20:19:16.567-03:00 DEBUG 24292 --- [tastemanager] [http-nio-8080-exec-7] s.w.s.m.m.a.RequestMappingHandlerMapping : Mapped to br.com.tastemanager.controller.MenuController#createMenu(Long, MenuRequestDTO)
2025-07-30T20:19:16.574-03:00 DEBUG 24292 --- [tastemanager] [http-nio-8080-exec-7] m.m.a.RequestResponseBodyMethodProcessor : Read "application/json;charset=UTF-8" to [br.com.tastemanager.dto.request.MenuRequestDTO@23e6b90c]
2025-07-30T20:19:16.608-03:00 DEBUG 24292 --- [tastemanager] [http-nio-8080-exec-7] o.s.web.servlet.DispatcherServlet        : Failed to complete request: java.lang.IllegalStateException: Já existe um menu para este restaurante
2025-07-30T20:19:16.620-03:00 ERROR 24292 --- [tastemanager] [http-nio-8080-exec-7] o.a.c.c.C.[.[.[/].[dispatcherServlet]    : Servlet.service() for servlet [dispatcherServlet] in context with path [] threw exception [Request processing failed: java.lang.IllegalStateException: Já existe um menu para este restaurante] with root cause

java.lang.IllegalStateException: Já existe um menu para este restaurante
	at br.com.tastemanager.service.MenuService.createMenu(MenuService.java:35) ~[classes/:na]
	at br.com.tastemanager.controller.MenuController.createMenu(MenuController.java:25) ~[classes/:na]
	at java.base/jdk.internal.reflect.DirectMethodHandleAccessor.invoke(DirectMethodHandleAccessor.java:103) ~[na:na]
	at java.base/java.lang.reflect.Method.invoke(Method.java:580) ~[na:na]
	at org.springframework.web.method.support.InvocableHandlerMethod.doInvoke(InvocableHandlerMethod.java:255) ~[spring-web-6.1.6.jar:6.1.6]
	at org.springframework.web.method.support.InvocableHandlerMethod.invokeForRequest(InvocableHandlerMethod.java:188) ~[spring-web-6.1.6.jar:6.1.6]
	at org.springframework.web.servlet.mvc.method.annotation.ServletInvocableHandlerMethod.invokeAndHandle(ServletInvocableHandlerMethod.java:118) ~[spring-webmvc-6.1.6.jar:6.1.6]
	at org.springframework.web.servlet.mvc.method.annotation.RequestMappingHandlerAdapter.invokeHandlerMethod(RequestMappingHandlerAdapter.java:926) ~[spring-webmvc-6.1.6.jar:6.1.6]
	at org.springframework.web.servlet.mvc.method.annotation.RequestMappingHandlerAdapter.handleInternal(RequestMappingHandlerAdapter.java:831) ~[spring-webmvc-6.1.6.jar:6.1.6]
	at org.springframework.web.servlet.mvc.method.AbstractHandlerMethodAdapter.handle(AbstractHandlerMethodAdapter.java:87) ~[spring-webmvc-6.1.6.jar:6.1.6]
	at org.springframework.web.servlet.DispatcherServlet.doDispatch(DispatcherServlet.java:1089) ~[spring-webmvc-6.1.6.jar:6.1.6]
	at org.springframework.web.servlet.DispatcherServlet.doService(DispatcherServlet.java:979) ~[spring-webmvc-6.1.6.jar:6.1.6]
	at org.springframework.web.servlet.FrameworkServlet.processRequest(FrameworkServlet.java:1014) ~[spring-webmvc-6.1.6.jar:6.1.6]
	at org.springframework.web.servlet.FrameworkServlet.doPost(FrameworkServlet.java:914) ~[spring-webmvc-6.1.6.jar:6.1.6]
	at jakarta.servlet.http.HttpServlet.service(HttpServlet.java:590) ~[tomcat-embed-core-10.1.20.jar:6.0]
	at org.springframework.web.servlet.FrameworkServlet.service(FrameworkServlet.java:885) ~[spring-webmvc-6.1.6.jar:6.1.6]
	at jakarta.servlet.http.HttpServlet.service(HttpServlet.java:658) ~[tomcat-embed-core-10.1.20.jar:6.0]
	at org.apache.catalina.core.ApplicationFilterChain.internalDoFilter(ApplicationFilterChain.java:206) ~[tomcat-embed-core-10.1.20.jar:10.1.20]
	at org.apache.catalina.core.ApplicationFilterChain.doFilter(ApplicationFilterChain.java:150) ~[tomcat-embed-core-10.1.20.jar:10.1.20]
	at org.apache.tomcat.websocket.server.WsFilter.doFilter(WsFilter.java:51) ~[tomcat-embed-websocket-10.1.20.jar:10.1.20]
	at org.apache.catalina.core.ApplicationFilterChain.internalDoFilter(ApplicationFilterChain.java:175) ~[tomcat-embed-core-10.1.20.jar:10.1.20]
	at org.apache.catalina.core.ApplicationFilterChain.doFilter(ApplicationFilterChain.java:150) ~[tomcat-embed-core-10.1.20.jar:10.1.20]
	at org.springframework.web.filter.RequestContextFilter.doFilterInternal(RequestContextFilter.java:100) ~[spring-web-6.1.6.jar:6.1.6]
	at org.springframework.web.filter.OncePerRequestFilter.doFilter(OncePerRequestFilter.java:116) ~[spring-web-6.1.6.jar:6.1.6]
	at org.apache.catalina.core.ApplicationFilterChain.internalDoFilter(ApplicationFilterChain.java:175) ~[tomcat-embed-core-10.1.20.jar:10.1.20]
	at org.apache.catalina.core.ApplicationFilterChain.doFilter(ApplicationFilterChain.java:150) ~[tomcat-embed-core-10.1.20.jar:10.1.20]
	at org.springframework.web.filter.FormContentFilter.doFilterInternal(FormContentFilter.java:93) ~[spring-web-6.1.6.jar:6.1.6]
	at org.springframework.web.filter.OncePerRequestFilter.doFilter(OncePerRequestFilter.java:116) ~[spring-web-6.1.6.jar:6.1.6]
	at org.apache.catalina.core.ApplicationFilterChain.internalDoFilter(ApplicationFilterChain.java:175) ~[tomcat-embed-core-10.1.20.jar:10.1.20]
	at org.apache.catalina.core.ApplicationFilterChain.doFilter(ApplicationFilterChain.java:150) ~[tomcat-embed-core-10.1.20.jar:10.1.20]
	at org.springframework.web.filter.CharacterEncodingFilter.doFilterInternal(CharacterEncodingFilter.java:201) ~[spring-web-6.1.6.jar:6.1.6]
	at org.springframework.web.filter.OncePerRequestFilter.doFilter(OncePerRequestFilter.java:116) ~[spring-web-6.1.6.jar:6.1.6]
	at org.apache.catalina.core.ApplicationFilterChain.internalDoFilter(ApplicationFilterChain.java:175) ~[tomcat-embed-core-10.1.20.jar:10.1.20]
	at org.apache.catalina.core.ApplicationFilterChain.doFilter(ApplicationFilterChain.java:150) ~[tomcat-embed-core-10.1.20.jar:10.1.20]
	at org.apache.catalina.core.StandardWrapperValve.invoke(StandardWrapperValve.java:167) ~[tomcat-embed-core-10.1.20.jar:10.1.20]
	at org.apache.catalina.core.StandardContextValve.invoke(StandardContextValve.java:90) ~[tomcat-embed-core-10.1.20.jar:10.1.20]
	at org.apache.catalina.authenticator.AuthenticatorBase.invoke(AuthenticatorBase.java:482) ~[tomcat-embed-core-10.1.20.jar:10.1.20]
	at org.apache.catalina.core.StandardHostValve.invoke(StandardHostValve.java:115) ~[tomcat-embed-core-10.1.20.jar:10.1.20]
	at org.apache.catalina.valves.ErrorReportValve.invoke(ErrorReportValve.java:93) ~[tomcat-embed-core-10.1.20.jar:10.1.20]
	at org.apache.catalina.core.StandardEngineValve.invoke(StandardEngineValve.java:74) ~[tomcat-embed-core-10.1.20.jar:10.1.20]
	at org.apache.catalina.connector.CoyoteAdapter.service(CoyoteAdapter.java:344) ~[tomcat-embed-core-10.1.20.jar:10.1.20]
	at org.apache.coyote.http11.Http11Processor.service(Http11Processor.java:391) ~[tomcat-embed-core-10.1.20.jar:10.1.20]
	at org.apache.coyote.AbstractProcessorLight.process(AbstractProcessorLight.java:63) ~[tomcat-embed-core-10.1.20.jar:10.1.20]
	at org.apache.coyote.AbstractProtocol$ConnectionHandler.process(AbstractProtocol.java:896) ~[tomcat-embed-core-10.1.20.jar:10.1.20]
	at org.apache.tomcat.util.net.NioEndpoint$SocketProcessor.doRun(NioEndpoint.java:1736) ~[tomcat-embed-core-10.1.20.jar:10.1.20]
	at org.apache.tomcat.util.net.SocketProcessorBase.run(SocketProcessorBase.java:52) ~[tomcat-embed-core-10.1.20.jar:10.1.20]
	at org.apache.tomcat.util.threads.ThreadPoolExecutor.runWorker(ThreadPoolExecutor.java:1191) ~[tomcat-embed-core-10.1.20.jar:10.1.20]
	at org.apache.tomcat.util.threads.ThreadPoolExecutor$Worker.run(ThreadPoolExecutor.java:659) ~[tomcat-embed-core-10.1.20.jar:10.1.20]
	at org.apache.tomcat.util.threads.TaskThread$WrappingRunnable.run(TaskThread.java:63) ~[tomcat-embed-core-10.1.20.jar:10.1.20]
	at java.base/java.lang.Thread.run(Thread.java:1583) ~[na:na]

2025-07-30T20:19:16.671-03:00 DEBUG 24292 --- [tastemanager] [http-nio-8080-exec-7] o.s.web.servlet.DispatcherServlet        : "ERROR" dispatch for POST "/error", parameters={}
2025-07-30T20:19:16.682-03:00 DEBUG 24292 --- [tastemanager] [http-nio-8080-exec-7] s.w.s.m.m.a.RequestMappingHandlerMapping : Mapped to org.springframework.boot.autoconfigure.web.servlet.error.BasicErrorController#error(HttpServletRequest)
2025-07-30T20:19:16.759-03:00 DEBUG 24292 --- [tastemanager] [http-nio-8080-exec-7] o.s.w.s.m.m.a.HttpEntityMethodProcessor  : Using 'application/json', given [*/*] and supported [application/json, application/*+json]
2025-07-30T20:19:16.774-03:00 DEBUG 24292 --- [tastemanager] [http-nio-8080-exec-7] o.s.w.s.m.m.a.HttpEntityMethodProcessor  : Writing [{timestamp=Wed Jul 30 20:19:16 BRT 2025, status=500, error=Internal Server Error, path=/menu/create/ (truncated)...]
2025-07-30T20:19:16.972-03:00 DEBUG 24292 --- [tastemanager] [http-nio-8080-exec-7] o.s.web.servlet.DispatcherServlet        : Exiting from "ERROR" dispatch, status 500
2025-07-30T20:21:41.908-03:00  INFO 24292 --- [tastemanager] [SpringApplicationShutdownHook] j.LocalContainerEntityManagerFactoryBean : Closing JPA EntityManagerFactory for persistence unit 'default'
2025-07-30T20:21:41.912-03:00  INFO 24292 --- [tastemanager] [SpringApplicationShutdownHook] com.zaxxer.hikari.HikariDataSource       : HikariPool-1 - Shutdown initiated...
2025-07-30T20:21:41.932-03:00  INFO 24292 --- [tastemanager] [SpringApplicationShutdownHook] com.zaxxer.hikari.HikariDataSource       : HikariPool-1 - Shutdown completed.
2025-07-30T20:21:48.474-03:00  INFO 30748 --- [tastemanager] [main] b.c.t.TasteManagerApplication            : Starting TasteManagerApplication using Java 21.0.7 with PID 30748 (C:\Users\silva\Projects\FIAP\tastemanager\target\classes started by silva in C:\Users\silva\Projects\FIAP\tastemanager)
2025-07-30T20:21:48.478-03:00  INFO 30748 --- [tastemanager] [main] b.c.t.TasteManagerApplication            : No active profile set, falling back to 1 default profile: "default"
2025-07-30T20:21:50.165-03:00  INFO 30748 --- [tastemanager] [main] .s.d.r.c.RepositoryConfigurationDelegate : Bootstrapping Spring Data JPA repositories in DEFAULT mode.
2025-07-30T20:21:50.334-03:00  INFO 30748 --- [tastemanager] [main] .s.d.r.c.RepositoryConfigurationDelegate : Finished Spring Data repository scanning in 152 ms. Found 4 JPA repository interfaces.
2025-07-30T20:21:51.516-03:00  INFO 30748 --- [tastemanager] [main] o.s.b.w.embedded.tomcat.TomcatWebServer  : Tomcat initialized with port 8080 (http)
2025-07-30T20:21:51.543-03:00  INFO 30748 --- [tastemanager] [main] o.apache.catalina.core.StandardService   : Starting service [Tomcat]
2025-07-30T20:21:51.544-03:00  INFO 30748 --- [tastemanager] [main] o.apache.catalina.core.StandardEngine    : Starting Servlet engine: [Apache Tomcat/10.1.20]
2025-07-30T20:21:51.661-03:00  INFO 30748 --- [tastemanager] [main] o.a.c.c.C.[Tomcat].[localhost].[/]       : Initializing Spring embedded WebApplicationContext
2025-07-30T20:21:51.662-03:00  INFO 30748 --- [tastemanager] [main] w.s.c.ServletWebServerApplicationContext : Root WebApplicationContext: initialization completed in 3100 ms
2025-07-30T20:21:51.734-03:00  INFO 30748 --- [tastemanager] [main] com.zaxxer.hikari.HikariDataSource       : HikariPool-1 - Starting...
2025-07-30T20:21:52.110-03:00  INFO 30748 --- [tastemanager] [main] com.zaxxer.hikari.pool.HikariPool        : HikariPool-1 - Added connection conn0: url=jdbc:h2:mem:tastmanagerdb user=SA
2025-07-30T20:21:52.113-03:00  INFO 30748 --- [tastemanager] [main] com.zaxxer.hikari.HikariDataSource       : HikariPool-1 - Start completed.
2025-07-30T20:21:52.130-03:00  INFO 30748 --- [tastemanager] [main] o.s.b.a.h2.H2ConsoleAutoConfiguration    : H2 console available at '/h2-console'. Database available at 'jdbc:h2:mem:tastmanagerdb'
2025-07-30T20:21:52.358-03:00  INFO 30748 --- [tastemanager] [main] o.hibernate.jpa.internal.util.LogHelper  : HHH000204: Processing PersistenceUnitInfo [name: default]
2025-07-30T20:21:52.456-03:00  INFO 30748 --- [tastemanager] [main] org.hibernate.Version                    : HHH000412: Hibernate ORM core version 6.4.4.Final
2025-07-30T20:21:52.547-03:00  INFO 30748 --- [tastemanager] [main] o.h.c.internal.RegionFactoryInitiator    : HHH000026: Second-level cache disabled
2025-07-30T20:21:53.060-03:00  INFO 30748 --- [tastemanager] [main] o.s.o.j.p.SpringPersistenceUnitInfo      : No LoadTimeWeaver setup: ignoring JPA class transformer
2025-07-30T20:21:53.131-03:00  WARN 30748 --- [tastemanager] [main] org.hibernate.orm.deprecation            : HHH90000025: H2Dialect does not need to be specified explicitly using 'hibernate.dialect' (remove the property setting and it will be selected by default)
2025-07-30T20:21:54.654-03:00  INFO 30748 --- [tastemanager] [main] o.h.e.t.j.p.i.JtaPlatformInitiator       : HHH000489: No JTA platform available (set 'hibernate.transaction.jta.platform' to enable JTA platform integration)
2025-07-30T20:21:54.795-03:00  INFO 30748 --- [tastemanager] [main] j.LocalContainerEntityManagerFactoryBean : Initialized JPA EntityManagerFactory for persistence unit 'default'
2025-07-30T20:21:55.444-03:00  INFO 30748 --- [tastemanager] [main] o.s.d.j.r.query.QueryEnhancerFactory     : Hibernate is in classpath; If applicable, HQL parser will be used.
2025-07-30T20:21:56.417-03:00  WARN 30748 --- [tastemanager] [main] JpaBaseConfiguration$JpaWebConfiguration : spring.jpa.open-in-view is enabled by default. Therefore, database queries may be performed during view rendering. Explicitly configure spring.jpa.open-in-view to disable this warning
2025-07-30T20:21:56.664-03:00 DEBUG 30748 --- [tastemanager] [main] s.w.s.m.m.a.RequestMappingHandlerMapping : 27 mappings in 'requestMappingHandlerMapping'
2025-07-30T20:21:56.806-03:00 DEBUG 30748 --- [tastemanager] [main] o.s.w.s.handler.SimpleUrlHandlerMapping  : Patterns [/webjars/**, /**, /swagger-ui*/*swagger-initializer.js, /swagger-ui*/**] in 'resourceHandlerMapping'
2025-07-30T20:21:56.887-03:00 DEBUG 30748 --- [tastemanager] [main] s.w.s.m.m.a.RequestMappingHandlerAdapter : ControllerAdvice beans: 0 @ModelAttribute, 0 @InitBinder, 1 RequestBodyAdvice, 1 ResponseBodyAdvice
2025-07-30T20:21:56.947-03:00 DEBUG 30748 --- [tastemanager] [main] .m.m.a.ExceptionHandlerExceptionResolver : ControllerAdvice beans: 2 @ExceptionHandler, 1 ResponseBodyAdvice
2025-07-30T20:21:57.348-03:00  INFO 30748 --- [tastemanager] [main] o.s.b.w.embedded.tomcat.TomcatWebServer  : Tomcat started on port 8080 (http) with context path ''
2025-07-30T20:21:57.364-03:00  INFO 30748 --- [tastemanager] [main] b.c.t.TasteManagerApplication            : Started TasteManagerApplication in 9.716 seconds (process running for 10.557)
2025-07-30T20:22:03.883-03:00  INFO 30748 --- [tastemanager] [http-nio-8080-exec-3] o.a.c.c.C.[Tomcat].[localhost].[/]       : Initializing Spring DispatcherServlet 'dispatcherServlet'
2025-07-30T20:22:03.884-03:00  INFO 30748 --- [tastemanager] [http-nio-8080-exec-3] o.s.web.servlet.DispatcherServlet        : Initializing Servlet 'dispatcherServlet'
2025-07-30T20:22:03.884-03:00 DEBUG 30748 --- [tastemanager] [http-nio-8080-exec-3] o.s.web.servlet.DispatcherServlet        : Detected StandardServletMultipartResolver
2025-07-30T20:22:03.884-03:00 DEBUG 30748 --- [tastemanager] [http-nio-8080-exec-3] o.s.web.servlet.DispatcherServlet        : Detected AcceptHeaderLocaleResolver
2025-07-30T20:22:03.884-03:00 DEBUG 30748 --- [tastemanager] [http-nio-8080-exec-3] o.s.web.servlet.DispatcherServlet        : Detected FixedThemeResolver
2025-07-30T20:22:03.888-03:00 DEBUG 30748 --- [tastemanager] [http-nio-8080-exec-3] o.s.web.servlet.DispatcherServlet        : Detected org.springframework.web.servlet.view.DefaultRequestToViewNameTranslator@19fdcaba
2025-07-30T20:22:03.888-03:00 DEBUG 30748 --- [tastemanager] [http-nio-8080-exec-3] o.s.web.servlet.DispatcherServlet        : Detected org.springframework.web.servlet.support.SessionFlashMapManager@6107b3cb
2025-07-30T20:22:03.889-03:00 DEBUG 30748 --- [tastemanager] [http-nio-8080-exec-3] o.s.web.servlet.DispatcherServlet        : enableLoggingRequestDetails='false': request parameters and headers will be masked to prevent unsafe logging of potentially sensitive data
2025-07-30T20:22:03.890-03:00  INFO 30748 --- [tastemanager] [http-nio-8080-exec-3] o.s.web.servlet.DispatcherServlet        : Completed initialization in 6 ms
2025-07-30T20:22:03.907-03:00 DEBUG 30748 --- [tastemanager] [http-nio-8080-exec-3] o.s.web.servlet.DispatcherServlet        : POST "/menu/create/2", parameters={}
2025-07-30T20:22:03.932-03:00 DEBUG 30748 --- [tastemanager] [http-nio-8080-exec-3] s.w.s.m.m.a.RequestMappingHandlerMapping : Mapped to br.com.tastemanager.controller.MenuController#createMenu(Long, MenuRequestDTO)
2025-07-30T20:22:04.097-03:00 DEBUG 30748 --- [tastemanager] [http-nio-8080-exec-3] m.m.a.RequestResponseBodyMethodProcessor : Read "application/json;charset=UTF-8" to [br.com.tastemanager.dto.request.MenuRequestDTO@415933e7]
2025-07-30T20:22:04.398-03:00 DEBUG 30748 --- [tastemanager] [http-nio-8080-exec-3] o.s.w.s.m.m.a.HttpEntityMethodProcessor  : Using 'application/json', given [*/*] and supported [application/json, application/*+json]
2025-07-30T20:22:04.401-03:00 DEBUG 30748 --- [tastemanager] [http-nio-8080-exec-3] o.s.w.s.m.m.a.HttpEntityMethodProcessor  : Writing [br.com.tastemanager.dto.response.MenuResponseDTO@3ef2ce1b]
2025-07-30T20:22:04.429-03:00 DEBUG 30748 --- [tastemanager] [http-nio-8080-exec-3] o.s.web.servlet.DispatcherServlet        : Completed 201 CREATED
2025-07-30T20:22:06.827-03:00 DEBUG 30748 --- [tastemanager] [http-nio-8080-exec-4] o.s.web.servlet.DispatcherServlet        : POST "/menu/create/2", parameters={}
2025-07-30T20:22:06.833-03:00 DEBUG 30748 --- [tastemanager] [http-nio-8080-exec-4] s.w.s.m.m.a.RequestMappingHandlerMapping : Mapped to br.com.tastemanager.controller.MenuController#createMenu(Long, MenuRequestDTO)
2025-07-30T20:22:06.835-03:00 DEBUG 30748 --- [tastemanager] [http-nio-8080-exec-4] m.m.a.RequestResponseBodyMethodProcessor : Read "application/json;charset=UTF-8" to [br.com.tastemanager.dto.request.MenuRequestDTO@740965ef]
2025-07-30T20:22:06.906-03:00 DEBUG 30748 --- [tastemanager] [http-nio-8080-exec-4] o.s.web.servlet.DispatcherServlet        : Failed to complete request: org.springframework.orm.jpa.JpaSystemException: A collection with cascade="all-delete-orphan" was no longer referenced by the owning entity instance: br.com.tastemanager.entity.Menu.items
2025-07-30T20:22:06.908-03:00 ERROR 30748 --- [tastemanager] [http-nio-8080-exec-4] o.a.c.c.C.[.[.[/].[dispatcherServlet]    : Servlet.service() for servlet [dispatcherServlet] in context with path [] threw exception [Request processing failed: org.springframework.orm.jpa.JpaSystemException: A collection with cascade="all-delete-orphan" was no longer referenced by the owning entity instance: br.com.tastemanager.entity.Menu.items] with root cause

org.hibernate.HibernateException: A collection with cascade="all-delete-orphan" was no longer referenced by the owning entity instance: br.com.tastemanager.entity.Menu.items
	at org.hibernate.engine.internal.Collections.processDereferencedCollection(Collections.java:98) ~[hibernate-core-6.4.4.Final.jar:6.4.4.Final]
	at org.hibernate.engine.internal.Collections.processUnreachableCollection(Collections.java:49) ~[hibernate-core-6.4.4.Final.jar:6.4.4.Final]
	at org.hibernate.event.internal.AbstractFlushingEventListener.lambda$flushCollections$1(AbstractFlushingEventListener.java:270) ~[hibernate-core-6.4.4.Final.jar:6.4.4.Final]
	at org.hibernate.engine.internal.StatefulPersistenceContext.forEachCollectionEntry(StatefulPersistenceContext.java:1327) ~[hibernate-core-6.4.4.Final.jar:6.4.4.Final]
	at org.hibernate.event.internal.AbstractFlushingEventListener.flushCollections(AbstractFlushingEventListener.java:267) ~[hibernate-core-6.4.4.Final.jar:6.4.4.Final]
	at org.hibernate.event.internal.AbstractFlushingEventListener.flushEverythingToExecutions(AbstractFlushingEventListener.java:91) ~[hibernate-core-6.4.4.Final.jar:6.4.4.Final]
	at org.hibernate.event.internal.DefaultFlushEventListener.onFlush(DefaultFlushEventListener.java:40) ~[hibernate-core-6.4.4.Final.jar:6.4.4.Final]
	at org.hibernate.event.service.internal.EventListenerGroupImpl.fireEventOnEachListener(EventListenerGroupImpl.java:127) ~[hibernate-core-6.4.4.Final.jar:6.4.4.Final]
	at org.hibernate.internal.SessionImpl.doFlush(SessionImpl.java:1403) ~[hibernate-core-6.4.4.Final.jar:6.4.4.Final]
	at org.hibernate.internal.SessionImpl.managedFlush(SessionImpl.java:484) ~[hibernate-core-6.4.4.Final.jar:6.4.4.Final]
	at org.hibernate.internal.SessionImpl.flushBeforeTransactionCompletion(SessionImpl.java:2319) ~[hibernate-core-6.4.4.Final.jar:6.4.4.Final]
	at org.hibernate.internal.SessionImpl.beforeTransactionCompletion(SessionImpl.java:1976) ~[hibernate-core-6.4.4.Final.jar:6.4.4.Final]
	at org.hibernate.engine.jdbc.internal.JdbcCoordinatorImpl.beforeTransactionCompletion(JdbcCoordinatorImpl.java:439) ~[hibernate-core-6.4.4.Final.jar:6.4.4.Final]
	at org.hibernate.resource.transaction.backend.jdbc.internal.JdbcResourceLocalTransactionCoordinatorImpl.beforeCompletionCallback(JdbcResourceLocalTransactionCoordinatorImpl.java:169) ~[hibernate-core-6.4.4.Final.jar:6.4.4.Final]
	at org.hibernate.resource.transaction.backend.jdbc.internal.JdbcResourceLocalTransactionCoordinatorImpl$TransactionDriverControlImpl.commit(JdbcResourceLocalTransactionCoordinatorImpl.java:267) ~[hibernate-core-6.4.4.Final.jar:6.4.4.Final]
	at org.hibernate.engine.transaction.internal.TransactionImpl.commit(TransactionImpl.java:101) ~[hibernate-core-6.4.4.Final.jar:6.4.4.Final]
	at org.springframework.orm.jpa.JpaTransactionManager.doCommit(JpaTransactionManager.java:562) ~[spring-orm-6.1.6.jar:6.1.6]
	at org.springframework.transaction.support.AbstractPlatformTransactionManager.processCommit(AbstractPlatformTransactionManager.java:794) ~[spring-tx-6.1.6.jar:6.1.6]
	at org.springframework.transaction.support.AbstractPlatformTransactionManager.commit(AbstractPlatformTransactionManager.java:757) ~[spring-tx-6.1.6.jar:6.1.6]
	at org.springframework.transaction.interceptor.TransactionAspectSupport.commitTransactionAfterReturning(TransactionAspectSupport.java:676) ~[spring-tx-6.1.6.jar:6.1.6]
	at org.springframework.transaction.interceptor.TransactionAspectSupport.invokeWithinTransaction(TransactionAspectSupport.java:426) ~[spring-tx-6.1.6.jar:6.1.6]
	at org.springframework.transaction.interceptor.TransactionInterceptor.invoke(TransactionInterceptor.java:119) ~[spring-tx-6.1.6.jar:6.1.6]
	at org.springframework.aop.framework.ReflectiveMethodInvocation.proceed(ReflectiveMethodInvocation.java:184) ~[spring-aop-6.1.6.jar:6.1.6]
	at org.springframework.dao.support.PersistenceExceptionTranslationInterceptor.invoke(PersistenceExceptionTranslationInterceptor.java:137) ~[spring-tx-6.1.6.jar:6.1.6]
	at org.springframework.aop.framework.ReflectiveMethodInvocation.proceed(ReflectiveMethodInvocation.java:184) ~[spring-aop-6.1.6.jar:6.1.6]
	at org.springframework.data.jpa.repository.support.CrudMethodMetadataPostProcessor$CrudMethodMetadataPopulatingMethodInterceptor.invoke(CrudMethodMetadataPostProcessor.java:164) ~[spring-data-jpa-3.2.5.jar:3.2.5]
	at org.springframework.aop.framework.ReflectiveMethodInvocation.proceed(ReflectiveMethodInvocation.java:184) ~[spring-aop-6.1.6.jar:6.1.6]
	at org.springframework.aop.interceptor.ExposeInvocationInterceptor.invoke(ExposeInvocationInterceptor.java:97) ~[spring-aop-6.1.6.jar:6.1.6]
	at org.springframework.aop.framework.ReflectiveMethodInvocation.proceed(ReflectiveMethodInvocation.java:184) ~[spring-aop-6.1.6.jar:6.1.6]
	at org.springframework.aop.framework.JdkDynamicAopProxy.invoke(JdkDynamicAopProxy.java:223) ~[spring-aop-6.1.6.jar:6.1.6]
	at jdk.proxy2/jdk.proxy2.$Proxy129.save(Unknown Source) ~[na:na]
	at br.com.tastemanager.service.MenuService.createMenu(MenuService.java:54) ~[classes/:na]
	at br.com.tastemanager.controller.MenuController.createMenu(MenuController.java:25) ~[classes/:na]
	at java.base/jdk.internal.reflect.DirectMethodHandleAccessor.invoke(DirectMethodHandleAccessor.java:103) ~[na:na]
	at java.base/java.lang.reflect.Method.invoke(Method.java:580) ~[na:na]
	at org.springframework.web.method.support.InvocableHandlerMethod.doInvoke(InvocableHandlerMethod.java:255) ~[spring-web-6.1.6.jar:6.1.6]
	at org.springframework.web.method.support.InvocableHandlerMethod.invokeForRequest(InvocableHandlerMethod.java:188) ~[spring-web-6.1.6.jar:6.1.6]
	at org.springframework.web.servlet.mvc.method.annotation.ServletInvocableHandlerMethod.invokeAndHandle(ServletInvocableHandlerMethod.java:118) ~[spring-webmvc-6.1.6.jar:6.1.6]
	at org.springframework.web.servlet.mvc.method.annotation.RequestMappingHandlerAdapter.invokeHandlerMethod(RequestMappingHandlerAdapter.java:926) ~[spring-webmvc-6.1.6.jar:6.1.6]
	at org.springframework.web.servlet.mvc.method.annotation.RequestMappingHandlerAdapter.handleInternal(RequestMappingHandlerAdapter.java:831) ~[spring-webmvc-6.1.6.jar:6.1.6]
	at org.springframework.web.servlet.mvc.method.AbstractHandlerMethodAdapter.handle(AbstractHandlerMethodAdapter.java:87) ~[spring-webmvc-6.1.6.jar:6.1.6]
	at org.springframework.web.servlet.DispatcherServlet.doDispatch(DispatcherServlet.java:1089) ~[spring-webmvc-6.1.6.jar:6.1.6]
	at org.springframework.web.servlet.DispatcherServlet.doService(DispatcherServlet.java:979) ~[spring-webmvc-6.1.6.jar:6.1.6]
	at org.springframework.web.servlet.FrameworkServlet.processRequest(FrameworkServlet.java:1014) ~[spring-webmvc-6.1.6.jar:6.1.6]
	at org.springframework.web.servlet.FrameworkServlet.doPost(FrameworkServlet.java:914) ~[spring-webmvc-6.1.6.jar:6.1.6]
	at jakarta.servlet.http.HttpServlet.service(HttpServlet.java:590) ~[tomcat-embed-core-10.1.20.jar:6.0]
	at org.springframework.web.servlet.FrameworkServlet.service(FrameworkServlet.java:885) ~[spring-webmvc-6.1.6.jar:6.1.6]
	at jakarta.servlet.http.HttpServlet.service(HttpServlet.java:658) ~[tomcat-embed-core-10.1.20.jar:6.0]
	at org.apache.catalina.core.ApplicationFilterChain.internalDoFilter(ApplicationFilterChain.java:206) ~[tomcat-embed-core-10.1.20.jar:10.1.20]
	at org.apache.catalina.core.ApplicationFilterChain.doFilter(ApplicationFilterChain.java:150) ~[tomcat-embed-core-10.1.20.jar:10.1.20]
	at org.apache.tomcat.websocket.server.WsFilter.doFilter(WsFilter.java:51) ~[tomcat-embed-websocket-10.1.20.jar:10.1.20]
	at org.apache.catalina.core.ApplicationFilterChain.internalDoFilter(ApplicationFilterChain.java:175) ~[tomcat-embed-core-10.1.20.jar:10.1.20]
	at org.apache.catalina.core.ApplicationFilterChain.doFilter(ApplicationFilterChain.java:150) ~[tomcat-embed-core-10.1.20.jar:10.1.20]
	at org.springframework.web.filter.RequestContextFilter.doFilterInternal(RequestContextFilter.java:100) ~[spring-web-6.1.6.jar:6.1.6]
	at org.springframework.web.filter.OncePerRequestFilter.doFilter(OncePerRequestFilter.java:116) ~[spring-web-6.1.6.jar:6.1.6]
	at org.apache.catalina.core.ApplicationFilterChain.internalDoFilter(ApplicationFilterChain.java:175) ~[tomcat-embed-core-10.1.20.jar:10.1.20]
	at org.apache.catalina.core.ApplicationFilterChain.doFilter(ApplicationFilterChain.java:150) ~[tomcat-embed-core-10.1.20.jar:10.1.20]
	at org.springframework.web.filter.FormContentFilter.doFilterInternal(FormContentFilter.java:93) ~[spring-web-6.1.6.jar:6.1.6]
	at org.springframework.web.filter.OncePerRequestFilter.doFilter(OncePerRequestFilter.java:116) ~[spring-web-6.1.6.jar:6.1.6]
	at org.apache.catalina.core.ApplicationFilterChain.internalDoFilter(ApplicationFilterChain.java:175) ~[tomcat-embed-core-10.1.20.jar:10.1.20]
	at org.apache.catalina.core.ApplicationFilterChain.doFilter(ApplicationFilterChain.java:150) ~[tomcat-embed-core-10.1.20.jar:10.1.20]
	at org.springframework.web.filter.CharacterEncodingFilter.doFilterInternal(CharacterEncodingFilter.java:201) ~[spring-web-6.1.6.jar:6.1.6]
	at org.springframework.web.filter.OncePerRequestFilter.doFilter(OncePerRequestFilter.java:116) ~[spring-web-6.1.6.jar:6.1.6]
	at org.apache.catalina.core.ApplicationFilterChain.internalDoFilter(ApplicationFilterChain.java:175) ~[tomcat-embed-core-10.1.20.jar:10.1.20]
	at org.apache.catalina.core.ApplicationFilterChain.doFilter(ApplicationFilterChain.java:150) ~[tomcat-embed-core-10.1.20.jar:10.1.20]
	at org.apache.catalina.core.StandardWrapperValve.invoke(StandardWrapperValve.java:167) ~[tomcat-embed-core-10.1.20.jar:10.1.20]
	at org.apache.catalina.core.StandardContextValve.invoke(StandardContextValve.java:90) ~[tomcat-embed-core-10.1.20.jar:10.1.20]
	at org.apache.catalina.authenticator.AuthenticatorBase.invoke(AuthenticatorBase.java:482) ~[tomcat-embed-core-10.1.20.jar:10.1.20]
	at org.apache.catalina.core.StandardHostValve.invoke(StandardHostValve.java:115) ~[tomcat-embed-core-10.1.20.jar:10.1.20]
	at org.apache.catalina.valves.ErrorReportValve.invoke(ErrorReportValve.java:93) ~[tomcat-embed-core-10.1.20.jar:10.1.20]
	at org.apache.catalina.core.StandardEngineValve.invoke(StandardEngineValve.java:74) ~[tomcat-embed-core-10.1.20.jar:10.1.20]
	at org.apache.catalina.connector.CoyoteAdapter.service(CoyoteAdapter.java:344) ~[tomcat-embed-core-10.1.20.jar:10.1.20]
	at org.apache.coyote.http11.Http11Processor.service(Http11Processor.java:391) ~[tomcat-embed-core-10.1.20.jar:10.1.20]
	at org.apache.coyote.AbstractProcessorLight.process(AbstractProcessorLight.java:63) ~[tomcat-embed-core-10.1.20.jar:10.1.20]
	at org.apache.coyote.AbstractProtocol$ConnectionHandler.process(AbstractProtocol.java:896) ~[tomcat-embed-core-10.1.20.jar:10.1.20]
	at org.apache.tomcat.util.net.NioEndpoint$SocketProcessor.doRun(NioEndpoint.java:1736) ~[tomcat-embed-core-10.1.20.jar:10.1.20]
	at org.apache.tomcat.util.net.SocketProcessorBase.run(SocketProcessorBase.java:52) ~[tomcat-embed-core-10.1.20.jar:10.1.20]
	at org.apache.tomcat.util.threads.ThreadPoolExecutor.runWorker(ThreadPoolExecutor.java:1191) ~[tomcat-embed-core-10.1.20.jar:10.1.20]
	at org.apache.tomcat.util.threads.ThreadPoolExecutor$Worker.run(ThreadPoolExecutor.java:659) ~[tomcat-embed-core-10.1.20.jar:10.1.20]
	at org.apache.tomcat.util.threads.TaskThread$WrappingRunnable.run(TaskThread.java:63) ~[tomcat-embed-core-10.1.20.jar:10.1.20]
	at java.base/java.lang.Thread.run(Thread.java:1583) ~[na:na]

2025-07-30T20:22:06.953-03:00 DEBUG 30748 --- [tastemanager] [http-nio-8080-exec-4] o.s.web.servlet.DispatcherServlet        : "ERROR" dispatch for POST "/error", parameters={}
2025-07-30T20:22:06.958-03:00 DEBUG 30748 --- [tastemanager] [http-nio-8080-exec-4] s.w.s.m.m.a.RequestMappingHandlerMapping : Mapped to org.springframework.boot.autoconfigure.web.servlet.error.BasicErrorController#error(HttpServletRequest)
2025-07-30T20:22:06.974-03:00 DEBUG 30748 --- [tastemanager] [http-nio-8080-exec-4] o.s.w.s.m.m.a.HttpEntityMethodProcessor  : Using 'application/json', given [*/*] and supported [application/json, application/*+json]
2025-07-30T20:22:06.976-03:00 DEBUG 30748 --- [tastemanager] [http-nio-8080-exec-4] o.s.w.s.m.m.a.HttpEntityMethodProcessor  : Writing [{timestamp=Wed Jul 30 20:22:06 BRT 2025, status=500, error=Internal Server Error, path=/menu/create/ (truncated)...]
2025-07-30T20:22:06.999-03:00 DEBUG 30748 --- [tastemanager] [http-nio-8080-exec-4] o.s.web.servlet.DispatcherServlet        : Exiting from "ERROR" dispatch, status 500
2025-07-30T20:30:38.165-03:00  INFO 30748 --- [tastemanager] [SpringApplicationShutdownHook] j.LocalContainerEntityManagerFactoryBean : Closing JPA EntityManagerFactory for persistence unit 'default'
2025-07-30T20:30:38.169-03:00  INFO 30748 --- [tastemanager] [SpringApplicationShutdownHook] com.zaxxer.hikari.HikariDataSource       : HikariPool-1 - Shutdown initiated...
2025-07-30T20:30:38.174-03:00  INFO 30748 --- [tastemanager] [SpringApplicationShutdownHook] com.zaxxer.hikari.HikariDataSource       : HikariPool-1 - Shutdown completed.
2025-07-30T20:30:47.832-03:00  INFO 32884 --- [tastemanager] [main] b.c.t.TasteManagerApplication            : Starting TasteManagerApplication using Java 21.0.7 with PID 32884 (C:\Users\silva\Projects\FIAP\tastemanager\target\classes started by silva in C:\Users\silva\Projects\FIAP\tastemanager)
2025-07-30T20:30:47.836-03:00  INFO 32884 --- [tastemanager] [main] b.c.t.TasteManagerApplication            : No active profile set, falling back to 1 default profile: "default"
2025-07-30T20:30:49.517-03:00  INFO 32884 --- [tastemanager] [main] .s.d.r.c.RepositoryConfigurationDelegate : Bootstrapping Spring Data JPA repositories in DEFAULT mode.
2025-07-30T20:30:49.694-03:00  INFO 32884 --- [tastemanager] [main] .s.d.r.c.RepositoryConfigurationDelegate : Finished Spring Data repository scanning in 158 ms. Found 4 JPA repository interfaces.
2025-07-30T20:30:50.848-03:00  INFO 32884 --- [tastemanager] [main] o.s.b.w.embedded.tomcat.TomcatWebServer  : Tomcat initialized with port 8080 (http)
2025-07-30T20:30:50.876-03:00  INFO 32884 --- [tastemanager] [main] o.apache.catalina.core.StandardService   : Starting service [Tomcat]
2025-07-30T20:30:50.877-03:00  INFO 32884 --- [tastemanager] [main] o.apache.catalina.core.StandardEngine    : Starting Servlet engine: [Apache Tomcat/10.1.20]
2025-07-30T20:30:51.006-03:00  INFO 32884 --- [tastemanager] [main] o.a.c.c.C.[Tomcat].[localhost].[/]       : Initializing Spring embedded WebApplicationContext
2025-07-30T20:30:51.007-03:00  INFO 32884 --- [tastemanager] [main] w.s.c.ServletWebServerApplicationContext : Root WebApplicationContext: initialization completed in 3071 ms
2025-07-30T20:30:51.073-03:00  INFO 32884 --- [tastemanager] [main] com.zaxxer.hikari.HikariDataSource       : HikariPool-1 - Starting...
2025-07-30T20:30:51.484-03:00  INFO 32884 --- [tastemanager] [main] com.zaxxer.hikari.pool.HikariPool        : HikariPool-1 - Added connection conn0: url=jdbc:h2:mem:tastmanagerdb user=SA
2025-07-30T20:30:51.488-03:00  INFO 32884 --- [tastemanager] [main] com.zaxxer.hikari.HikariDataSource       : HikariPool-1 - Start completed.
2025-07-30T20:30:51.506-03:00  INFO 32884 --- [tastemanager] [main] o.s.b.a.h2.H2ConsoleAutoConfiguration    : H2 console available at '/h2-console'. Database available at 'jdbc:h2:mem:tastmanagerdb'
2025-07-30T20:30:51.756-03:00  INFO 32884 --- [tastemanager] [main] o.hibernate.jpa.internal.util.LogHelper  : HHH000204: Processing PersistenceUnitInfo [name: default]
2025-07-30T20:30:51.878-03:00  INFO 32884 --- [tastemanager] [main] org.hibernate.Version                    : HHH000412: Hibernate ORM core version 6.4.4.Final
2025-07-30T20:30:51.955-03:00  INFO 32884 --- [tastemanager] [main] o.h.c.internal.RegionFactoryInitiator    : HHH000026: Second-level cache disabled
2025-07-30T20:30:52.481-03:00  INFO 32884 --- [tastemanager] [main] o.s.o.j.p.SpringPersistenceUnitInfo      : No LoadTimeWeaver setup: ignoring JPA class transformer
2025-07-30T20:30:52.580-03:00  WARN 32884 --- [tastemanager] [main] org.hibernate.orm.deprecation            : HHH90000025: H2Dialect does not need to be specified explicitly using 'hibernate.dialect' (remove the property setting and it will be selected by default)
2025-07-30T20:30:54.369-03:00  INFO 32884 --- [tastemanager] [main] o.h.e.t.j.p.i.JtaPlatformInitiator       : HHH000489: No JTA platform available (set 'hibernate.transaction.jta.platform' to enable JTA platform integration)
2025-07-30T20:30:54.531-03:00  INFO 32884 --- [tastemanager] [main] j.LocalContainerEntityManagerFactoryBean : Initialized JPA EntityManagerFactory for persistence unit 'default'
2025-07-30T20:30:55.212-03:00  INFO 32884 --- [tastemanager] [main] o.s.d.j.r.query.QueryEnhancerFactory     : Hibernate is in classpath; If applicable, HQL parser will be used.
2025-07-30T20:30:56.249-03:00  WARN 32884 --- [tastemanager] [main] JpaBaseConfiguration$JpaWebConfiguration : spring.jpa.open-in-view is enabled by default. Therefore, database queries may be performed during view rendering. Explicitly configure spring.jpa.open-in-view to disable this warning
2025-07-30T20:30:56.519-03:00 DEBUG 32884 --- [tastemanager] [main] s.w.s.m.m.a.RequestMappingHandlerMapping : 27 mappings in 'requestMappingHandlerMapping'
2025-07-30T20:30:56.674-03:00 DEBUG 32884 --- [tastemanager] [main] o.s.w.s.handler.SimpleUrlHandlerMapping  : Patterns [/webjars/**, /**, /swagger-ui*/*swagger-initializer.js, /swagger-ui*/**] in 'resourceHandlerMapping'
2025-07-30T20:30:56.765-03:00 DEBUG 32884 --- [tastemanager] [main] s.w.s.m.m.a.RequestMappingHandlerAdapter : ControllerAdvice beans: 0 @ModelAttribute, 0 @InitBinder, 1 RequestBodyAdvice, 1 ResponseBodyAdvice
2025-07-30T20:30:56.832-03:00 DEBUG 32884 --- [tastemanager] [main] .m.m.a.ExceptionHandlerExceptionResolver : ControllerAdvice beans: 2 @ExceptionHandler, 1 ResponseBodyAdvice
2025-07-30T20:30:57.257-03:00  INFO 32884 --- [tastemanager] [main] o.s.b.w.embedded.tomcat.TomcatWebServer  : Tomcat started on port 8080 (http) with context path ''
2025-07-30T20:30:57.278-03:00  INFO 32884 --- [tastemanager] [main] b.c.t.TasteManagerApplication            : Started TasteManagerApplication in 10.338 seconds (process running for 11.2)
2025-07-30T20:31:04.005-03:00  INFO 32884 --- [tastemanager] [http-nio-8080-exec-2] o.a.c.c.C.[Tomcat].[localhost].[/]       : Initializing Spring DispatcherServlet 'dispatcherServlet'
2025-07-30T20:31:04.005-03:00  INFO 32884 --- [tastemanager] [http-nio-8080-exec-2] o.s.web.servlet.DispatcherServlet        : Initializing Servlet 'dispatcherServlet'
2025-07-30T20:31:04.005-03:00 DEBUG 32884 --- [tastemanager] [http-nio-8080-exec-2] o.s.web.servlet.DispatcherServlet        : Detected StandardServletMultipartResolver
2025-07-30T20:31:04.006-03:00 DEBUG 32884 --- [tastemanager] [http-nio-8080-exec-2] o.s.web.servlet.DispatcherServlet        : Detected AcceptHeaderLocaleResolver
2025-07-30T20:31:04.006-03:00 DEBUG 32884 --- [tastemanager] [http-nio-8080-exec-2] o.s.web.servlet.DispatcherServlet        : Detected FixedThemeResolver
2025-07-30T20:31:04.010-03:00 DEBUG 32884 --- [tastemanager] [http-nio-8080-exec-2] o.s.web.servlet.DispatcherServlet        : Detected org.springframework.web.servlet.view.DefaultRequestToViewNameTranslator@5a95090a
2025-07-30T20:31:04.011-03:00 DEBUG 32884 --- [tastemanager] [http-nio-8080-exec-2] o.s.web.servlet.DispatcherServlet        : Detected org.springframework.web.servlet.support.SessionFlashMapManager@205efdfc
2025-07-30T20:31:04.012-03:00 DEBUG 32884 --- [tastemanager] [http-nio-8080-exec-2] o.s.web.servlet.DispatcherServlet        : enableLoggingRequestDetails='false': request parameters and headers will be masked to prevent unsafe logging of potentially sensitive data
2025-07-30T20:31:04.012-03:00  INFO 32884 --- [tastemanager] [http-nio-8080-exec-2] o.s.web.servlet.DispatcherServlet        : Completed initialization in 7 ms
2025-07-30T20:31:04.032-03:00 DEBUG 32884 --- [tastemanager] [http-nio-8080-exec-2] o.s.web.servlet.DispatcherServlet        : POST "/menu/create/2", parameters={}
2025-07-30T20:31:04.057-03:00 DEBUG 32884 --- [tastemanager] [http-nio-8080-exec-2] s.w.s.m.m.a.RequestMappingHandlerMapping : Mapped to br.com.tastemanager.controller.MenuController#createMenu(Long, MenuRequestDTO)
2025-07-30T20:31:04.225-03:00 DEBUG 32884 --- [tastemanager] [http-nio-8080-exec-2] m.m.a.RequestResponseBodyMethodProcessor : Read "application/json;charset=UTF-8" to [br.com.tastemanager.dto.request.MenuRequestDTO@5ccf65b9]
2025-07-30T20:31:04.549-03:00 DEBUG 32884 --- [tastemanager] [http-nio-8080-exec-2] o.s.w.s.m.m.a.HttpEntityMethodProcessor  : Using 'application/json', given [*/*] and supported [application/json, application/*+json]
2025-07-30T20:31:04.552-03:00 DEBUG 32884 --- [tastemanager] [http-nio-8080-exec-2] o.s.w.s.m.m.a.HttpEntityMethodProcessor  : Writing [br.com.tastemanager.dto.response.MenuResponseDTO@42ca0781]
2025-07-30T20:31:04.578-03:00 DEBUG 32884 --- [tastemanager] [http-nio-8080-exec-2] o.s.web.servlet.DispatcherServlet        : Completed 201 CREATED
2025-07-30T20:31:09.168-03:00 DEBUG 32884 --- [tastemanager] [http-nio-8080-exec-4] o.s.web.servlet.DispatcherServlet        : POST "/menu/create/2", parameters={}
2025-07-30T20:31:09.171-03:00 DEBUG 32884 --- [tastemanager] [http-nio-8080-exec-4] s.w.s.m.m.a.RequestMappingHandlerMapping : Mapped to br.com.tastemanager.controller.MenuController#createMenu(Long, MenuRequestDTO)
2025-07-30T20:31:09.182-03:00 DEBUG 32884 --- [tastemanager] [http-nio-8080-exec-4] m.m.a.RequestResponseBodyMethodProcessor : Read "application/json;charset=UTF-8" to [br.com.tastemanager.dto.request.MenuRequestDTO@178e11ad]
2025-07-30T20:31:09.254-03:00 DEBUG 32884 --- [tastemanager] [http-nio-8080-exec-4] o.s.web.servlet.DispatcherServlet        : Failed to complete request: org.springframework.orm.jpa.JpaSystemException: A collection with cascade="all-delete-orphan" was no longer referenced by the owning entity instance: br.com.tastemanager.entity.Menu.items
2025-07-30T20:31:09.262-03:00 ERROR 32884 --- [tastemanager] [http-nio-8080-exec-4] o.a.c.c.C.[.[.[/].[dispatcherServlet]    : Servlet.service() for servlet [dispatcherServlet] in context with path [] threw exception [Request processing failed: org.springframework.orm.jpa.JpaSystemException: A collection with cascade="all-delete-orphan" was no longer referenced by the owning entity instance: br.com.tastemanager.entity.Menu.items] with root cause

org.hibernate.HibernateException: A collection with cascade="all-delete-orphan" was no longer referenced by the owning entity instance: br.com.tastemanager.entity.Menu.items
	at org.hibernate.engine.internal.Collections.processDereferencedCollection(Collections.java:98) ~[hibernate-core-6.4.4.Final.jar:6.4.4.Final]
	at org.hibernate.engine.internal.Collections.processUnreachableCollection(Collections.java:49) ~[hibernate-core-6.4.4.Final.jar:6.4.4.Final]
	at org.hibernate.event.internal.AbstractFlushingEventListener.lambda$flushCollections$1(AbstractFlushingEventListener.java:270) ~[hibernate-core-6.4.4.Final.jar:6.4.4.Final]
	at org.hibernate.engine.internal.StatefulPersistenceContext.forEachCollectionEntry(StatefulPersistenceContext.java:1327) ~[hibernate-core-6.4.4.Final.jar:6.4.4.Final]
	at org.hibernate.event.internal.AbstractFlushingEventListener.flushCollections(AbstractFlushingEventListener.java:267) ~[hibernate-core-6.4.4.Final.jar:6.4.4.Final]
	at org.hibernate.event.internal.AbstractFlushingEventListener.flushEverythingToExecutions(AbstractFlushingEventListener.java:91) ~[hibernate-core-6.4.4.Final.jar:6.4.4.Final]
	at org.hibernate.event.internal.DefaultFlushEventListener.onFlush(DefaultFlushEventListener.java:40) ~[hibernate-core-6.4.4.Final.jar:6.4.4.Final]
	at org.hibernate.event.service.internal.EventListenerGroupImpl.fireEventOnEachListener(EventListenerGroupImpl.java:127) ~[hibernate-core-6.4.4.Final.jar:6.4.4.Final]
	at org.hibernate.internal.SessionImpl.doFlush(SessionImpl.java:1403) ~[hibernate-core-6.4.4.Final.jar:6.4.4.Final]
	at org.hibernate.internal.SessionImpl.managedFlush(SessionImpl.java:484) ~[hibernate-core-6.4.4.Final.jar:6.4.4.Final]
	at org.hibernate.internal.SessionImpl.flushBeforeTransactionCompletion(SessionImpl.java:2319) ~[hibernate-core-6.4.4.Final.jar:6.4.4.Final]
	at org.hibernate.internal.SessionImpl.beforeTransactionCompletion(SessionImpl.java:1976) ~[hibernate-core-6.4.4.Final.jar:6.4.4.Final]
	at org.hibernate.engine.jdbc.internal.JdbcCoordinatorImpl.beforeTransactionCompletion(JdbcCoordinatorImpl.java:439) ~[hibernate-core-6.4.4.Final.jar:6.4.4.Final]
	at org.hibernate.resource.transaction.backend.jdbc.internal.JdbcResourceLocalTransactionCoordinatorImpl.beforeCompletionCallback(JdbcResourceLocalTransactionCoordinatorImpl.java:169) ~[hibernate-core-6.4.4.Final.jar:6.4.4.Final]
	at org.hibernate.resource.transaction.backend.jdbc.internal.JdbcResourceLocalTransactionCoordinatorImpl$TransactionDriverControlImpl.commit(JdbcResourceLocalTransactionCoordinatorImpl.java:267) ~[hibernate-core-6.4.4.Final.jar:6.4.4.Final]
	at org.hibernate.engine.transaction.internal.TransactionImpl.commit(TransactionImpl.java:101) ~[hibernate-core-6.4.4.Final.jar:6.4.4.Final]
	at org.springframework.orm.jpa.JpaTransactionManager.doCommit(JpaTransactionManager.java:562) ~[spring-orm-6.1.6.jar:6.1.6]
	at org.springframework.transaction.support.AbstractPlatformTransactionManager.processCommit(AbstractPlatformTransactionManager.java:794) ~[spring-tx-6.1.6.jar:6.1.6]
	at org.springframework.transaction.support.AbstractPlatformTransactionManager.commit(AbstractPlatformTransactionManager.java:757) ~[spring-tx-6.1.6.jar:6.1.6]
	at org.springframework.transaction.interceptor.TransactionAspectSupport.commitTransactionAfterReturning(TransactionAspectSupport.java:676) ~[spring-tx-6.1.6.jar:6.1.6]
	at org.springframework.transaction.interceptor.TransactionAspectSupport.invokeWithinTransaction(TransactionAspectSupport.java:426) ~[spring-tx-6.1.6.jar:6.1.6]
	at org.springframework.transaction.interceptor.TransactionInterceptor.invoke(TransactionInterceptor.java:119) ~[spring-tx-6.1.6.jar:6.1.6]
	at org.springframework.aop.framework.ReflectiveMethodInvocation.proceed(ReflectiveMethodInvocation.java:184) ~[spring-aop-6.1.6.jar:6.1.6]
	at org.springframework.dao.support.PersistenceExceptionTranslationInterceptor.invoke(PersistenceExceptionTranslationInterceptor.java:137) ~[spring-tx-6.1.6.jar:6.1.6]
	at org.springframework.aop.framework.ReflectiveMethodInvocation.proceed(ReflectiveMethodInvocation.java:184) ~[spring-aop-6.1.6.jar:6.1.6]
	at org.springframework.data.jpa.repository.support.CrudMethodMetadataPostProcessor$CrudMethodMetadataPopulatingMethodInterceptor.invoke(CrudMethodMetadataPostProcessor.java:164) ~[spring-data-jpa-3.2.5.jar:3.2.5]
	at org.springframework.aop.framework.ReflectiveMethodInvocation.proceed(ReflectiveMethodInvocation.java:184) ~[spring-aop-6.1.6.jar:6.1.6]
	at org.springframework.aop.interceptor.ExposeInvocationInterceptor.invoke(ExposeInvocationInterceptor.java:97) ~[spring-aop-6.1.6.jar:6.1.6]
	at org.springframework.aop.framework.ReflectiveMethodInvocation.proceed(ReflectiveMethodInvocation.java:184) ~[spring-aop-6.1.6.jar:6.1.6]
	at org.springframework.aop.framework.JdkDynamicAopProxy.invoke(JdkDynamicAopProxy.java:223) ~[spring-aop-6.1.6.jar:6.1.6]
	at jdk.proxy2/jdk.proxy2.$Proxy129.save(Unknown Source) ~[na:na]
	at br.com.tastemanager.service.MenuService.createMenu(MenuService.java:54) ~[classes/:na]
	at br.com.tastemanager.controller.MenuController.createMenu(MenuController.java:25) ~[classes/:na]
	at java.base/jdk.internal.reflect.DirectMethodHandleAccessor.invoke(DirectMethodHandleAccessor.java:103) ~[na:na]
	at java.base/java.lang.reflect.Method.invoke(Method.java:580) ~[na:na]
	at org.springframework.web.method.support.InvocableHandlerMethod.doInvoke(InvocableHandlerMethod.java:255) ~[spring-web-6.1.6.jar:6.1.6]
	at org.springframework.web.method.support.InvocableHandlerMethod.invokeForRequest(InvocableHandlerMethod.java:188) ~[spring-web-6.1.6.jar:6.1.6]
	at org.springframework.web.servlet.mvc.method.annotation.ServletInvocableHandlerMethod.invokeAndHandle(ServletInvocableHandlerMethod.java:118) ~[spring-webmvc-6.1.6.jar:6.1.6]
	at org.springframework.web.servlet.mvc.method.annotation.RequestMappingHandlerAdapter.invokeHandlerMethod(RequestMappingHandlerAdapter.java:926) ~[spring-webmvc-6.1.6.jar:6.1.6]
	at org.springframework.web.servlet.mvc.method.annotation.RequestMappingHandlerAdapter.handleInternal(RequestMappingHandlerAdapter.java:831) ~[spring-webmvc-6.1.6.jar:6.1.6]
	at org.springframework.web.servlet.mvc.method.AbstractHandlerMethodAdapter.handle(AbstractHandlerMethodAdapter.java:87) ~[spring-webmvc-6.1.6.jar:6.1.6]
	at org.springframework.web.servlet.DispatcherServlet.doDispatch(DispatcherServlet.java:1089) ~[spring-webmvc-6.1.6.jar:6.1.6]
	at org.springframework.web.servlet.DispatcherServlet.doService(DispatcherServlet.java:979) ~[spring-webmvc-6.1.6.jar:6.1.6]
	at org.springframework.web.servlet.FrameworkServlet.processRequest(FrameworkServlet.java:1014) ~[spring-webmvc-6.1.6.jar:6.1.6]
	at org.springframework.web.servlet.FrameworkServlet.doPost(FrameworkServlet.java:914) ~[spring-webmvc-6.1.6.jar:6.1.6]
	at jakarta.servlet.http.HttpServlet.service(HttpServlet.java:590) ~[tomcat-embed-core-10.1.20.jar:6.0]
	at org.springframework.web.servlet.FrameworkServlet.service(FrameworkServlet.java:885) ~[spring-webmvc-6.1.6.jar:6.1.6]
	at jakarta.servlet.http.HttpServlet.service(HttpServlet.java:658) ~[tomcat-embed-core-10.1.20.jar:6.0]
	at org.apache.catalina.core.ApplicationFilterChain.internalDoFilter(ApplicationFilterChain.java:206) ~[tomcat-embed-core-10.1.20.jar:10.1.20]
	at org.apache.catalina.core.ApplicationFilterChain.doFilter(ApplicationFilterChain.java:150) ~[tomcat-embed-core-10.1.20.jar:10.1.20]
	at org.apache.tomcat.websocket.server.WsFilter.doFilter(WsFilter.java:51) ~[tomcat-embed-websocket-10.1.20.jar:10.1.20]
	at org.apache.catalina.core.ApplicationFilterChain.internalDoFilter(ApplicationFilterChain.java:175) ~[tomcat-embed-core-10.1.20.jar:10.1.20]
	at org.apache.catalina.core.ApplicationFilterChain.doFilter(ApplicationFilterChain.java:150) ~[tomcat-embed-core-10.1.20.jar:10.1.20]
	at org.springframework.web.filter.RequestContextFilter.doFilterInternal(RequestContextFilter.java:100) ~[spring-web-6.1.6.jar:6.1.6]
	at org.springframework.web.filter.OncePerRequestFilter.doFilter(OncePerRequestFilter.java:116) ~[spring-web-6.1.6.jar:6.1.6]
	at org.apache.catalina.core.ApplicationFilterChain.internalDoFilter(ApplicationFilterChain.java:175) ~[tomcat-embed-core-10.1.20.jar:10.1.20]
	at org.apache.catalina.core.ApplicationFilterChain.doFilter(ApplicationFilterChain.java:150) ~[tomcat-embed-core-10.1.20.jar:10.1.20]
	at org.springframework.web.filter.FormContentFilter.doFilterInternal(FormContentFilter.java:93) ~[spring-web-6.1.6.jar:6.1.6]
	at org.springframework.web.filter.OncePerRequestFilter.doFilter(OncePerRequestFilter.java:116) ~[spring-web-6.1.6.jar:6.1.6]
	at org.apache.catalina.core.ApplicationFilterChain.internalDoFilter(ApplicationFilterChain.java:175) ~[tomcat-embed-core-10.1.20.jar:10.1.20]
	at org.apache.catalina.core.ApplicationFilterChain.doFilter(ApplicationFilterChain.java:150) ~[tomcat-embed-core-10.1.20.jar:10.1.20]
	at org.springframework.web.filter.CharacterEncodingFilter.doFilterInternal(CharacterEncodingFilter.java:201) ~[spring-web-6.1.6.jar:6.1.6]
	at org.springframework.web.filter.OncePerRequestFilter.doFilter(OncePerRequestFilter.java:116) ~[spring-web-6.1.6.jar:6.1.6]
	at org.apache.catalina.core.ApplicationFilterChain.internalDoFilter(ApplicationFilterChain.java:175) ~[tomcat-embed-core-10.1.20.jar:10.1.20]
	at org.apache.catalina.core.ApplicationFilterChain.doFilter(ApplicationFilterChain.java:150) ~[tomcat-embed-core-10.1.20.jar:10.1.20]
	at org.apache.catalina.core.StandardWrapperValve.invoke(StandardWrapperValve.java:167) ~[tomcat-embed-core-10.1.20.jar:10.1.20]
	at org.apache.catalina.core.StandardContextValve.invoke(StandardContextValve.java:90) ~[tomcat-embed-core-10.1.20.jar:10.1.20]
	at org.apache.catalina.authenticator.AuthenticatorBase.invoke(AuthenticatorBase.java:482) ~[tomcat-embed-core-10.1.20.jar:10.1.20]
	at org.apache.catalina.core.StandardHostValve.invoke(StandardHostValve.java:115) ~[tomcat-embed-core-10.1.20.jar:10.1.20]
	at org.apache.catalina.valves.ErrorReportValve.invoke(ErrorReportValve.java:93) ~[tomcat-embed-core-10.1.20.jar:10.1.20]
	at org.apache.catalina.core.StandardEngineValve.invoke(StandardEngineValve.java:74) ~[tomcat-embed-core-10.1.20.jar:10.1.20]
	at org.apache.catalina.connector.CoyoteAdapter.service(CoyoteAdapter.java:344) ~[tomcat-embed-core-10.1.20.jar:10.1.20]
	at org.apache.coyote.http11.Http11Processor.service(Http11Processor.java:391) ~[tomcat-embed-core-10.1.20.jar:10.1.20]
	at org.apache.coyote.AbstractProcessorLight.process(AbstractProcessorLight.java:63) ~[tomcat-embed-core-10.1.20.jar:10.1.20]
	at org.apache.coyote.AbstractProtocol$ConnectionHandler.process(AbstractProtocol.java:896) ~[tomcat-embed-core-10.1.20.jar:10.1.20]
	at org.apache.tomcat.util.net.NioEndpoint$SocketProcessor.doRun(NioEndpoint.java:1736) ~[tomcat-embed-core-10.1.20.jar:10.1.20]
	at org.apache.tomcat.util.net.SocketProcessorBase.run(SocketProcessorBase.java:52) ~[tomcat-embed-core-10.1.20.jar:10.1.20]
	at org.apache.tomcat.util.threads.ThreadPoolExecutor.runWorker(ThreadPoolExecutor.java:1191) ~[tomcat-embed-core-10.1.20.jar:10.1.20]
	at org.apache.tomcat.util.threads.ThreadPoolExecutor$Worker.run(ThreadPoolExecutor.java:659) ~[tomcat-embed-core-10.1.20.jar:10.1.20]
	at org.apache.tomcat.util.threads.TaskThread$WrappingRunnable.run(TaskThread.java:63) ~[tomcat-embed-core-10.1.20.jar:10.1.20]
	at java.base/java.lang.Thread.run(Thread.java:1583) ~[na:na]

2025-07-30T20:31:09.309-03:00 DEBUG 32884 --- [tastemanager] [http-nio-8080-exec-4] o.s.web.servlet.DispatcherServlet        : "ERROR" dispatch for POST "/error", parameters={}
2025-07-30T20:31:09.316-03:00 DEBUG 32884 --- [tastemanager] [http-nio-8080-exec-4] s.w.s.m.m.a.RequestMappingHandlerMapping : Mapped to org.springframework.boot.autoconfigure.web.servlet.error.BasicErrorController#error(HttpServletRequest)
2025-07-30T20:31:09.459-03:00 DEBUG 32884 --- [tastemanager] [http-nio-8080-exec-4] o.s.w.s.m.m.a.HttpEntityMethodProcessor  : Using 'application/json', given [*/*] and supported [application/json, application/*+json]
2025-07-30T20:31:09.467-03:00 DEBUG 32884 --- [tastemanager] [http-nio-8080-exec-4] o.s.w.s.m.m.a.HttpEntityMethodProcessor  : Writing [{timestamp=Wed Jul 30 20:31:09 BRT 2025, status=500, error=Internal Server Error, path=/menu/create/ (truncated)...]
2025-07-30T20:31:09.733-03:00 DEBUG 32884 --- [tastemanager] [http-nio-8080-exec-4] o.s.web.servlet.DispatcherServlet        : Exiting from "ERROR" dispatch, status 500
2025-07-30T20:33:55.725-03:00  INFO 32884 --- [tastemanager] [SpringApplicationShutdownHook] j.LocalContainerEntityManagerFactoryBean : Closing JPA EntityManagerFactory for persistence unit 'default'
2025-07-30T20:33:55.729-03:00  INFO 32884 --- [tastemanager] [SpringApplicationShutdownHook] com.zaxxer.hikari.HikariDataSource       : HikariPool-1 - Shutdown initiated...
2025-07-30T20:33:55.736-03:00  INFO 32884 --- [tastemanager] [SpringApplicationShutdownHook] com.zaxxer.hikari.HikariDataSource       : HikariPool-1 - Shutdown completed.
2025-07-30T20:37:03.729-03:00  INFO 33096 --- [tastemanager] [main] b.c.t.TasteManagerApplication            : Starting TasteManagerApplication using Java 21.0.7 with PID 33096 (C:\Users\silva\Projects\FIAP\tastemanager\target\classes started by silva in C:\Users\silva\Projects\FIAP\tastemanager)
2025-07-30T20:37:03.732-03:00  INFO 33096 --- [tastemanager] [main] b.c.t.TasteManagerApplication            : No active profile set, falling back to 1 default profile: "default"
2025-07-30T20:37:05.411-03:00  INFO 33096 --- [tastemanager] [main] .s.d.r.c.RepositoryConfigurationDelegate : Bootstrapping Spring Data JPA repositories in DEFAULT mode.
2025-07-30T20:37:05.574-03:00  INFO 33096 --- [tastemanager] [main] .s.d.r.c.RepositoryConfigurationDelegate : Finished Spring Data repository scanning in 145 ms. Found 4 JPA repository interfaces.
2025-07-30T20:37:06.762-03:00  INFO 33096 --- [tastemanager] [main] o.s.b.w.embedded.tomcat.TomcatWebServer  : Tomcat initialized with port 8080 (http)
2025-07-30T20:37:06.796-03:00  INFO 33096 --- [tastemanager] [main] o.apache.catalina.core.StandardService   : Starting service [Tomcat]
2025-07-30T20:37:06.800-03:00  INFO 33096 --- [tastemanager] [main] o.apache.catalina.core.StandardEngine    : Starting Servlet engine: [Apache Tomcat/10.1.20]
2025-07-30T20:37:06.919-03:00  INFO 33096 --- [tastemanager] [main] o.a.c.c.C.[Tomcat].[localhost].[/]       : Initializing Spring embedded WebApplicationContext
2025-07-30T20:37:06.920-03:00  INFO 33096 --- [tastemanager] [main] w.s.c.ServletWebServerApplicationContext : Root WebApplicationContext: initialization completed in 3103 ms
2025-07-30T20:37:06.982-03:00  INFO 33096 --- [tastemanager] [main] com.zaxxer.hikari.HikariDataSource       : HikariPool-1 - Starting...
2025-07-30T20:37:07.396-03:00  INFO 33096 --- [tastemanager] [main] com.zaxxer.hikari.pool.HikariPool        : HikariPool-1 - Added connection conn0: url=jdbc:h2:mem:tastmanagerdb user=SA
2025-07-30T20:37:07.400-03:00  INFO 33096 --- [tastemanager] [main] com.zaxxer.hikari.HikariDataSource       : HikariPool-1 - Start completed.
2025-07-30T20:37:07.418-03:00  INFO 33096 --- [tastemanager] [main] o.s.b.a.h2.H2ConsoleAutoConfiguration    : H2 console available at '/h2-console'. Database available at 'jdbc:h2:mem:tastmanagerdb'
2025-07-30T20:37:07.675-03:00  INFO 33096 --- [tastemanager] [main] o.hibernate.jpa.internal.util.LogHelper  : HHH000204: Processing PersistenceUnitInfo [name: default]
2025-07-30T20:37:07.812-03:00  INFO 33096 --- [tastemanager] [main] org.hibernate.Version                    : HHH000412: Hibernate ORM core version 6.4.4.Final
2025-07-30T20:37:07.874-03:00  INFO 33096 --- [tastemanager] [main] o.h.c.internal.RegionFactoryInitiator    : HHH000026: Second-level cache disabled
2025-07-30T20:37:08.334-03:00  INFO 33096 --- [tastemanager] [main] o.s.o.j.p.SpringPersistenceUnitInfo      : No LoadTimeWeaver setup: ignoring JPA class transformer
2025-07-30T20:37:08.415-03:00  WARN 33096 --- [tastemanager] [main] org.hibernate.orm.deprecation            : HHH90000025: H2Dialect does not need to be specified explicitly using 'hibernate.dialect' (remove the property setting and it will be selected by default)
2025-07-30T20:37:09.981-03:00  INFO 33096 --- [tastemanager] [main] o.h.e.t.j.p.i.JtaPlatformInitiator       : HHH000489: No JTA platform available (set 'hibernate.transaction.jta.platform' to enable JTA platform integration)
2025-07-30T20:37:10.093-03:00  INFO 33096 --- [tastemanager] [main] j.LocalContainerEntityManagerFactoryBean : Initialized JPA EntityManagerFactory for persistence unit 'default'
2025-07-30T20:37:10.854-03:00  INFO 33096 --- [tastemanager] [main] o.s.d.j.r.query.QueryEnhancerFactory     : Hibernate is in classpath; If applicable, HQL parser will be used.
2025-07-30T20:37:11.918-03:00  WARN 33096 --- [tastemanager] [main] JpaBaseConfiguration$JpaWebConfiguration : spring.jpa.open-in-view is enabled by default. Therefore, database queries may be performed during view rendering. Explicitly configure spring.jpa.open-in-view to disable this warning
2025-07-30T20:37:12.157-03:00 DEBUG 33096 --- [tastemanager] [main] s.w.s.m.m.a.RequestMappingHandlerMapping : 27 mappings in 'requestMappingHandlerMapping'
2025-07-30T20:37:12.300-03:00 DEBUG 33096 --- [tastemanager] [main] o.s.w.s.handler.SimpleUrlHandlerMapping  : Patterns [/webjars/**, /**, /swagger-ui*/*swagger-initializer.js, /swagger-ui*/**] in 'resourceHandlerMapping'
2025-07-30T20:37:12.412-03:00 DEBUG 33096 --- [tastemanager] [main] s.w.s.m.m.a.RequestMappingHandlerAdapter : ControllerAdvice beans: 0 @ModelAttribute, 0 @InitBinder, 1 RequestBodyAdvice, 1 ResponseBodyAdvice
2025-07-30T20:37:12.491-03:00 DEBUG 33096 --- [tastemanager] [main] .m.m.a.ExceptionHandlerExceptionResolver : ControllerAdvice beans: 2 @ExceptionHandler, 1 ResponseBodyAdvice
2025-07-30T20:37:12.927-03:00  INFO 33096 --- [tastemanager] [main] o.s.b.w.embedded.tomcat.TomcatWebServer  : Tomcat started on port 8080 (http) with context path ''
2025-07-30T20:37:12.945-03:00  INFO 33096 --- [tastemanager] [main] b.c.t.TasteManagerApplication            : Started TasteManagerApplication in 10.068 seconds (process running for 10.864)
2025-07-30T20:37:16.752-03:00  INFO 33096 --- [tastemanager] [http-nio-8080-exec-2] o.a.c.c.C.[Tomcat].[localhost].[/]       : Initializing Spring DispatcherServlet 'dispatcherServlet'
2025-07-30T20:37:16.752-03:00  INFO 33096 --- [tastemanager] [http-nio-8080-exec-2] o.s.web.servlet.DispatcherServlet        : Initializing Servlet 'dispatcherServlet'
2025-07-30T20:37:16.753-03:00 DEBUG 33096 --- [tastemanager] [http-nio-8080-exec-2] o.s.web.servlet.DispatcherServlet        : Detected StandardServletMultipartResolver
2025-07-30T20:37:16.753-03:00 DEBUG 33096 --- [tastemanager] [http-nio-8080-exec-2] o.s.web.servlet.DispatcherServlet        : Detected AcceptHeaderLocaleResolver
2025-07-30T20:37:16.753-03:00 DEBUG 33096 --- [tastemanager] [http-nio-8080-exec-2] o.s.web.servlet.DispatcherServlet        : Detected FixedThemeResolver
2025-07-30T20:37:16.756-03:00 DEBUG 33096 --- [tastemanager] [http-nio-8080-exec-2] o.s.web.servlet.DispatcherServlet        : Detected org.springframework.web.servlet.view.DefaultRequestToViewNameTranslator@4ba04fb4
2025-07-30T20:37:16.757-03:00 DEBUG 33096 --- [tastemanager] [http-nio-8080-exec-2] o.s.web.servlet.DispatcherServlet        : Detected org.springframework.web.servlet.support.SessionFlashMapManager@de06f28
2025-07-30T20:37:16.757-03:00 DEBUG 33096 --- [tastemanager] [http-nio-8080-exec-2] o.s.web.servlet.DispatcherServlet        : enableLoggingRequestDetails='false': request parameters and headers will be masked to prevent unsafe logging of potentially sensitive data
2025-07-30T20:37:16.758-03:00  INFO 33096 --- [tastemanager] [http-nio-8080-exec-2] o.s.web.servlet.DispatcherServlet        : Completed initialization in 5 ms
2025-07-30T20:37:16.781-03:00 DEBUG 33096 --- [tastemanager] [http-nio-8080-exec-2] o.s.web.servlet.DispatcherServlet        : POST "/menu/create/2", parameters={}
2025-07-30T20:37:16.801-03:00 DEBUG 33096 --- [tastemanager] [http-nio-8080-exec-2] s.w.s.m.m.a.RequestMappingHandlerMapping : Mapped to br.com.tastemanager.controller.MenuController#createMenu(Long, MenuRequestDTO)
2025-07-30T20:37:16.957-03:00 DEBUG 33096 --- [tastemanager] [http-nio-8080-exec-2] m.m.a.RequestResponseBodyMethodProcessor : Read "application/json;charset=UTF-8" to [br.com.tastemanager.dto.request.MenuRequestDTO@66ffa833]
2025-07-30T20:37:17.206-03:00 DEBUG 33096 --- [tastemanager] [http-nio-8080-exec-2] o.s.web.servlet.DispatcherServlet        : Failed to complete request: java.lang.NullPointerException: Cannot invoke "java.util.List.clear()" because the return value of "br.com.tastemanager.entity.Menu.getItems()" is null
2025-07-30T20:37:17.208-03:00 ERROR 33096 --- [tastemanager] [http-nio-8080-exec-2] o.a.c.c.C.[.[.[/].[dispatcherServlet]    : Servlet.service() for servlet [dispatcherServlet] in context with path [] threw exception [Request processing failed: java.lang.NullPointerException: Cannot invoke "java.util.List.clear()" because the return value of "br.com.tastemanager.entity.Menu.getItems()" is null] with root cause

java.lang.NullPointerException: Cannot invoke "java.util.List.clear()" because the return value of "br.com.tastemanager.entity.Menu.getItems()" is null
	at br.com.tastemanager.service.MenuService.createMenu(MenuService.java:42) ~[classes/:na]
	at br.com.tastemanager.controller.MenuController.createMenu(MenuController.java:25) ~[classes/:na]
	at java.base/jdk.internal.reflect.DirectMethodHandleAccessor.invoke(DirectMethodHandleAccessor.java:103) ~[na:na]
	at java.base/java.lang.reflect.Method.invoke(Method.java:580) ~[na:na]
	at org.springframework.web.method.support.InvocableHandlerMethod.doInvoke(InvocableHandlerMethod.java:255) ~[spring-web-6.1.6.jar:6.1.6]
	at org.springframework.web.method.support.InvocableHandlerMethod.invokeForRequest(InvocableHandlerMethod.java:188) ~[spring-web-6.1.6.jar:6.1.6]
	at org.springframework.web.servlet.mvc.method.annotation.ServletInvocableHandlerMethod.invokeAndHandle(ServletInvocableHandlerMethod.java:118) ~[spring-webmvc-6.1.6.jar:6.1.6]
	at org.springframework.web.servlet.mvc.method.annotation.RequestMappingHandlerAdapter.invokeHandlerMethod(RequestMappingHandlerAdapter.java:926) ~[spring-webmvc-6.1.6.jar:6.1.6]
	at org.springframework.web.servlet.mvc.method.annotation.RequestMappingHandlerAdapter.handleInternal(RequestMappingHandlerAdapter.java:831) ~[spring-webmvc-6.1.6.jar:6.1.6]
	at org.springframework.web.servlet.mvc.method.AbstractHandlerMethodAdapter.handle(AbstractHandlerMethodAdapter.java:87) ~[spring-webmvc-6.1.6.jar:6.1.6]
	at org.springframework.web.servlet.DispatcherServlet.doDispatch(DispatcherServlet.java:1089) ~[spring-webmvc-6.1.6.jar:6.1.6]
	at org.springframework.web.servlet.DispatcherServlet.doService(DispatcherServlet.java:979) ~[spring-webmvc-6.1.6.jar:6.1.6]
	at org.springframework.web.servlet.FrameworkServlet.processRequest(FrameworkServlet.java:1014) ~[spring-webmvc-6.1.6.jar:6.1.6]
	at org.springframework.web.servlet.FrameworkServlet.doPost(FrameworkServlet.java:914) ~[spring-webmvc-6.1.6.jar:6.1.6]
	at jakarta.servlet.http.HttpServlet.service(HttpServlet.java:590) ~[tomcat-embed-core-10.1.20.jar:6.0]
	at org.springframework.web.servlet.FrameworkServlet.service(FrameworkServlet.java:885) ~[spring-webmvc-6.1.6.jar:6.1.6]
	at jakarta.servlet.http.HttpServlet.service(HttpServlet.java:658) ~[tomcat-embed-core-10.1.20.jar:6.0]
	at org.apache.catalina.core.ApplicationFilterChain.internalDoFilter(ApplicationFilterChain.java:206) ~[tomcat-embed-core-10.1.20.jar:10.1.20]
	at org.apache.catalina.core.ApplicationFilterChain.doFilter(ApplicationFilterChain.java:150) ~[tomcat-embed-core-10.1.20.jar:10.1.20]
	at org.apache.tomcat.websocket.server.WsFilter.doFilter(WsFilter.java:51) ~[tomcat-embed-websocket-10.1.20.jar:10.1.20]
	at org.apache.catalina.core.ApplicationFilterChain.internalDoFilter(ApplicationFilterChain.java:175) ~[tomcat-embed-core-10.1.20.jar:10.1.20]
	at org.apache.catalina.core.ApplicationFilterChain.doFilter(ApplicationFilterChain.java:150) ~[tomcat-embed-core-10.1.20.jar:10.1.20]
	at org.springframework.web.filter.RequestContextFilter.doFilterInternal(RequestContextFilter.java:100) ~[spring-web-6.1.6.jar:6.1.6]
	at org.springframework.web.filter.OncePerRequestFilter.doFilter(OncePerRequestFilter.java:116) ~[spring-web-6.1.6.jar:6.1.6]
	at org.apache.catalina.core.ApplicationFilterChain.internalDoFilter(ApplicationFilterChain.java:175) ~[tomcat-embed-core-10.1.20.jar:10.1.20]
	at org.apache.catalina.core.ApplicationFilterChain.doFilter(ApplicationFilterChain.java:150) ~[tomcat-embed-core-10.1.20.jar:10.1.20]
	at org.springframework.web.filter.FormContentFilter.doFilterInternal(FormContentFilter.java:93) ~[spring-web-6.1.6.jar:6.1.6]
	at org.springframework.web.filter.OncePerRequestFilter.doFilter(OncePerRequestFilter.java:116) ~[spring-web-6.1.6.jar:6.1.6]
	at org.apache.catalina.core.ApplicationFilterChain.internalDoFilter(ApplicationFilterChain.java:175) ~[tomcat-embed-core-10.1.20.jar:10.1.20]
	at org.apache.catalina.core.ApplicationFilterChain.doFilter(ApplicationFilterChain.java:150) ~[tomcat-embed-core-10.1.20.jar:10.1.20]
	at org.springframework.web.filter.CharacterEncodingFilter.doFilterInternal(CharacterEncodingFilter.java:201) ~[spring-web-6.1.6.jar:6.1.6]
	at org.springframework.web.filter.OncePerRequestFilter.doFilter(OncePerRequestFilter.java:116) ~[spring-web-6.1.6.jar:6.1.6]
	at org.apache.catalina.core.ApplicationFilterChain.internalDoFilter(ApplicationFilterChain.java:175) ~[tomcat-embed-core-10.1.20.jar:10.1.20]
	at org.apache.catalina.core.ApplicationFilterChain.doFilter(ApplicationFilterChain.java:150) ~[tomcat-embed-core-10.1.20.jar:10.1.20]
	at org.apache.catalina.core.StandardWrapperValve.invoke(StandardWrapperValve.java:167) ~[tomcat-embed-core-10.1.20.jar:10.1.20]
	at org.apache.catalina.core.StandardContextValve.invoke(StandardContextValve.java:90) ~[tomcat-embed-core-10.1.20.jar:10.1.20]
	at org.apache.catalina.authenticator.AuthenticatorBase.invoke(AuthenticatorBase.java:482) ~[tomcat-embed-core-10.1.20.jar:10.1.20]
	at org.apache.catalina.core.StandardHostValve.invoke(StandardHostValve.java:115) ~[tomcat-embed-core-10.1.20.jar:10.1.20]
	at org.apache.catalina.valves.ErrorReportValve.invoke(ErrorReportValve.java:93) ~[tomcat-embed-core-10.1.20.jar:10.1.20]
	at org.apache.catalina.core.StandardEngineValve.invoke(StandardEngineValve.java:74) ~[tomcat-embed-core-10.1.20.jar:10.1.20]
	at org.apache.catalina.connector.CoyoteAdapter.service(CoyoteAdapter.java:344) ~[tomcat-embed-core-10.1.20.jar:10.1.20]
	at org.apache.coyote.http11.Http11Processor.service(Http11Processor.java:391) ~[tomcat-embed-core-10.1.20.jar:10.1.20]
	at org.apache.coyote.AbstractProcessorLight.process(AbstractProcessorLight.java:63) ~[tomcat-embed-core-10.1.20.jar:10.1.20]
	at org.apache.coyote.AbstractProtocol$ConnectionHandler.process(AbstractProtocol.java:896) ~[tomcat-embed-core-10.1.20.jar:10.1.20]
	at org.apache.tomcat.util.net.NioEndpoint$SocketProcessor.doRun(NioEndpoint.java:1736) ~[tomcat-embed-core-10.1.20.jar:10.1.20]
	at org.apache.tomcat.util.net.SocketProcessorBase.run(SocketProcessorBase.java:52) ~[tomcat-embed-core-10.1.20.jar:10.1.20]
	at org.apache.tomcat.util.threads.ThreadPoolExecutor.runWorker(ThreadPoolExecutor.java:1191) ~[tomcat-embed-core-10.1.20.jar:10.1.20]
	at org.apache.tomcat.util.threads.ThreadPoolExecutor$Worker.run(ThreadPoolExecutor.java:659) ~[tomcat-embed-core-10.1.20.jar:10.1.20]
	at org.apache.tomcat.util.threads.TaskThread$WrappingRunnable.run(TaskThread.java:63) ~[tomcat-embed-core-10.1.20.jar:10.1.20]
	at java.base/java.lang.Thread.run(Thread.java:1583) ~[na:na]

2025-07-30T20:37:17.221-03:00 DEBUG 33096 --- [tastemanager] [http-nio-8080-exec-2] o.s.web.servlet.DispatcherServlet        : "ERROR" dispatch for POST "/error", parameters={}
2025-07-30T20:37:17.223-03:00 DEBUG 33096 --- [tastemanager] [http-nio-8080-exec-2] s.w.s.m.m.a.RequestMappingHandlerMapping : Mapped to org.springframework.boot.autoconfigure.web.servlet.error.BasicErrorController#error(HttpServletRequest)
2025-07-30T20:37:17.245-03:00 DEBUG 33096 --- [tastemanager] [http-nio-8080-exec-2] o.s.w.s.m.m.a.HttpEntityMethodProcessor  : Using 'application/json', given [*/*] and supported [application/json, application/*+json]
2025-07-30T20:37:17.247-03:00 DEBUG 33096 --- [tastemanager] [http-nio-8080-exec-2] o.s.w.s.m.m.a.HttpEntityMethodProcessor  : Writing [{timestamp=Wed Jul 30 20:37:17 BRT 2025, status=500, error=Internal Server Error, path=/menu/create/ (truncated)...]
2025-07-30T20:37:17.278-03:00 DEBUG 33096 --- [tastemanager] [http-nio-8080-exec-2] o.s.web.servlet.DispatcherServlet        : Exiting from "ERROR" dispatch, status 500
2025-07-30T20:37:19.499-03:00 DEBUG 33096 --- [tastemanager] [http-nio-8080-exec-4] o.s.web.servlet.DispatcherServlet        : POST "/menu/create/2", parameters={}
2025-07-30T20:37:19.517-03:00 DEBUG 33096 --- [tastemanager] [http-nio-8080-exec-4] s.w.s.m.m.a.RequestMappingHandlerMapping : Mapped to br.com.tastemanager.controller.MenuController#createMenu(Long, MenuRequestDTO)
2025-07-30T20:37:19.532-03:00 DEBUG 33096 --- [tastemanager] [http-nio-8080-exec-4] m.m.a.RequestResponseBodyMethodProcessor : Read "application/json;charset=UTF-8" to [br.com.tastemanager.dto.request.MenuRequestDTO@a0b6044]
2025-07-30T20:37:19.581-03:00 DEBUG 33096 --- [tastemanager] [http-nio-8080-exec-4] o.s.web.servlet.DispatcherServlet        : Failed to complete request: java.lang.NullPointerException: Cannot invoke "java.util.List.clear()" because the return value of "br.com.tastemanager.entity.Menu.getItems()" is null
2025-07-30T20:37:19.584-03:00 ERROR 33096 --- [tastemanager] [http-nio-8080-exec-4] o.a.c.c.C.[.[.[/].[dispatcherServlet]    : Servlet.service() for servlet [dispatcherServlet] in context with path [] threw exception [Request processing failed: java.lang.NullPointerException: Cannot invoke "java.util.List.clear()" because the return value of "br.com.tastemanager.entity.Menu.getItems()" is null] with root cause

java.lang.NullPointerException: Cannot invoke "java.util.List.clear()" because the return value of "br.com.tastemanager.entity.Menu.getItems()" is null
	at br.com.tastemanager.service.MenuService.createMenu(MenuService.java:42) ~[classes/:na]
	at br.com.tastemanager.controller.MenuController.createMenu(MenuController.java:25) ~[classes/:na]
	at java.base/jdk.internal.reflect.DirectMethodHandleAccessor.invoke(DirectMethodHandleAccessor.java:103) ~[na:na]
	at java.base/java.lang.reflect.Method.invoke(Method.java:580) ~[na:na]
	at org.springframework.web.method.support.InvocableHandlerMethod.doInvoke(InvocableHandlerMethod.java:255) ~[spring-web-6.1.6.jar:6.1.6]
	at org.springframework.web.method.support.InvocableHandlerMethod.invokeForRequest(InvocableHandlerMethod.java:188) ~[spring-web-6.1.6.jar:6.1.6]
	at org.springframework.web.servlet.mvc.method.annotation.ServletInvocableHandlerMethod.invokeAndHandle(ServletInvocableHandlerMethod.java:118) ~[spring-webmvc-6.1.6.jar:6.1.6]
	at org.springframework.web.servlet.mvc.method.annotation.RequestMappingHandlerAdapter.invokeHandlerMethod(RequestMappingHandlerAdapter.java:926) ~[spring-webmvc-6.1.6.jar:6.1.6]
	at org.springframework.web.servlet.mvc.method.annotation.RequestMappingHandlerAdapter.handleInternal(RequestMappingHandlerAdapter.java:831) ~[spring-webmvc-6.1.6.jar:6.1.6]
	at org.springframework.web.servlet.mvc.method.AbstractHandlerMethodAdapter.handle(AbstractHandlerMethodAdapter.java:87) ~[spring-webmvc-6.1.6.jar:6.1.6]
	at org.springframework.web.servlet.DispatcherServlet.doDispatch(DispatcherServlet.java:1089) ~[spring-webmvc-6.1.6.jar:6.1.6]
	at org.springframework.web.servlet.DispatcherServlet.doService(DispatcherServlet.java:979) ~[spring-webmvc-6.1.6.jar:6.1.6]
	at org.springframework.web.servlet.FrameworkServlet.processRequest(FrameworkServlet.java:1014) ~[spring-webmvc-6.1.6.jar:6.1.6]
	at org.springframework.web.servlet.FrameworkServlet.doPost(FrameworkServlet.java:914) ~[spring-webmvc-6.1.6.jar:6.1.6]
	at jakarta.servlet.http.HttpServlet.service(HttpServlet.java:590) ~[tomcat-embed-core-10.1.20.jar:6.0]
	at org.springframework.web.servlet.FrameworkServlet.service(FrameworkServlet.java:885) ~[spring-webmvc-6.1.6.jar:6.1.6]
	at jakarta.servlet.http.HttpServlet.service(HttpServlet.java:658) ~[tomcat-embed-core-10.1.20.jar:6.0]
	at org.apache.catalina.core.ApplicationFilterChain.internalDoFilter(ApplicationFilterChain.java:206) ~[tomcat-embed-core-10.1.20.jar:10.1.20]
	at org.apache.catalina.core.ApplicationFilterChain.doFilter(ApplicationFilterChain.java:150) ~[tomcat-embed-core-10.1.20.jar:10.1.20]
	at org.apache.tomcat.websocket.server.WsFilter.doFilter(WsFilter.java:51) ~[tomcat-embed-websocket-10.1.20.jar:10.1.20]
	at org.apache.catalina.core.ApplicationFilterChain.internalDoFilter(ApplicationFilterChain.java:175) ~[tomcat-embed-core-10.1.20.jar:10.1.20]
	at org.apache.catalina.core.ApplicationFilterChain.doFilter(ApplicationFilterChain.java:150) ~[tomcat-embed-core-10.1.20.jar:10.1.20]
	at org.springframework.web.filter.RequestContextFilter.doFilterInternal(RequestContextFilter.java:100) ~[spring-web-6.1.6.jar:6.1.6]
	at org.springframework.web.filter.OncePerRequestFilter.doFilter(OncePerRequestFilter.java:116) ~[spring-web-6.1.6.jar:6.1.6]
	at org.apache.catalina.core.ApplicationFilterChain.internalDoFilter(ApplicationFilterChain.java:175) ~[tomcat-embed-core-10.1.20.jar:10.1.20]
	at org.apache.catalina.core.ApplicationFilterChain.doFilter(ApplicationFilterChain.java:150) ~[tomcat-embed-core-10.1.20.jar:10.1.20]
	at org.springframework.web.filter.FormContentFilter.doFilterInternal(FormContentFilter.java:93) ~[spring-web-6.1.6.jar:6.1.6]
	at org.springframework.web.filter.OncePerRequestFilter.doFilter(OncePerRequestFilter.java:116) ~[spring-web-6.1.6.jar:6.1.6]
	at org.apache.catalina.core.ApplicationFilterChain.internalDoFilter(ApplicationFilterChain.java:175) ~[tomcat-embed-core-10.1.20.jar:10.1.20]
	at org.apache.catalina.core.ApplicationFilterChain.doFilter(ApplicationFilterChain.java:150) ~[tomcat-embed-core-10.1.20.jar:10.1.20]
	at org.springframework.web.filter.CharacterEncodingFilter.doFilterInternal(CharacterEncodingFilter.java:201) ~[spring-web-6.1.6.jar:6.1.6]
	at org.springframework.web.filter.OncePerRequestFilter.doFilter(OncePerRequestFilter.java:116) ~[spring-web-6.1.6.jar:6.1.6]
	at org.apache.catalina.core.ApplicationFilterChain.internalDoFilter(ApplicationFilterChain.java:175) ~[tomcat-embed-core-10.1.20.jar:10.1.20]
	at org.apache.catalina.core.ApplicationFilterChain.doFilter(ApplicationFilterChain.java:150) ~[tomcat-embed-core-10.1.20.jar:10.1.20]
	at org.apache.catalina.core.StandardWrapperValve.invoke(StandardWrapperValve.java:167) ~[tomcat-embed-core-10.1.20.jar:10.1.20]
	at org.apache.catalina.core.StandardContextValve.invoke(StandardContextValve.java:90) ~[tomcat-embed-core-10.1.20.jar:10.1.20]
	at org.apache.catalina.authenticator.AuthenticatorBase.invoke(AuthenticatorBase.java:482) ~[tomcat-embed-core-10.1.20.jar:10.1.20]
	at org.apache.catalina.core.StandardHostValve.invoke(StandardHostValve.java:115) ~[tomcat-embed-core-10.1.20.jar:10.1.20]
	at org.apache.catalina.valves.ErrorReportValve.invoke(ErrorReportValve.java:93) ~[tomcat-embed-core-10.1.20.jar:10.1.20]
	at org.apache.catalina.core.StandardEngineValve.invoke(StandardEngineValve.java:74) ~[tomcat-embed-core-10.1.20.jar:10.1.20]
	at org.apache.catalina.connector.CoyoteAdapter.service(CoyoteAdapter.java:344) ~[tomcat-embed-core-10.1.20.jar:10.1.20]
	at org.apache.coyote.http11.Http11Processor.service(Http11Processor.java:391) ~[tomcat-embed-core-10.1.20.jar:10.1.20]
	at org.apache.coyote.AbstractProcessorLight.process(AbstractProcessorLight.java:63) ~[tomcat-embed-core-10.1.20.jar:10.1.20]
	at org.apache.coyote.AbstractProtocol$ConnectionHandler.process(AbstractProtocol.java:896) ~[tomcat-embed-core-10.1.20.jar:10.1.20]
	at org.apache.tomcat.util.net.NioEndpoint$SocketProcessor.doRun(NioEndpoint.java:1736) ~[tomcat-embed-core-10.1.20.jar:10.1.20]
	at org.apache.tomcat.util.net.SocketProcessorBase.run(SocketProcessorBase.java:52) ~[tomcat-embed-core-10.1.20.jar:10.1.20]
	at org.apache.tomcat.util.threads.ThreadPoolExecutor.runWorker(ThreadPoolExecutor.java:1191) ~[tomcat-embed-core-10.1.20.jar:10.1.20]
	at org.apache.tomcat.util.threads.ThreadPoolExecutor$Worker.run(ThreadPoolExecutor.java:659) ~[tomcat-embed-core-10.1.20.jar:10.1.20]
	at org.apache.tomcat.util.threads.TaskThread$WrappingRunnable.run(TaskThread.java:63) ~[tomcat-embed-core-10.1.20.jar:10.1.20]
	at java.base/java.lang.Thread.run(Thread.java:1583) ~[na:na]

2025-07-30T20:37:19.596-03:00 DEBUG 33096 --- [tastemanager] [http-nio-8080-exec-4] o.s.web.servlet.DispatcherServlet        : "ERROR" dispatch for POST "/error", parameters={}
2025-07-30T20:37:19.613-03:00 DEBUG 33096 --- [tastemanager] [http-nio-8080-exec-4] s.w.s.m.m.a.RequestMappingHandlerMapping : Mapped to org.springframework.boot.autoconfigure.web.servlet.error.BasicErrorController#error(HttpServletRequest)
2025-07-30T20:37:19.615-03:00 DEBUG 33096 --- [tastemanager] [http-nio-8080-exec-4] o.s.w.s.m.m.a.HttpEntityMethodProcessor  : Using 'application/json', given [*/*] and supported [application/json, application/*+json]
2025-07-30T20:37:19.625-03:00 DEBUG 33096 --- [tastemanager] [http-nio-8080-exec-4] o.s.w.s.m.m.a.HttpEntityMethodProcessor  : Writing [{timestamp=Wed Jul 30 20:37:19 BRT 2025, status=500, error=Internal Server Error, path=/menu/create/ (truncated)...]
2025-07-30T20:37:19.631-03:00 DEBUG 33096 --- [tastemanager] [http-nio-8080-exec-4] o.s.web.servlet.DispatcherServlet        : Exiting from "ERROR" dispatch, status 500
2025-07-30T20:37:30.375-03:00 DEBUG 33096 --- [tastemanager] [http-nio-8080-exec-6] o.s.web.servlet.DispatcherServlet        : POST "/menu/create/2", parameters={}
2025-07-30T20:37:30.377-03:00 DEBUG 33096 --- [tastemanager] [http-nio-8080-exec-6] s.w.s.m.m.a.RequestMappingHandlerMapping : Mapped to br.com.tastemanager.controller.MenuController#createMenu(Long, MenuRequestDTO)
2025-07-30T20:37:30.382-03:00 DEBUG 33096 --- [tastemanager] [http-nio-8080-exec-6] m.m.a.RequestResponseBodyMethodProcessor : Read "application/json;charset=UTF-8" to [br.com.tastemanager.dto.request.MenuRequestDTO@41477a59]
2025-07-30T20:37:30.394-03:00 DEBUG 33096 --- [tastemanager] [http-nio-8080-exec-6] o.s.web.servlet.DispatcherServlet        : Failed to complete request: java.lang.NullPointerException: Cannot invoke "java.util.List.clear()" because the return value of "br.com.tastemanager.entity.Menu.getItems()" is null
2025-07-30T20:37:30.394-03:00 ERROR 33096 --- [tastemanager] [http-nio-8080-exec-6] o.a.c.c.C.[.[.[/].[dispatcherServlet]    : Servlet.service() for servlet [dispatcherServlet] in context with path [] threw exception [Request processing failed: java.lang.NullPointerException: Cannot invoke "java.util.List.clear()" because the return value of "br.com.tastemanager.entity.Menu.getItems()" is null] with root cause

java.lang.NullPointerException: Cannot invoke "java.util.List.clear()" because the return value of "br.com.tastemanager.entity.Menu.getItems()" is null
	at br.com.tastemanager.service.MenuService.createMenu(MenuService.java:42) ~[classes/:na]
	at br.com.tastemanager.controller.MenuController.createMenu(MenuController.java:25) ~[classes/:na]
	at java.base/jdk.internal.reflect.DirectMethodHandleAccessor.invoke(DirectMethodHandleAccessor.java:103) ~[na:na]
	at java.base/java.lang.reflect.Method.invoke(Method.java:580) ~[na:na]
	at org.springframework.web.method.support.InvocableHandlerMethod.doInvoke(InvocableHandlerMethod.java:255) ~[spring-web-6.1.6.jar:6.1.6]
	at org.springframework.web.method.support.InvocableHandlerMethod.invokeForRequest(InvocableHandlerMethod.java:188) ~[spring-web-6.1.6.jar:6.1.6]
	at org.springframework.web.servlet.mvc.method.annotation.ServletInvocableHandlerMethod.invokeAndHandle(ServletInvocableHandlerMethod.java:118) ~[spring-webmvc-6.1.6.jar:6.1.6]
	at org.springframework.web.servlet.mvc.method.annotation.RequestMappingHandlerAdapter.invokeHandlerMethod(RequestMappingHandlerAdapter.java:926) ~[spring-webmvc-6.1.6.jar:6.1.6]
	at org.springframework.web.servlet.mvc.method.annotation.RequestMappingHandlerAdapter.handleInternal(RequestMappingHandlerAdapter.java:831) ~[spring-webmvc-6.1.6.jar:6.1.6]
	at org.springframework.web.servlet.mvc.method.AbstractHandlerMethodAdapter.handle(AbstractHandlerMethodAdapter.java:87) ~[spring-webmvc-6.1.6.jar:6.1.6]
	at org.springframework.web.servlet.DispatcherServlet.doDispatch(DispatcherServlet.java:1089) ~[spring-webmvc-6.1.6.jar:6.1.6]
	at org.springframework.web.servlet.DispatcherServlet.doService(DispatcherServlet.java:979) ~[spring-webmvc-6.1.6.jar:6.1.6]
	at org.springframework.web.servlet.FrameworkServlet.processRequest(FrameworkServlet.java:1014) ~[spring-webmvc-6.1.6.jar:6.1.6]
	at org.springframework.web.servlet.FrameworkServlet.doPost(FrameworkServlet.java:914) ~[spring-webmvc-6.1.6.jar:6.1.6]
	at jakarta.servlet.http.HttpServlet.service(HttpServlet.java:590) ~[tomcat-embed-core-10.1.20.jar:6.0]
	at org.springframework.web.servlet.FrameworkServlet.service(FrameworkServlet.java:885) ~[spring-webmvc-6.1.6.jar:6.1.6]
	at jakarta.servlet.http.HttpServlet.service(HttpServlet.java:658) ~[tomcat-embed-core-10.1.20.jar:6.0]
	at org.apache.catalina.core.ApplicationFilterChain.internalDoFilter(ApplicationFilterChain.java:206) ~[tomcat-embed-core-10.1.20.jar:10.1.20]
	at org.apache.catalina.core.ApplicationFilterChain.doFilter(ApplicationFilterChain.java:150) ~[tomcat-embed-core-10.1.20.jar:10.1.20]
	at org.apache.tomcat.websocket.server.WsFilter.doFilter(WsFilter.java:51) ~[tomcat-embed-websocket-10.1.20.jar:10.1.20]
	at org.apache.catalina.core.ApplicationFilterChain.internalDoFilter(ApplicationFilterChain.java:175) ~[tomcat-embed-core-10.1.20.jar:10.1.20]
	at org.apache.catalina.core.ApplicationFilterChain.doFilter(ApplicationFilterChain.java:150) ~[tomcat-embed-core-10.1.20.jar:10.1.20]
	at org.springframework.web.filter.RequestContextFilter.doFilterInternal(RequestContextFilter.java:100) ~[spring-web-6.1.6.jar:6.1.6]
	at org.springframework.web.filter.OncePerRequestFilter.doFilter(OncePerRequestFilter.java:116) ~[spring-web-6.1.6.jar:6.1.6]
	at org.apache.catalina.core.ApplicationFilterChain.internalDoFilter(ApplicationFilterChain.java:175) ~[tomcat-embed-core-10.1.20.jar:10.1.20]
	at org.apache.catalina.core.ApplicationFilterChain.doFilter(ApplicationFilterChain.java:150) ~[tomcat-embed-core-10.1.20.jar:10.1.20]
	at org.springframework.web.filter.FormContentFilter.doFilterInternal(FormContentFilter.java:93) ~[spring-web-6.1.6.jar:6.1.6]
	at org.springframework.web.filter.OncePerRequestFilter.doFilter(OncePerRequestFilter.java:116) ~[spring-web-6.1.6.jar:6.1.6]
	at org.apache.catalina.core.ApplicationFilterChain.internalDoFilter(ApplicationFilterChain.java:175) ~[tomcat-embed-core-10.1.20.jar:10.1.20]
	at org.apache.catalina.core.ApplicationFilterChain.doFilter(ApplicationFilterChain.java:150) ~[tomcat-embed-core-10.1.20.jar:10.1.20]
	at org.springframework.web.filter.CharacterEncodingFilter.doFilterInternal(CharacterEncodingFilter.java:201) ~[spring-web-6.1.6.jar:6.1.6]
	at org.springframework.web.filter.OncePerRequestFilter.doFilter(OncePerRequestFilter.java:116) ~[spring-web-6.1.6.jar:6.1.6]
	at org.apache.catalina.core.ApplicationFilterChain.internalDoFilter(ApplicationFilterChain.java:175) ~[tomcat-embed-core-10.1.20.jar:10.1.20]
	at org.apache.catalina.core.ApplicationFilterChain.doFilter(ApplicationFilterChain.java:150) ~[tomcat-embed-core-10.1.20.jar:10.1.20]
	at org.apache.catalina.core.StandardWrapperValve.invoke(StandardWrapperValve.java:167) ~[tomcat-embed-core-10.1.20.jar:10.1.20]
	at org.apache.catalina.core.StandardContextValve.invoke(StandardContextValve.java:90) ~[tomcat-embed-core-10.1.20.jar:10.1.20]
	at org.apache.catalina.authenticator.AuthenticatorBase.invoke(AuthenticatorBase.java:482) ~[tomcat-embed-core-10.1.20.jar:10.1.20]
	at org.apache.catalina.core.StandardHostValve.invoke(StandardHostValve.java:115) ~[tomcat-embed-core-10.1.20.jar:10.1.20]
	at org.apache.catalina.valves.ErrorReportValve.invoke(ErrorReportValve.java:93) ~[tomcat-embed-core-10.1.20.jar:10.1.20]
	at org.apache.catalina.core.StandardEngineValve.invoke(StandardEngineValve.java:74) ~[tomcat-embed-core-10.1.20.jar:10.1.20]
	at org.apache.catalina.connector.CoyoteAdapter.service(CoyoteAdapter.java:344) ~[tomcat-embed-core-10.1.20.jar:10.1.20]
	at org.apache.coyote.http11.Http11Processor.service(Http11Processor.java:391) ~[tomcat-embed-core-10.1.20.jar:10.1.20]
	at org.apache.coyote.AbstractProcessorLight.process(AbstractProcessorLight.java:63) ~[tomcat-embed-core-10.1.20.jar:10.1.20]
	at org.apache.coyote.AbstractProtocol$ConnectionHandler.process(AbstractProtocol.java:896) ~[tomcat-embed-core-10.1.20.jar:10.1.20]
	at org.apache.tomcat.util.net.NioEndpoint$SocketProcessor.doRun(NioEndpoint.java:1736) ~[tomcat-embed-core-10.1.20.jar:10.1.20]
	at org.apache.tomcat.util.net.SocketProcessorBase.run(SocketProcessorBase.java:52) ~[tomcat-embed-core-10.1.20.jar:10.1.20]
	at org.apache.tomcat.util.threads.ThreadPoolExecutor.runWorker(ThreadPoolExecutor.java:1191) ~[tomcat-embed-core-10.1.20.jar:10.1.20]
	at org.apache.tomcat.util.threads.ThreadPoolExecutor$Worker.run(ThreadPoolExecutor.java:659) ~[tomcat-embed-core-10.1.20.jar:10.1.20]
	at org.apache.tomcat.util.threads.TaskThread$WrappingRunnable.run(TaskThread.java:63) ~[tomcat-embed-core-10.1.20.jar:10.1.20]
	at java.base/java.lang.Thread.run(Thread.java:1583) ~[na:na]

2025-07-30T20:37:30.394-03:00 DEBUG 33096 --- [tastemanager] [http-nio-8080-exec-6] o.s.web.servlet.DispatcherServlet        : "ERROR" dispatch for POST "/error", parameters={}
2025-07-30T20:37:30.394-03:00 DEBUG 33096 --- [tastemanager] [http-nio-8080-exec-6] s.w.s.m.m.a.RequestMappingHandlerMapping : Mapped to org.springframework.boot.autoconfigure.web.servlet.error.BasicErrorController#error(HttpServletRequest)
2025-07-30T20:37:30.401-03:00 DEBUG 33096 --- [tastemanager] [http-nio-8080-exec-6] o.s.w.s.m.m.a.HttpEntityMethodProcessor  : Using 'application/json', given [*/*] and supported [application/json, application/*+json]
2025-07-30T20:37:30.402-03:00 DEBUG 33096 --- [tastemanager] [http-nio-8080-exec-6] o.s.w.s.m.m.a.HttpEntityMethodProcessor  : Writing [{timestamp=Wed Jul 30 20:37:30 BRT 2025, status=500, error=Internal Server Error, path=/menu/create/ (truncated)...]
2025-07-30T20:37:30.405-03:00 DEBUG 33096 --- [tastemanager] [http-nio-8080-exec-6] o.s.web.servlet.DispatcherServlet        : Exiting from "ERROR" dispatch, status 500
2025-07-30T20:37:51.551-03:00  INFO 33096 --- [tastemanager] [SpringApplicationShutdownHook] j.LocalContainerEntityManagerFactoryBean : Closing JPA EntityManagerFactory for persistence unit 'default'
2025-07-30T20:37:51.556-03:00  INFO 33096 --- [tastemanager] [SpringApplicationShutdownHook] com.zaxxer.hikari.HikariDataSource       : HikariPool-1 - Shutdown initiated...
2025-07-30T20:37:51.561-03:00  INFO 33096 --- [tastemanager] [SpringApplicationShutdownHook] com.zaxxer.hikari.HikariDataSource       : HikariPool-1 - Shutdown completed.
2025-07-30T20:38:00.793-03:00  INFO 31236 --- [tastemanager] [main] b.c.t.TasteManagerApplication            : Starting TasteManagerApplication using Java 21.0.7 with PID 31236 (C:\Users\silva\Projects\FIAP\tastemanager\target\classes started by silva in C:\Users\silva\Projects\FIAP\tastemanager)
2025-07-30T20:38:00.797-03:00  INFO 31236 --- [tastemanager] [main] b.c.t.TasteManagerApplication            : No active profile set, falling back to 1 default profile: "default"
2025-07-30T20:38:02.528-03:00  INFO 31236 --- [tastemanager] [main] .s.d.r.c.RepositoryConfigurationDelegate : Bootstrapping Spring Data JPA repositories in DEFAULT mode.
2025-07-30T20:38:02.695-03:00  INFO 31236 --- [tastemanager] [main] .s.d.r.c.RepositoryConfigurationDelegate : Finished Spring Data repository scanning in 145 ms. Found 4 JPA repository interfaces.
2025-07-30T20:38:03.930-03:00  INFO 31236 --- [tastemanager] [main] o.s.b.w.embedded.tomcat.TomcatWebServer  : Tomcat initialized with port 8080 (http)
2025-07-30T20:38:03.959-03:00  INFO 31236 --- [tastemanager] [main] o.apache.catalina.core.StandardService   : Starting service [Tomcat]
2025-07-30T20:38:03.959-03:00  INFO 31236 --- [tastemanager] [main] o.apache.catalina.core.StandardEngine    : Starting Servlet engine: [Apache Tomcat/10.1.20]
2025-07-30T20:38:04.091-03:00  INFO 31236 --- [tastemanager] [main] o.a.c.c.C.[Tomcat].[localhost].[/]       : Initializing Spring embedded WebApplicationContext
2025-07-30T20:38:04.092-03:00  INFO 31236 --- [tastemanager] [main] w.s.c.ServletWebServerApplicationContext : Root WebApplicationContext: initialization completed in 3186 ms
2025-07-30T20:38:04.148-03:00  INFO 31236 --- [tastemanager] [main] com.zaxxer.hikari.HikariDataSource       : HikariPool-1 - Starting...
2025-07-30T20:38:04.525-03:00  INFO 31236 --- [tastemanager] [main] com.zaxxer.hikari.pool.HikariPool        : HikariPool-1 - Added connection conn0: url=jdbc:h2:mem:tastmanagerdb user=SA
2025-07-30T20:38:04.528-03:00  INFO 31236 --- [tastemanager] [main] com.zaxxer.hikari.HikariDataSource       : HikariPool-1 - Start completed.
2025-07-30T20:38:04.549-03:00  INFO 31236 --- [tastemanager] [main] o.s.b.a.h2.H2ConsoleAutoConfiguration    : H2 console available at '/h2-console'. Database available at 'jdbc:h2:mem:tastmanagerdb'
2025-07-30T20:38:04.817-03:00  INFO 31236 --- [tastemanager] [main] o.hibernate.jpa.internal.util.LogHelper  : HHH000204: Processing PersistenceUnitInfo [name: default]
2025-07-30T20:38:04.956-03:00  INFO 31236 --- [tastemanager] [main] org.hibernate.Version                    : HHH000412: Hibernate ORM core version 6.4.4.Final
2025-07-30T20:38:05.024-03:00  INFO 31236 --- [tastemanager] [main] o.h.c.internal.RegionFactoryInitiator    : HHH000026: Second-level cache disabled
2025-07-30T20:38:05.533-03:00  INFO 31236 --- [tastemanager] [main] o.s.o.j.p.SpringPersistenceUnitInfo      : No LoadTimeWeaver setup: ignoring JPA class transformer
2025-07-30T20:38:05.633-03:00  WARN 31236 --- [tastemanager] [main] org.hibernate.orm.deprecation            : HHH90000025: H2Dialect does not need to be specified explicitly using 'hibernate.dialect' (remove the property setting and it will be selected by default)
2025-07-30T20:38:07.388-03:00  INFO 31236 --- [tastemanager] [main] o.h.e.t.j.p.i.JtaPlatformInitiator       : HHH000489: No JTA platform available (set 'hibernate.transaction.jta.platform' to enable JTA platform integration)
2025-07-30T20:38:07.513-03:00  INFO 31236 --- [tastemanager] [main] j.LocalContainerEntityManagerFactoryBean : Initialized JPA EntityManagerFactory for persistence unit 'default'
2025-07-30T20:38:08.292-03:00  INFO 31236 --- [tastemanager] [main] o.s.d.j.r.query.QueryEnhancerFactory     : Hibernate is in classpath; If applicable, HQL parser will be used.
2025-07-30T20:38:09.343-03:00  WARN 31236 --- [tastemanager] [main] JpaBaseConfiguration$JpaWebConfiguration : spring.jpa.open-in-view is enabled by default. Therefore, database queries may be performed during view rendering. Explicitly configure spring.jpa.open-in-view to disable this warning
2025-07-30T20:38:09.621-03:00 DEBUG 31236 --- [tastemanager] [main] s.w.s.m.m.a.RequestMappingHandlerMapping : 27 mappings in 'requestMappingHandlerMapping'
2025-07-30T20:38:09.767-03:00 DEBUG 31236 --- [tastemanager] [main] o.s.w.s.handler.SimpleUrlHandlerMapping  : Patterns [/webjars/**, /**, /swagger-ui*/*swagger-initializer.js, /swagger-ui*/**] in 'resourceHandlerMapping'
2025-07-30T20:38:09.844-03:00 DEBUG 31236 --- [tastemanager] [main] s.w.s.m.m.a.RequestMappingHandlerAdapter : ControllerAdvice beans: 0 @ModelAttribute, 0 @InitBinder, 1 RequestBodyAdvice, 1 ResponseBodyAdvice
2025-07-30T20:38:09.904-03:00 DEBUG 31236 --- [tastemanager] [main] .m.m.a.ExceptionHandlerExceptionResolver : ControllerAdvice beans: 2 @ExceptionHandler, 1 ResponseBodyAdvice
2025-07-30T20:38:10.313-03:00  INFO 31236 --- [tastemanager] [main] o.s.b.w.embedded.tomcat.TomcatWebServer  : Tomcat started on port 8080 (http) with context path ''
2025-07-30T20:38:10.331-03:00  INFO 31236 --- [tastemanager] [main] b.c.t.TasteManagerApplication            : Started TasteManagerApplication in 10.42 seconds (process running for 11.202)
2025-07-30T20:38:19.498-03:00  INFO 31236 --- [tastemanager] [http-nio-8080-exec-3] o.a.c.c.C.[Tomcat].[localhost].[/]       : Initializing Spring DispatcherServlet 'dispatcherServlet'
2025-07-30T20:38:19.498-03:00  INFO 31236 --- [tastemanager] [http-nio-8080-exec-3] o.s.web.servlet.DispatcherServlet        : Initializing Servlet 'dispatcherServlet'
2025-07-30T20:38:19.498-03:00 DEBUG 31236 --- [tastemanager] [http-nio-8080-exec-3] o.s.web.servlet.DispatcherServlet        : Detected StandardServletMultipartResolver
2025-07-30T20:38:19.498-03:00 DEBUG 31236 --- [tastemanager] [http-nio-8080-exec-3] o.s.web.servlet.DispatcherServlet        : Detected AcceptHeaderLocaleResolver
2025-07-30T20:38:19.498-03:00 DEBUG 31236 --- [tastemanager] [http-nio-8080-exec-3] o.s.web.servlet.DispatcherServlet        : Detected FixedThemeResolver
2025-07-30T20:38:19.501-03:00 DEBUG 31236 --- [tastemanager] [http-nio-8080-exec-3] o.s.web.servlet.DispatcherServlet        : Detected org.springframework.web.servlet.view.DefaultRequestToViewNameTranslator@62d10834
2025-07-30T20:38:19.503-03:00 DEBUG 31236 --- [tastemanager] [http-nio-8080-exec-3] o.s.web.servlet.DispatcherServlet        : Detected org.springframework.web.servlet.support.SessionFlashMapManager@7afffc81
2025-07-30T20:38:19.504-03:00 DEBUG 31236 --- [tastemanager] [http-nio-8080-exec-3] o.s.web.servlet.DispatcherServlet        : enableLoggingRequestDetails='false': request parameters and headers will be masked to prevent unsafe logging of potentially sensitive data
2025-07-30T20:38:19.505-03:00  INFO 31236 --- [tastemanager] [http-nio-8080-exec-3] o.s.web.servlet.DispatcherServlet        : Completed initialization in 6 ms
2025-07-30T20:38:19.524-03:00 DEBUG 31236 --- [tastemanager] [http-nio-8080-exec-3] o.s.web.servlet.DispatcherServlet        : POST "/menu/create/2", parameters={}
2025-07-30T20:38:19.544-03:00 DEBUG 31236 --- [tastemanager] [http-nio-8080-exec-3] s.w.s.m.m.a.RequestMappingHandlerMapping : Mapped to br.com.tastemanager.controller.MenuController#createMenu(Long, MenuRequestDTO)
2025-07-30T20:38:19.707-03:00 DEBUG 31236 --- [tastemanager] [http-nio-8080-exec-3] m.m.a.RequestResponseBodyMethodProcessor : Read "application/json;charset=UTF-8" to [br.com.tastemanager.dto.request.MenuRequestDTO@111f777b]
2025-07-30T20:38:20.068-03:00 DEBUG 31236 --- [tastemanager] [http-nio-8080-exec-3] o.s.w.s.m.m.a.HttpEntityMethodProcessor  : Using 'application/json', given [*/*] and supported [application/json, application/*+json]
2025-07-30T20:38:20.070-03:00 DEBUG 31236 --- [tastemanager] [http-nio-8080-exec-3] o.s.w.s.m.m.a.HttpEntityMethodProcessor  : Writing [br.com.tastemanager.dto.response.MenuResponseDTO@5f8f3dac]
2025-07-30T20:38:20.098-03:00 DEBUG 31236 --- [tastemanager] [http-nio-8080-exec-3] o.s.web.servlet.DispatcherServlet        : Completed 201 CREATED
2025-07-30T20:38:23.096-03:00 DEBUG 31236 --- [tastemanager] [http-nio-8080-exec-4] o.s.web.servlet.DispatcherServlet        : POST "/menu/create/2", parameters={}
2025-07-30T20:38:23.099-03:00 DEBUG 31236 --- [tastemanager] [http-nio-8080-exec-4] s.w.s.m.m.a.RequestMappingHandlerMapping : Mapped to br.com.tastemanager.controller.MenuController#createMenu(Long, MenuRequestDTO)
2025-07-30T20:38:23.110-03:00 DEBUG 31236 --- [tastemanager] [http-nio-8080-exec-4] m.m.a.RequestResponseBodyMethodProcessor : Read "application/json;charset=UTF-8" to [br.com.tastemanager.dto.request.MenuRequestDTO@78234584]
2025-07-30T20:38:23.226-03:00 DEBUG 31236 --- [tastemanager] [http-nio-8080-exec-4] o.s.web.servlet.DispatcherServlet        : Failed to complete request: org.springframework.orm.jpa.JpaSystemException: A collection with cascade="all-delete-orphan" was no longer referenced by the owning entity instance: br.com.tastemanager.entity.Menu.items
2025-07-30T20:38:23.228-03:00 ERROR 31236 --- [tastemanager] [http-nio-8080-exec-4] o.a.c.c.C.[.[.[/].[dispatcherServlet]    : Servlet.service() for servlet [dispatcherServlet] in context with path [] threw exception [Request processing failed: org.springframework.orm.jpa.JpaSystemException: A collection with cascade="all-delete-orphan" was no longer referenced by the owning entity instance: br.com.tastemanager.entity.Menu.items] with root cause

org.hibernate.HibernateException: A collection with cascade="all-delete-orphan" was no longer referenced by the owning entity instance: br.com.tastemanager.entity.Menu.items
	at org.hibernate.engine.internal.Collections.processDereferencedCollection(Collections.java:98) ~[hibernate-core-6.4.4.Final.jar:6.4.4.Final]
	at org.hibernate.engine.internal.Collections.processUnreachableCollection(Collections.java:49) ~[hibernate-core-6.4.4.Final.jar:6.4.4.Final]
	at org.hibernate.event.internal.AbstractFlushingEventListener.lambda$flushCollections$1(AbstractFlushingEventListener.java:270) ~[hibernate-core-6.4.4.Final.jar:6.4.4.Final]
	at org.hibernate.engine.internal.StatefulPersistenceContext.forEachCollectionEntry(StatefulPersistenceContext.java:1327) ~[hibernate-core-6.4.4.Final.jar:6.4.4.Final]
	at org.hibernate.event.internal.AbstractFlushingEventListener.flushCollections(AbstractFlushingEventListener.java:267) ~[hibernate-core-6.4.4.Final.jar:6.4.4.Final]
	at org.hibernate.event.internal.AbstractFlushingEventListener.flushEverythingToExecutions(AbstractFlushingEventListener.java:91) ~[hibernate-core-6.4.4.Final.jar:6.4.4.Final]
	at org.hibernate.event.internal.DefaultFlushEventListener.onFlush(DefaultFlushEventListener.java:40) ~[hibernate-core-6.4.4.Final.jar:6.4.4.Final]
	at org.hibernate.event.service.internal.EventListenerGroupImpl.fireEventOnEachListener(EventListenerGroupImpl.java:127) ~[hibernate-core-6.4.4.Final.jar:6.4.4.Final]
	at org.hibernate.internal.SessionImpl.doFlush(SessionImpl.java:1403) ~[hibernate-core-6.4.4.Final.jar:6.4.4.Final]
	at org.hibernate.internal.SessionImpl.managedFlush(SessionImpl.java:484) ~[hibernate-core-6.4.4.Final.jar:6.4.4.Final]
	at org.hibernate.internal.SessionImpl.flushBeforeTransactionCompletion(SessionImpl.java:2319) ~[hibernate-core-6.4.4.Final.jar:6.4.4.Final]
	at org.hibernate.internal.SessionImpl.beforeTransactionCompletion(SessionImpl.java:1976) ~[hibernate-core-6.4.4.Final.jar:6.4.4.Final]
	at org.hibernate.engine.jdbc.internal.JdbcCoordinatorImpl.beforeTransactionCompletion(JdbcCoordinatorImpl.java:439) ~[hibernate-core-6.4.4.Final.jar:6.4.4.Final]
	at org.hibernate.resource.transaction.backend.jdbc.internal.JdbcResourceLocalTransactionCoordinatorImpl.beforeCompletionCallback(JdbcResourceLocalTransactionCoordinatorImpl.java:169) ~[hibernate-core-6.4.4.Final.jar:6.4.4.Final]
	at org.hibernate.resource.transaction.backend.jdbc.internal.JdbcResourceLocalTransactionCoordinatorImpl$TransactionDriverControlImpl.commit(JdbcResourceLocalTransactionCoordinatorImpl.java:267) ~[hibernate-core-6.4.4.Final.jar:6.4.4.Final]
	at org.hibernate.engine.transaction.internal.TransactionImpl.commit(TransactionImpl.java:101) ~[hibernate-core-6.4.4.Final.jar:6.4.4.Final]
	at org.springframework.orm.jpa.JpaTransactionManager.doCommit(JpaTransactionManager.java:562) ~[spring-orm-6.1.6.jar:6.1.6]
	at org.springframework.transaction.support.AbstractPlatformTransactionManager.processCommit(AbstractPlatformTransactionManager.java:794) ~[spring-tx-6.1.6.jar:6.1.6]
	at org.springframework.transaction.support.AbstractPlatformTransactionManager.commit(AbstractPlatformTransactionManager.java:757) ~[spring-tx-6.1.6.jar:6.1.6]
	at org.springframework.transaction.interceptor.TransactionAspectSupport.commitTransactionAfterReturning(TransactionAspectSupport.java:676) ~[spring-tx-6.1.6.jar:6.1.6]
	at org.springframework.transaction.interceptor.TransactionAspectSupport.invokeWithinTransaction(TransactionAspectSupport.java:426) ~[spring-tx-6.1.6.jar:6.1.6]
	at org.springframework.transaction.interceptor.TransactionInterceptor.invoke(TransactionInterceptor.java:119) ~[spring-tx-6.1.6.jar:6.1.6]
	at org.springframework.aop.framework.ReflectiveMethodInvocation.proceed(ReflectiveMethodInvocation.java:184) ~[spring-aop-6.1.6.jar:6.1.6]
	at org.springframework.dao.support.PersistenceExceptionTranslationInterceptor.invoke(PersistenceExceptionTranslationInterceptor.java:137) ~[spring-tx-6.1.6.jar:6.1.6]
	at org.springframework.aop.framework.ReflectiveMethodInvocation.proceed(ReflectiveMethodInvocation.java:184) ~[spring-aop-6.1.6.jar:6.1.6]
	at org.springframework.data.jpa.repository.support.CrudMethodMetadataPostProcessor$CrudMethodMetadataPopulatingMethodInterceptor.invoke(CrudMethodMetadataPostProcessor.java:164) ~[spring-data-jpa-3.2.5.jar:3.2.5]
	at org.springframework.aop.framework.ReflectiveMethodInvocation.proceed(ReflectiveMethodInvocation.java:184) ~[spring-aop-6.1.6.jar:6.1.6]
	at org.springframework.aop.interceptor.ExposeInvocationInterceptor.invoke(ExposeInvocationInterceptor.java:97) ~[spring-aop-6.1.6.jar:6.1.6]
	at org.springframework.aop.framework.ReflectiveMethodInvocation.proceed(ReflectiveMethodInvocation.java:184) ~[spring-aop-6.1.6.jar:6.1.6]
	at org.springframework.aop.framework.JdkDynamicAopProxy.invoke(JdkDynamicAopProxy.java:223) ~[spring-aop-6.1.6.jar:6.1.6]
	at jdk.proxy2/jdk.proxy2.$Proxy129.save(Unknown Source) ~[na:na]
	at br.com.tastemanager.service.MenuService.createMenu(MenuService.java:54) ~[classes/:na]
	at br.com.tastemanager.controller.MenuController.createMenu(MenuController.java:25) ~[classes/:na]
	at java.base/jdk.internal.reflect.DirectMethodHandleAccessor.invoke(DirectMethodHandleAccessor.java:103) ~[na:na]
	at java.base/java.lang.reflect.Method.invoke(Method.java:580) ~[na:na]
	at org.springframework.web.method.support.InvocableHandlerMethod.doInvoke(InvocableHandlerMethod.java:255) ~[spring-web-6.1.6.jar:6.1.6]
	at org.springframework.web.method.support.InvocableHandlerMethod.invokeForRequest(InvocableHandlerMethod.java:188) ~[spring-web-6.1.6.jar:6.1.6]
	at org.springframework.web.servlet.mvc.method.annotation.ServletInvocableHandlerMethod.invokeAndHandle(ServletInvocableHandlerMethod.java:118) ~[spring-webmvc-6.1.6.jar:6.1.6]
	at org.springframework.web.servlet.mvc.method.annotation.RequestMappingHandlerAdapter.invokeHandlerMethod(RequestMappingHandlerAdapter.java:926) ~[spring-webmvc-6.1.6.jar:6.1.6]
	at org.springframework.web.servlet.mvc.method.annotation.RequestMappingHandlerAdapter.handleInternal(RequestMappingHandlerAdapter.java:831) ~[spring-webmvc-6.1.6.jar:6.1.6]
	at org.springframework.web.servlet.mvc.method.AbstractHandlerMethodAdapter.handle(AbstractHandlerMethodAdapter.java:87) ~[spring-webmvc-6.1.6.jar:6.1.6]
	at org.springframework.web.servlet.DispatcherServlet.doDispatch(DispatcherServlet.java:1089) ~[spring-webmvc-6.1.6.jar:6.1.6]
	at org.springframework.web.servlet.DispatcherServlet.doService(DispatcherServlet.java:979) ~[spring-webmvc-6.1.6.jar:6.1.6]
	at org.springframework.web.servlet.FrameworkServlet.processRequest(FrameworkServlet.java:1014) ~[spring-webmvc-6.1.6.jar:6.1.6]
	at org.springframework.web.servlet.FrameworkServlet.doPost(FrameworkServlet.java:914) ~[spring-webmvc-6.1.6.jar:6.1.6]
	at jakarta.servlet.http.HttpServlet.service(HttpServlet.java:590) ~[tomcat-embed-core-10.1.20.jar:6.0]
	at org.springframework.web.servlet.FrameworkServlet.service(FrameworkServlet.java:885) ~[spring-webmvc-6.1.6.jar:6.1.6]
	at jakarta.servlet.http.HttpServlet.service(HttpServlet.java:658) ~[tomcat-embed-core-10.1.20.jar:6.0]
	at org.apache.catalina.core.ApplicationFilterChain.internalDoFilter(ApplicationFilterChain.java:206) ~[tomcat-embed-core-10.1.20.jar:10.1.20]
	at org.apache.catalina.core.ApplicationFilterChain.doFilter(ApplicationFilterChain.java:150) ~[tomcat-embed-core-10.1.20.jar:10.1.20]
	at org.apache.tomcat.websocket.server.WsFilter.doFilter(WsFilter.java:51) ~[tomcat-embed-websocket-10.1.20.jar:10.1.20]
	at org.apache.catalina.core.ApplicationFilterChain.internalDoFilter(ApplicationFilterChain.java:175) ~[tomcat-embed-core-10.1.20.jar:10.1.20]
	at org.apache.catalina.core.ApplicationFilterChain.doFilter(ApplicationFilterChain.java:150) ~[tomcat-embed-core-10.1.20.jar:10.1.20]
	at org.springframework.web.filter.RequestContextFilter.doFilterInternal(RequestContextFilter.java:100) ~[spring-web-6.1.6.jar:6.1.6]
	at org.springframework.web.filter.OncePerRequestFilter.doFilter(OncePerRequestFilter.java:116) ~[spring-web-6.1.6.jar:6.1.6]
	at org.apache.catalina.core.ApplicationFilterChain.internalDoFilter(ApplicationFilterChain.java:175) ~[tomcat-embed-core-10.1.20.jar:10.1.20]
	at org.apache.catalina.core.ApplicationFilterChain.doFilter(ApplicationFilterChain.java:150) ~[tomcat-embed-core-10.1.20.jar:10.1.20]
	at org.springframework.web.filter.FormContentFilter.doFilterInternal(FormContentFilter.java:93) ~[spring-web-6.1.6.jar:6.1.6]
	at org.springframework.web.filter.OncePerRequestFilter.doFilter(OncePerRequestFilter.java:116) ~[spring-web-6.1.6.jar:6.1.6]
	at org.apache.catalina.core.ApplicationFilterChain.internalDoFilter(ApplicationFilterChain.java:175) ~[tomcat-embed-core-10.1.20.jar:10.1.20]
	at org.apache.catalina.core.ApplicationFilterChain.doFilter(ApplicationFilterChain.java:150) ~[tomcat-embed-core-10.1.20.jar:10.1.20]
	at org.springframework.web.filter.CharacterEncodingFilter.doFilterInternal(CharacterEncodingFilter.java:201) ~[spring-web-6.1.6.jar:6.1.6]
	at org.springframework.web.filter.OncePerRequestFilter.doFilter(OncePerRequestFilter.java:116) ~[spring-web-6.1.6.jar:6.1.6]
	at org.apache.catalina.core.ApplicationFilterChain.internalDoFilter(ApplicationFilterChain.java:175) ~[tomcat-embed-core-10.1.20.jar:10.1.20]
	at org.apache.catalina.core.ApplicationFilterChain.doFilter(ApplicationFilterChain.java:150) ~[tomcat-embed-core-10.1.20.jar:10.1.20]
	at org.apache.catalina.core.StandardWrapperValve.invoke(StandardWrapperValve.java:167) ~[tomcat-embed-core-10.1.20.jar:10.1.20]
	at org.apache.catalina.core.StandardContextValve.invoke(StandardContextValve.java:90) ~[tomcat-embed-core-10.1.20.jar:10.1.20]
	at org.apache.catalina.authenticator.AuthenticatorBase.invoke(AuthenticatorBase.java:482) ~[tomcat-embed-core-10.1.20.jar:10.1.20]
	at org.apache.catalina.core.StandardHostValve.invoke(StandardHostValve.java:115) ~[tomcat-embed-core-10.1.20.jar:10.1.20]
	at org.apache.catalina.valves.ErrorReportValve.invoke(ErrorReportValve.java:93) ~[tomcat-embed-core-10.1.20.jar:10.1.20]
	at org.apache.catalina.core.StandardEngineValve.invoke(StandardEngineValve.java:74) ~[tomcat-embed-core-10.1.20.jar:10.1.20]
	at org.apache.catalina.connector.CoyoteAdapter.service(CoyoteAdapter.java:344) ~[tomcat-embed-core-10.1.20.jar:10.1.20]
	at org.apache.coyote.http11.Http11Processor.service(Http11Processor.java:391) ~[tomcat-embed-core-10.1.20.jar:10.1.20]
	at org.apache.coyote.AbstractProcessorLight.process(AbstractProcessorLight.java:63) ~[tomcat-embed-core-10.1.20.jar:10.1.20]
	at org.apache.coyote.AbstractProtocol$ConnectionHandler.process(AbstractProtocol.java:896) ~[tomcat-embed-core-10.1.20.jar:10.1.20]
	at org.apache.tomcat.util.net.NioEndpoint$SocketProcessor.doRun(NioEndpoint.java:1736) ~[tomcat-embed-core-10.1.20.jar:10.1.20]
	at org.apache.tomcat.util.net.SocketProcessorBase.run(SocketProcessorBase.java:52) ~[tomcat-embed-core-10.1.20.jar:10.1.20]
	at org.apache.tomcat.util.threads.ThreadPoolExecutor.runWorker(ThreadPoolExecutor.java:1191) ~[tomcat-embed-core-10.1.20.jar:10.1.20]
	at org.apache.tomcat.util.threads.ThreadPoolExecutor$Worker.run(ThreadPoolExecutor.java:659) ~[tomcat-embed-core-10.1.20.jar:10.1.20]
	at org.apache.tomcat.util.threads.TaskThread$WrappingRunnable.run(TaskThread.java:63) ~[tomcat-embed-core-10.1.20.jar:10.1.20]
	at java.base/java.lang.Thread.run(Thread.java:1583) ~[na:na]

2025-07-30T20:38:23.276-03:00 DEBUG 31236 --- [tastemanager] [http-nio-8080-exec-4] o.s.web.servlet.DispatcherServlet        : "ERROR" dispatch for POST "/error", parameters={}
2025-07-30T20:38:23.286-03:00 DEBUG 31236 --- [tastemanager] [http-nio-8080-exec-4] s.w.s.m.m.a.RequestMappingHandlerMapping : Mapped to org.springframework.boot.autoconfigure.web.servlet.error.BasicErrorController#error(HttpServletRequest)
2025-07-30T20:38:23.379-03:00 DEBUG 31236 --- [tastemanager] [http-nio-8080-exec-4] o.s.w.s.m.m.a.HttpEntityMethodProcessor  : Using 'application/json', given [*/*] and supported [application/json, application/*+json]
2025-07-30T20:38:23.398-03:00 DEBUG 31236 --- [tastemanager] [http-nio-8080-exec-4] o.s.w.s.m.m.a.HttpEntityMethodProcessor  : Writing [{timestamp=Wed Jul 30 20:38:23 BRT 2025, status=500, error=Internal Server Error, path=/menu/create/ (truncated)...]
2025-07-30T20:38:23.515-03:00 DEBUG 31236 --- [tastemanager] [http-nio-8080-exec-4] o.s.web.servlet.DispatcherServlet        : Exiting from "ERROR" dispatch, status 500
2025-07-30T20:40:10.621-03:00  INFO 31236 --- [tastemanager] [SpringApplicationShutdownHook] j.LocalContainerEntityManagerFactoryBean : Closing JPA EntityManagerFactory for persistence unit 'default'
2025-07-30T20:40:10.624-03:00  INFO 31236 --- [tastemanager] [SpringApplicationShutdownHook] com.zaxxer.hikari.HikariDataSource       : HikariPool-1 - Shutdown initiated...
2025-07-30T20:40:10.629-03:00  INFO 31236 --- [tastemanager] [SpringApplicationShutdownHook] com.zaxxer.hikari.HikariDataSource       : HikariPool-1 - Shutdown completed.
2025-07-30T20:40:16.821-03:00  INFO 27172 --- [tastemanager] [main] b.c.t.TasteManagerApplication            : Starting TasteManagerApplication using Java 21.0.7 with PID 27172 (C:\Users\silva\Projects\FIAP\tastemanager\target\classes started by silva in C:\Users\silva\Projects\FIAP\tastemanager)
2025-07-30T20:40:16.826-03:00  INFO 27172 --- [tastemanager] [main] b.c.t.TasteManagerApplication            : No active profile set, falling back to 1 default profile: "default"
2025-07-30T20:40:18.520-03:00  INFO 27172 --- [tastemanager] [main] .s.d.r.c.RepositoryConfigurationDelegate : Bootstrapping Spring Data JPA repositories in DEFAULT mode.
2025-07-30T20:40:18.680-03:00  INFO 27172 --- [tastemanager] [main] .s.d.r.c.RepositoryConfigurationDelegate : Finished Spring Data repository scanning in 141 ms. Found 4 JPA repository interfaces.
2025-07-30T20:40:19.798-03:00  INFO 27172 --- [tastemanager] [main] o.s.b.w.embedded.tomcat.TomcatWebServer  : Tomcat initialized with port 8080 (http)
2025-07-30T20:40:19.829-03:00  INFO 27172 --- [tastemanager] [main] o.apache.catalina.core.StandardService   : Starting service [Tomcat]
2025-07-30T20:40:19.829-03:00  INFO 27172 --- [tastemanager] [main] o.apache.catalina.core.StandardEngine    : Starting Servlet engine: [Apache Tomcat/10.1.20]
2025-07-30T20:40:19.968-03:00  INFO 27172 --- [tastemanager] [main] o.a.c.c.C.[Tomcat].[localhost].[/]       : Initializing Spring embedded WebApplicationContext
2025-07-30T20:40:19.968-03:00  INFO 27172 --- [tastemanager] [main] w.s.c.ServletWebServerApplicationContext : Root WebApplicationContext: initialization completed in 3042 ms
2025-07-30T20:40:20.024-03:00  INFO 27172 --- [tastemanager] [main] com.zaxxer.hikari.HikariDataSource       : HikariPool-1 - Starting...
2025-07-30T20:40:20.336-03:00  INFO 27172 --- [tastemanager] [main] com.zaxxer.hikari.pool.HikariPool        : HikariPool-1 - Added connection conn0: url=jdbc:h2:mem:tastmanagerdb user=SA
2025-07-30T20:40:20.339-03:00  INFO 27172 --- [tastemanager] [main] com.zaxxer.hikari.HikariDataSource       : HikariPool-1 - Start completed.
2025-07-30T20:40:20.356-03:00  INFO 27172 --- [tastemanager] [main] o.s.b.a.h2.H2ConsoleAutoConfiguration    : H2 console available at '/h2-console'. Database available at 'jdbc:h2:mem:tastmanagerdb'
2025-07-30T20:40:20.627-03:00  INFO 27172 --- [tastemanager] [main] o.hibernate.jpa.internal.util.LogHelper  : HHH000204: Processing PersistenceUnitInfo [name: default]
2025-07-30T20:40:20.754-03:00  INFO 27172 --- [tastemanager] [main] org.hibernate.Version                    : HHH000412: Hibernate ORM core version 6.4.4.Final
2025-07-30T20:40:20.824-03:00  INFO 27172 --- [tastemanager] [main] o.h.c.internal.RegionFactoryInitiator    : HHH000026: Second-level cache disabled
2025-07-30T20:40:21.312-03:00  INFO 27172 --- [tastemanager] [main] o.s.o.j.p.SpringPersistenceUnitInfo      : No LoadTimeWeaver setup: ignoring JPA class transformer
2025-07-30T20:40:21.401-03:00  WARN 27172 --- [tastemanager] [main] org.hibernate.orm.deprecation            : HHH90000025: H2Dialect does not need to be specified explicitly using 'hibernate.dialect' (remove the property setting and it will be selected by default)
2025-07-30T20:40:22.996-03:00  INFO 27172 --- [tastemanager] [main] o.h.e.t.j.p.i.JtaPlatformInitiator       : HHH000489: No JTA platform available (set 'hibernate.transaction.jta.platform' to enable JTA platform integration)
2025-07-30T20:40:23.107-03:00  INFO 27172 --- [tastemanager] [main] j.LocalContainerEntityManagerFactoryBean : Initialized JPA EntityManagerFactory for persistence unit 'default'
2025-07-30T20:40:23.862-03:00  INFO 27172 --- [tastemanager] [main] o.s.d.j.r.query.QueryEnhancerFactory     : Hibernate is in classpath; If applicable, HQL parser will be used.
2025-07-30T20:40:24.939-03:00  WARN 27172 --- [tastemanager] [main] JpaBaseConfiguration$JpaWebConfiguration : spring.jpa.open-in-view is enabled by default. Therefore, database queries may be performed during view rendering. Explicitly configure spring.jpa.open-in-view to disable this warning
2025-07-30T20:40:25.170-03:00 DEBUG 27172 --- [tastemanager] [main] s.w.s.m.m.a.RequestMappingHandlerMapping : 27 mappings in 'requestMappingHandlerMapping'
2025-07-30T20:40:25.318-03:00 DEBUG 27172 --- [tastemanager] [main] o.s.w.s.handler.SimpleUrlHandlerMapping  : Patterns [/webjars/**, /**, /swagger-ui*/*swagger-initializer.js, /swagger-ui*/**] in 'resourceHandlerMapping'
2025-07-30T20:40:25.381-03:00 DEBUG 27172 --- [tastemanager] [main] s.w.s.m.m.a.RequestMappingHandlerAdapter : ControllerAdvice beans: 0 @ModelAttribute, 0 @InitBinder, 1 RequestBodyAdvice, 1 ResponseBodyAdvice
2025-07-30T20:40:25.461-03:00 DEBUG 27172 --- [tastemanager] [main] .m.m.a.ExceptionHandlerExceptionResolver : ControllerAdvice beans: 2 @ExceptionHandler, 1 ResponseBodyAdvice
2025-07-30T20:40:25.901-03:00  INFO 27172 --- [tastemanager] [main] o.s.b.w.embedded.tomcat.TomcatWebServer  : Tomcat started on port 8080 (http) with context path ''
2025-07-30T20:40:25.917-03:00  INFO 27172 --- [tastemanager] [main] b.c.t.TasteManagerApplication            : Started TasteManagerApplication in 9.967 seconds (process running for 10.72)
2025-07-30T20:40:40.037-03:00  INFO 27172 --- [tastemanager] [http-nio-8080-exec-2] o.a.c.c.C.[Tomcat].[localhost].[/]       : Initializing Spring DispatcherServlet 'dispatcherServlet'
2025-07-30T20:40:40.037-03:00  INFO 27172 --- [tastemanager] [http-nio-8080-exec-2] o.s.web.servlet.DispatcherServlet        : Initializing Servlet 'dispatcherServlet'
2025-07-30T20:40:40.037-03:00 DEBUG 27172 --- [tastemanager] [http-nio-8080-exec-2] o.s.web.servlet.DispatcherServlet        : Detected StandardServletMultipartResolver
2025-07-30T20:40:40.040-03:00 DEBUG 27172 --- [tastemanager] [http-nio-8080-exec-2] o.s.web.servlet.DispatcherServlet        : Detected AcceptHeaderLocaleResolver
2025-07-30T20:40:40.040-03:00 DEBUG 27172 --- [tastemanager] [http-nio-8080-exec-2] o.s.web.servlet.DispatcherServlet        : Detected FixedThemeResolver
2025-07-30T20:40:40.045-03:00 DEBUG 27172 --- [tastemanager] [http-nio-8080-exec-2] o.s.web.servlet.DispatcherServlet        : Detected org.springframework.web.servlet.view.DefaultRequestToViewNameTranslator@62d10834
2025-07-30T20:40:40.046-03:00 DEBUG 27172 --- [tastemanager] [http-nio-8080-exec-2] o.s.web.servlet.DispatcherServlet        : Detected org.springframework.web.servlet.support.SessionFlashMapManager@7afffc81
2025-07-30T20:40:40.048-03:00 DEBUG 27172 --- [tastemanager] [http-nio-8080-exec-2] o.s.web.servlet.DispatcherServlet        : enableLoggingRequestDetails='false': request parameters and headers will be masked to prevent unsafe logging of potentially sensitive data
2025-07-30T20:40:40.048-03:00  INFO 27172 --- [tastemanager] [http-nio-8080-exec-2] o.s.web.servlet.DispatcherServlet        : Completed initialization in 11 ms
2025-07-30T20:40:40.070-03:00 DEBUG 27172 --- [tastemanager] [http-nio-8080-exec-2] o.s.web.servlet.DispatcherServlet        : POST "/menu/create/2", parameters={}
2025-07-30T20:40:40.102-03:00 DEBUG 27172 --- [tastemanager] [http-nio-8080-exec-2] s.w.s.m.m.a.RequestMappingHandlerMapping : Mapped to br.com.tastemanager.controller.MenuController#createMenu(Long, MenuRequestDTO)
2025-07-30T20:40:40.357-03:00 DEBUG 27172 --- [tastemanager] [http-nio-8080-exec-2] m.m.a.RequestResponseBodyMethodProcessor : Read "application/json;charset=UTF-8" to [br.com.tastemanager.dto.request.MenuRequestDTO@594a5037]
2025-07-30T20:40:40.869-03:00 DEBUG 27172 --- [tastemanager] [http-nio-8080-exec-2] o.s.w.s.m.m.a.HttpEntityMethodProcessor  : Using 'application/json', given [*/*] and supported [application/json, application/*+json]
2025-07-30T20:40:40.871-03:00 DEBUG 27172 --- [tastemanager] [http-nio-8080-exec-2] o.s.w.s.m.m.a.HttpEntityMethodProcessor  : Writing [br.com.tastemanager.dto.response.MenuResponseDTO@6242a0fc]
2025-07-30T20:40:40.922-03:00 DEBUG 27172 --- [tastemanager] [http-nio-8080-exec-2] o.s.web.servlet.DispatcherServlet        : Completed 201 CREATED
2025-07-30T20:40:43.879-03:00 DEBUG 27172 --- [tastemanager] [http-nio-8080-exec-1] o.s.web.servlet.DispatcherServlet        : POST "/menu/create/2", parameters={}
2025-07-30T20:40:43.882-03:00 DEBUG 27172 --- [tastemanager] [http-nio-8080-exec-1] s.w.s.m.m.a.RequestMappingHandlerMapping : Mapped to br.com.tastemanager.controller.MenuController#createMenu(Long, MenuRequestDTO)
2025-07-30T20:40:43.882-03:00 DEBUG 27172 --- [tastemanager] [http-nio-8080-exec-1] m.m.a.RequestResponseBodyMethodProcessor : Read "application/json;charset=UTF-8" to [br.com.tastemanager.dto.request.MenuRequestDTO@5ce4c1b]
2025-07-30T20:40:43.950-03:00 DEBUG 27172 --- [tastemanager] [http-nio-8080-exec-1] o.s.w.s.m.m.a.HttpEntityMethodProcessor  : Using 'application/json', given [*/*] and supported [application/json, application/*+json]
2025-07-30T20:40:43.950-03:00 DEBUG 27172 --- [tastemanager] [http-nio-8080-exec-1] o.s.w.s.m.m.a.HttpEntityMethodProcessor  : Writing [br.com.tastemanager.dto.response.MenuResponseDTO@112f94fc]
2025-07-30T20:40:43.952-03:00 DEBUG 27172 --- [tastemanager] [http-nio-8080-exec-1] o.s.web.servlet.DispatcherServlet        : Completed 201 CREATED
2025-07-30T20:40:49.258-03:00 DEBUG 27172 --- [tastemanager] [http-nio-8080-exec-4] o.s.web.servlet.DispatcherServlet        : POST "/menu/create/2", parameters={}
2025-07-30T20:40:49.262-03:00 DEBUG 27172 --- [tastemanager] [http-nio-8080-exec-4] s.w.s.m.m.a.RequestMappingHandlerMapping : Mapped to br.com.tastemanager.controller.MenuController#createMenu(Long, MenuRequestDTO)
2025-07-30T20:40:49.266-03:00 DEBUG 27172 --- [tastemanager] [http-nio-8080-exec-4] m.m.a.RequestResponseBodyMethodProcessor : Read "application/json;charset=UTF-8" to [br.com.tastemanager.dto.request.MenuRequestDTO@3bbe9dac]
2025-07-30T20:40:49.287-03:00 DEBUG 27172 --- [tastemanager] [http-nio-8080-exec-4] o.s.w.s.m.m.a.HttpEntityMethodProcessor  : Using 'application/json', given [*/*] and supported [application/json, application/*+json]
2025-07-30T20:40:49.287-03:00 DEBUG 27172 --- [tastemanager] [http-nio-8080-exec-4] o.s.w.s.m.m.a.HttpEntityMethodProcessor  : Writing [br.com.tastemanager.dto.response.MenuResponseDTO@60caca35]
2025-07-30T20:40:49.291-03:00 DEBUG 27172 --- [tastemanager] [http-nio-8080-exec-4] o.s.web.servlet.DispatcherServlet        : Completed 201 CREATED
2025-07-30T20:51:40.297-03:00 DEBUG 27172 --- [tastemanager] [http-nio-8080-exec-3] o.s.web.servlet.DispatcherServlet        : POST "/menu/create/4", parameters={}
2025-07-30T20:51:40.301-03:00 DEBUG 27172 --- [tastemanager] [http-nio-8080-exec-3] s.w.s.m.m.a.RequestMappingHandlerMapping : Mapped to br.com.tastemanager.controller.MenuController#createMenu(Long, MenuRequestDTO)
2025-07-30T20:51:40.305-03:00 DEBUG 27172 --- [tastemanager] [http-nio-8080-exec-3] m.m.a.RequestResponseBodyMethodProcessor : Read "application/json;charset=UTF-8" to [br.com.tastemanager.dto.request.MenuRequestDTO@54976be9]
2025-07-30T20:51:40.324-03:00 DEBUG 27172 --- [tastemanager] [http-nio-8080-exec-3] .m.m.a.ExceptionHandlerExceptionResolver : Using @ExceptionHandler br.com.tastemanager.exception.GlobalExceptionHandler#handleIllegalArgumentException(IllegalArgumentException)
2025-07-30T20:51:40.329-03:00 DEBUG 27172 --- [tastemanager] [http-nio-8080-exec-3] o.s.w.s.m.m.a.HttpEntityMethodProcessor  : Using 'text/plain', given [*/*] and supported [text/plain, */*, application/json, application/*+json]
2025-07-30T20:51:40.332-03:00 DEBUG 27172 --- [tastemanager] [http-nio-8080-exec-3] o.s.w.s.m.m.a.HttpEntityMethodProcessor  : Writing ["Restaurante não encontrado"]
2025-07-30T20:51:40.335-03:00 DEBUG 27172 --- [tastemanager] [http-nio-8080-exec-3] .m.m.a.ExceptionHandlerExceptionResolver : Resolved [java.lang.IllegalArgumentException: Restaurante não encontrado]
2025-07-30T20:51:40.338-03:00 DEBUG 27172 --- [tastemanager] [http-nio-8080-exec-3] o.s.web.servlet.DispatcherServlet        : Completed 400 BAD_REQUEST
2025-07-30T20:51:47.096-03:00 DEBUG 27172 --- [tastemanager] [http-nio-8080-exec-5] o.s.web.servlet.DispatcherServlet        : POST "/menu/create/1", parameters={}
2025-07-30T20:51:47.149-03:00 DEBUG 27172 --- [tastemanager] [http-nio-8080-exec-5] s.w.s.m.m.a.RequestMappingHandlerMapping : Mapped to br.com.tastemanager.controller.MenuController#createMenu(Long, MenuRequestDTO)
2025-07-30T20:51:47.161-03:00 DEBUG 27172 --- [tastemanager] [http-nio-8080-exec-5] m.m.a.RequestResponseBodyMethodProcessor : Read "application/json;charset=UTF-8" to [br.com.tastemanager.dto.request.MenuRequestDTO@db51e6e]
2025-07-30T20:51:47.211-03:00 DEBUG 27172 --- [tastemanager] [http-nio-8080-exec-5] o.s.w.s.m.m.a.HttpEntityMethodProcessor  : Using 'application/json', given [*/*] and supported [application/json, application/*+json]
2025-07-30T20:51:47.211-03:00 DEBUG 27172 --- [tastemanager] [http-nio-8080-exec-5] o.s.w.s.m.m.a.HttpEntityMethodProcessor  : Writing [br.com.tastemanager.dto.response.MenuResponseDTO@237cf28d]
2025-07-30T20:51:47.213-03:00 DEBUG 27172 --- [tastemanager] [http-nio-8080-exec-5] o.s.web.servlet.DispatcherServlet        : Completed 201 CREATED
2025-07-30T20:52:20.029-03:00 DEBUG 27172 --- [tastemanager] [http-nio-8080-exec-6] o.s.web.servlet.DispatcherServlet        : POST "/menu/create/1", parameters={}
2025-07-30T20:52:20.029-03:00 DEBUG 27172 --- [tastemanager] [http-nio-8080-exec-6] s.w.s.m.m.a.RequestMappingHandlerMapping : Mapped to br.com.tastemanager.controller.MenuController#createMenu(Long, MenuRequestDTO)
2025-07-30T20:52:20.029-03:00 DEBUG 27172 --- [tastemanager] [http-nio-8080-exec-6] m.m.a.RequestResponseBodyMethodProcessor : Read "application/json;charset=UTF-8" to [br.com.tastemanager.dto.request.MenuRequestDTO@29b6c8d4]
2025-07-30T20:52:20.505-03:00 DEBUG 27172 --- [tastemanager] [http-nio-8080-exec-6] o.s.w.s.m.m.a.HttpEntityMethodProcessor  : Using 'application/json', given [*/*] and supported [application/json, application/*+json]
2025-07-30T20:52:20.505-03:00 DEBUG 27172 --- [tastemanager] [http-nio-8080-exec-6] o.s.w.s.m.m.a.HttpEntityMethodProcessor  : Writing [br.com.tastemanager.dto.response.MenuResponseDTO@6d118d6e]
2025-07-30T20:52:20.551-03:00 DEBUG 27172 --- [tastemanager] [http-nio-8080-exec-6] o.s.web.servlet.DispatcherServlet        : Completed 201 CREATED
2025-07-30T20:52:22.532-03:00 DEBUG 27172 --- [tastemanager] [http-nio-8080-exec-9] o.s.web.servlet.DispatcherServlet        : POST "/menu/create/1", parameters={}
2025-07-30T20:52:22.546-03:00 DEBUG 27172 --- [tastemanager] [http-nio-8080-exec-9] s.w.s.m.m.a.RequestMappingHandlerMapping : Mapped to br.com.tastemanager.controller.MenuController#createMenu(Long, MenuRequestDTO)
2025-07-30T20:52:22.565-03:00 DEBUG 27172 --- [tastemanager] [http-nio-8080-exec-9] m.m.a.RequestResponseBodyMethodProcessor : Read "application/json;charset=UTF-8" to [br.com.tastemanager.dto.request.MenuRequestDTO@cbe5db5]
2025-07-30T20:52:22.659-03:00 DEBUG 27172 --- [tastemanager] [http-nio-8080-exec-9] o.s.w.s.m.m.a.HttpEntityMethodProcessor  : Using 'application/json', given [*/*] and supported [application/json, application/*+json]
2025-07-30T20:52:22.659-03:00 DEBUG 27172 --- [tastemanager] [http-nio-8080-exec-9] o.s.w.s.m.m.a.HttpEntityMethodProcessor  : Writing [br.com.tastemanager.dto.response.MenuResponseDTO@7b51916]
2025-07-30T20:52:22.666-03:00 DEBUG 27172 --- [tastemanager] [http-nio-8080-exec-9] o.s.web.servlet.DispatcherServlet        : Completed 201 CREATED
2025-07-30T20:52:24.114-03:00 DEBUG 27172 --- [tastemanager] [http-nio-8080-exec-8] o.s.web.servlet.DispatcherServlet        : POST "/menu/create/1", parameters={}
2025-07-30T20:52:24.118-03:00 DEBUG 27172 --- [tastemanager] [http-nio-8080-exec-8] s.w.s.m.m.a.RequestMappingHandlerMapping : Mapped to br.com.tastemanager.controller.MenuController#createMenu(Long, MenuRequestDTO)
2025-07-30T20:52:24.118-03:00 DEBUG 27172 --- [tastemanager] [http-nio-8080-exec-8] m.m.a.RequestResponseBodyMethodProcessor : Read "application/json;charset=UTF-8" to [br.com.tastemanager.dto.request.MenuRequestDTO@66ebe346]
2025-07-30T20:52:24.139-03:00 DEBUG 27172 --- [tastemanager] [http-nio-8080-exec-8] o.s.w.s.m.m.a.HttpEntityMethodProcessor  : Using 'application/json', given [*/*] and supported [application/json, application/*+json]
2025-07-30T20:52:24.139-03:00 DEBUG 27172 --- [tastemanager] [http-nio-8080-exec-8] o.s.w.s.m.m.a.HttpEntityMethodProcessor  : Writing [br.com.tastemanager.dto.response.MenuResponseDTO@5860c34a]
2025-07-30T20:52:24.143-03:00 DEBUG 27172 --- [tastemanager] [http-nio-8080-exec-8] o.s.web.servlet.DispatcherServlet        : Completed 201 CREATED
2025-07-30T20:55:00.764-03:00  INFO 27172 --- [tastemanager] [SpringApplicationShutdownHook] j.LocalContainerEntityManagerFactoryBean : Closing JPA EntityManagerFactory for persistence unit 'default'
2025-07-30T20:55:00.789-03:00  INFO 27172 --- [tastemanager] [SpringApplicationShutdownHook] com.zaxxer.hikari.HikariDataSource       : HikariPool-1 - Shutdown initiated...
2025-07-30T20:55:00.789-03:00  INFO 27172 --- [tastemanager] [SpringApplicationShutdownHook] com.zaxxer.hikari.HikariDataSource       : HikariPool-1 - Shutdown completed.
2025-07-30T20:55:04.487-03:00  INFO 30180 --- [tastemanager] [main] b.c.t.TasteManagerApplication            : Starting TasteManagerApplication using Java 21.0.7 with PID 30180 (C:\Users\silva\Projects\FIAP\tastemanager\target\classes started by silva in C:\Users\silva\Projects\FIAP\tastemanager)
2025-07-30T20:55:04.491-03:00  INFO 30180 --- [tastemanager] [main] b.c.t.TasteManagerApplication            : No active profile set, falling back to 1 default profile: "default"
2025-07-30T20:55:06.153-03:00  INFO 30180 --- [tastemanager] [main] .s.d.r.c.RepositoryConfigurationDelegate : Bootstrapping Spring Data JPA repositories in DEFAULT mode.
2025-07-30T20:55:06.319-03:00  INFO 30180 --- [tastemanager] [main] .s.d.r.c.RepositoryConfigurationDelegate : Finished Spring Data repository scanning in 146 ms. Found 4 JPA repository interfaces.
2025-07-30T20:55:07.488-03:00  INFO 30180 --- [tastemanager] [main] o.s.b.w.embedded.tomcat.TomcatWebServer  : Tomcat initialized with port 8080 (http)
2025-07-30T20:55:07.511-03:00  INFO 30180 --- [tastemanager] [main] o.apache.catalina.core.StandardService   : Starting service [Tomcat]
2025-07-30T20:55:07.512-03:00  INFO 30180 --- [tastemanager] [main] o.apache.catalina.core.StandardEngine    : Starting Servlet engine: [Apache Tomcat/10.1.20]
2025-07-30T20:55:07.621-03:00  INFO 30180 --- [tastemanager] [main] o.a.c.c.C.[Tomcat].[localhost].[/]       : Initializing Spring embedded WebApplicationContext
2025-07-30T20:55:07.622-03:00  INFO 30180 --- [tastemanager] [main] w.s.c.ServletWebServerApplicationContext : Root WebApplicationContext: initialization completed in 3010 ms
2025-07-30T20:55:07.682-03:00  INFO 30180 --- [tastemanager] [main] com.zaxxer.hikari.HikariDataSource       : HikariPool-1 - Starting...
2025-07-30T20:55:08.029-03:00  INFO 30180 --- [tastemanager] [main] com.zaxxer.hikari.pool.HikariPool        : HikariPool-1 - Added connection conn0: url=jdbc:h2:mem:tastmanagerdb user=SA
2025-07-30T20:55:08.033-03:00  INFO 30180 --- [tastemanager] [main] com.zaxxer.hikari.HikariDataSource       : HikariPool-1 - Start completed.
2025-07-30T20:55:08.052-03:00  INFO 30180 --- [tastemanager] [main] o.s.b.a.h2.H2ConsoleAutoConfiguration    : H2 console available at '/h2-console'. Database available at 'jdbc:h2:mem:tastmanagerdb'
2025-07-30T20:55:08.344-03:00  INFO 30180 --- [tastemanager] [main] o.hibernate.jpa.internal.util.LogHelper  : HHH000204: Processing PersistenceUnitInfo [name: default]
2025-07-30T20:55:08.459-03:00  INFO 30180 --- [tastemanager] [main] org.hibernate.Version                    : HHH000412: Hibernate ORM core version 6.4.4.Final
2025-07-30T20:55:08.528-03:00  INFO 30180 --- [tastemanager] [main] o.h.c.internal.RegionFactoryInitiator    : HHH000026: Second-level cache disabled
2025-07-30T20:55:09.013-03:00  INFO 30180 --- [tastemanager] [main] o.s.o.j.p.SpringPersistenceUnitInfo      : No LoadTimeWeaver setup: ignoring JPA class transformer
2025-07-30T20:55:09.101-03:00  WARN 30180 --- [tastemanager] [main] org.hibernate.orm.deprecation            : HHH90000025: H2Dialect does not need to be specified explicitly using 'hibernate.dialect' (remove the property setting and it will be selected by default)
2025-07-30T20:55:10.603-03:00  INFO 30180 --- [tastemanager] [main] o.h.e.t.j.p.i.JtaPlatformInitiator       : HHH000489: No JTA platform available (set 'hibernate.transaction.jta.platform' to enable JTA platform integration)
2025-07-30T20:55:10.755-03:00  INFO 30180 --- [tastemanager] [main] j.LocalContainerEntityManagerFactoryBean : Initialized JPA EntityManagerFactory for persistence unit 'default'
2025-07-30T20:55:11.455-03:00  INFO 30180 --- [tastemanager] [main] o.s.d.j.r.query.QueryEnhancerFactory     : Hibernate is in classpath; If applicable, HQL parser will be used.
2025-07-30T20:55:12.430-03:00  WARN 30180 --- [tastemanager] [main] JpaBaseConfiguration$JpaWebConfiguration : spring.jpa.open-in-view is enabled by default. Therefore, database queries may be performed during view rendering. Explicitly configure spring.jpa.open-in-view to disable this warning
2025-07-30T20:55:12.650-03:00 DEBUG 30180 --- [tastemanager] [main] s.w.s.m.m.a.RequestMappingHandlerMapping : 27 mappings in 'requestMappingHandlerMapping'
2025-07-30T20:55:12.788-03:00 DEBUG 30180 --- [tastemanager] [main] o.s.w.s.handler.SimpleUrlHandlerMapping  : Patterns [/webjars/**, /**, /swagger-ui*/*swagger-initializer.js, /swagger-ui*/**] in 'resourceHandlerMapping'
2025-07-30T20:55:12.858-03:00 DEBUG 30180 --- [tastemanager] [main] s.w.s.m.m.a.RequestMappingHandlerAdapter : ControllerAdvice beans: 0 @ModelAttribute, 0 @InitBinder, 1 RequestBodyAdvice, 1 ResponseBodyAdvice
2025-07-30T20:55:12.930-03:00 DEBUG 30180 --- [tastemanager] [main] .m.m.a.ExceptionHandlerExceptionResolver : ControllerAdvice beans: 2 @ExceptionHandler, 1 ResponseBodyAdvice
2025-07-30T20:55:13.332-03:00  INFO 30180 --- [tastemanager] [main] o.s.b.w.embedded.tomcat.TomcatWebServer  : Tomcat started on port 8080 (http) with context path ''
2025-07-30T20:55:13.348-03:00  INFO 30180 --- [tastemanager] [main] b.c.t.TasteManagerApplication            : Started TasteManagerApplication in 9.749 seconds (process running for 10.426)
2025-07-30T20:55:19.538-03:00  INFO 30180 --- [tastemanager] [http-nio-8080-exec-1] o.a.c.c.C.[Tomcat].[localhost].[/]       : Initializing Spring DispatcherServlet 'dispatcherServlet'
2025-07-30T20:55:19.540-03:00  INFO 30180 --- [tastemanager] [http-nio-8080-exec-1] o.s.web.servlet.DispatcherServlet        : Initializing Servlet 'dispatcherServlet'
2025-07-30T20:55:19.540-03:00 DEBUG 30180 --- [tastemanager] [http-nio-8080-exec-1] o.s.web.servlet.DispatcherServlet        : Detected StandardServletMultipartResolver
2025-07-30T20:55:19.542-03:00 DEBUG 30180 --- [tastemanager] [http-nio-8080-exec-1] o.s.web.servlet.DispatcherServlet        : Detected AcceptHeaderLocaleResolver
2025-07-30T20:55:19.543-03:00 DEBUG 30180 --- [tastemanager] [http-nio-8080-exec-1] o.s.web.servlet.DispatcherServlet        : Detected FixedThemeResolver
2025-07-30T20:55:19.544-03:00 DEBUG 30180 --- [tastemanager] [http-nio-8080-exec-1] o.s.web.servlet.DispatcherServlet        : Detected org.springframework.web.servlet.view.DefaultRequestToViewNameTranslator@4c04188
2025-07-30T20:55:19.545-03:00 DEBUG 30180 --- [tastemanager] [http-nio-8080-exec-1] o.s.web.servlet.DispatcherServlet        : Detected org.springframework.web.servlet.support.SessionFlashMapManager@4a6dd88e
2025-07-30T20:55:19.545-03:00 DEBUG 30180 --- [tastemanager] [http-nio-8080-exec-1] o.s.web.servlet.DispatcherServlet        : enableLoggingRequestDetails='false': request parameters and headers will be masked to prevent unsafe logging of potentially sensitive data
2025-07-30T20:55:19.546-03:00  INFO 30180 --- [tastemanager] [http-nio-8080-exec-1] o.s.web.servlet.DispatcherServlet        : Completed initialization in 6 ms
2025-07-30T20:55:19.562-03:00 DEBUG 30180 --- [tastemanager] [http-nio-8080-exec-1] o.s.web.servlet.DispatcherServlet        : POST "/menu/create/1", parameters={}
2025-07-30T20:55:19.588-03:00 DEBUG 30180 --- [tastemanager] [http-nio-8080-exec-1] s.w.s.m.m.a.RequestMappingHandlerMapping : Mapped to br.com.tastemanager.controller.MenuController#createMenu(Long, MenuRequestDTO)
2025-07-30T20:55:19.735-03:00 DEBUG 30180 --- [tastemanager] [http-nio-8080-exec-1] m.m.a.RequestResponseBodyMethodProcessor : Read "application/json;charset=UTF-8" to [br.com.tastemanager.dto.request.MenuRequestDTO@31a60504]
2025-07-30T20:55:20.086-03:00 DEBUG 30180 --- [tastemanager] [http-nio-8080-exec-1] o.s.w.s.m.m.a.HttpEntityMethodProcessor  : Using 'application/json', given [*/*] and supported [application/json, application/*+json]
2025-07-30T20:55:20.088-03:00 DEBUG 30180 --- [tastemanager] [http-nio-8080-exec-1] o.s.w.s.m.m.a.HttpEntityMethodProcessor  : Writing [br.com.tastemanager.dto.response.MenuResponseDTO@2e877488]
2025-07-30T20:55:20.115-03:00 DEBUG 30180 --- [tastemanager] [http-nio-8080-exec-1] o.s.web.servlet.DispatcherServlet        : Completed 201 CREATED
2025-07-30T20:55:38.061-03:00 DEBUG 30180 --- [tastemanager] [http-nio-8080-exec-4] o.s.web.servlet.DispatcherServlet        : POST "/menu/create/2", parameters={}
2025-07-30T20:55:38.068-03:00 DEBUG 30180 --- [tastemanager] [http-nio-8080-exec-4] s.w.s.m.m.a.RequestMappingHandlerMapping : Mapped to br.com.tastemanager.controller.MenuController#createMenu(Long, MenuRequestDTO)
2025-07-30T20:55:38.070-03:00 DEBUG 30180 --- [tastemanager] [http-nio-8080-exec-4] m.m.a.RequestResponseBodyMethodProcessor : Read "application/json;charset=UTF-8" to [br.com.tastemanager.dto.request.MenuRequestDTO@4f71fcc3]
2025-07-30T20:55:38.088-03:00 DEBUG 30180 --- [tastemanager] [http-nio-8080-exec-4] o.s.w.s.m.m.a.HttpEntityMethodProcessor  : Using 'application/json', given [*/*] and supported [application/json, application/*+json]
2025-07-30T20:55:38.088-03:00 DEBUG 30180 --- [tastemanager] [http-nio-8080-exec-4] o.s.w.s.m.m.a.HttpEntityMethodProcessor  : Writing [br.com.tastemanager.dto.response.MenuResponseDTO@3f8ead49]
2025-07-30T20:55:38.092-03:00 DEBUG 30180 --- [tastemanager] [http-nio-8080-exec-4] o.s.web.servlet.DispatcherServlet        : Completed 201 CREATED
2025-07-30T20:57:18.904-03:00 DEBUG 30180 --- [tastemanager] [http-nio-8080-exec-9] o.s.web.servlet.DispatcherServlet        : POST "/menu/create/1", parameters={}
2025-07-30T20:57:18.906-03:00 DEBUG 30180 --- [tastemanager] [http-nio-8080-exec-9] s.w.s.m.m.a.RequestMappingHandlerMapping : Mapped to br.com.tastemanager.controller.MenuController#createMenu(Long, MenuRequestDTO)
2025-07-30T20:57:18.908-03:00 DEBUG 30180 --- [tastemanager] [http-nio-8080-exec-9] m.m.a.RequestResponseBodyMethodProcessor : Read "application/json;charset=UTF-8" to [br.com.tastemanager.dto.request.MenuRequestDTO@3320f6a8]
2025-07-30T20:57:18.942-03:00 DEBUG 30180 --- [tastemanager] [http-nio-8080-exec-9] o.s.w.s.m.m.a.HttpEntityMethodProcessor  : Using 'application/json', given [*/*] and supported [application/json, application/*+json]
2025-07-30T20:57:18.944-03:00 DEBUG 30180 --- [tastemanager] [http-nio-8080-exec-9] o.s.w.s.m.m.a.HttpEntityMethodProcessor  : Writing [br.com.tastemanager.dto.response.MenuResponseDTO@158c2ae0]
2025-07-30T20:57:18.946-03:00 DEBUG 30180 --- [tastemanager] [http-nio-8080-exec-9] o.s.web.servlet.DispatcherServlet        : Completed 201 CREATED
2025-07-30T21:03:05.852-03:00  INFO 30180 --- [tastemanager] [SpringApplicationShutdownHook] j.LocalContainerEntityManagerFactoryBean : Closing JPA EntityManagerFactory for persistence unit 'default'
2025-07-30T21:03:05.858-03:00  INFO 30180 --- [tastemanager] [SpringApplicationShutdownHook] com.zaxxer.hikari.HikariDataSource       : HikariPool-1 - Shutdown initiated...
2025-07-30T21:03:05.880-03:00  INFO 30180 --- [tastemanager] [SpringApplicationShutdownHook] com.zaxxer.hikari.HikariDataSource       : HikariPool-1 - Shutdown completed.
2025-07-30T21:03:39.347-03:00  INFO 23800 --- [tastemanager] [main] b.c.t.TasteManagerApplication            : Starting TasteManagerApplication using Java 21.0.7 with PID 23800 (C:\Users\silva\Projects\FIAP\tastemanager\target\classes started by silva in C:\Users\silva\Projects\FIAP\tastemanager)
2025-07-30T21:03:39.351-03:00  INFO 23800 --- [tastemanager] [main] b.c.t.TasteManagerApplication            : No active profile set, falling back to 1 default profile: "default"
2025-07-30T21:03:40.983-03:00  INFO 23800 --- [tastemanager] [main] .s.d.r.c.RepositoryConfigurationDelegate : Bootstrapping Spring Data JPA repositories in DEFAULT mode.
2025-07-30T21:03:41.158-03:00  INFO 23800 --- [tastemanager] [main] .s.d.r.c.RepositoryConfigurationDelegate : Finished Spring Data repository scanning in 159 ms. Found 4 JPA repository interfaces.
2025-07-30T21:03:42.292-03:00  INFO 23800 --- [tastemanager] [main] o.s.b.w.embedded.tomcat.TomcatWebServer  : Tomcat initialized with port 8080 (http)
2025-07-30T21:03:42.320-03:00  INFO 23800 --- [tastemanager] [main] o.apache.catalina.core.StandardService   : Starting service [Tomcat]
2025-07-30T21:03:42.320-03:00  INFO 23800 --- [tastemanager] [main] o.apache.catalina.core.StandardEngine    : Starting Servlet engine: [Apache Tomcat/10.1.20]
2025-07-30T21:03:42.434-03:00  INFO 23800 --- [tastemanager] [main] o.a.c.c.C.[Tomcat].[localhost].[/]       : Initializing Spring embedded WebApplicationContext
2025-07-30T21:03:42.435-03:00  INFO 23800 --- [tastemanager] [main] w.s.c.ServletWebServerApplicationContext : Root WebApplicationContext: initialization completed in 2980 ms
2025-07-30T21:03:42.494-03:00  INFO 23800 --- [tastemanager] [main] com.zaxxer.hikari.HikariDataSource       : HikariPool-1 - Starting...
2025-07-30T21:03:42.893-03:00  INFO 23800 --- [tastemanager] [main] com.zaxxer.hikari.pool.HikariPool        : HikariPool-1 - Added connection conn0: url=jdbc:h2:mem:tastmanagerdb user=SA
2025-07-30T21:03:42.896-03:00  INFO 23800 --- [tastemanager] [main] com.zaxxer.hikari.HikariDataSource       : HikariPool-1 - Start completed.
2025-07-30T21:03:42.911-03:00  INFO 23800 --- [tastemanager] [main] o.s.b.a.h2.H2ConsoleAutoConfiguration    : H2 console available at '/h2-console'. Database available at 'jdbc:h2:mem:tastmanagerdb'
2025-07-30T21:03:43.149-03:00  INFO 23800 --- [tastemanager] [main] o.hibernate.jpa.internal.util.LogHelper  : HHH000204: Processing PersistenceUnitInfo [name: default]
2025-07-30T21:03:43.276-03:00  INFO 23800 --- [tastemanager] [main] org.hibernate.Version                    : HHH000412: Hibernate ORM core version 6.4.4.Final
2025-07-30T21:03:43.361-03:00  INFO 23800 --- [tastemanager] [main] o.h.c.internal.RegionFactoryInitiator    : HHH000026: Second-level cache disabled
2025-07-30T21:03:43.819-03:00  INFO 23800 --- [tastemanager] [main] o.s.o.j.p.SpringPersistenceUnitInfo      : No LoadTimeWeaver setup: ignoring JPA class transformer
2025-07-30T21:03:43.918-03:00  WARN 23800 --- [tastemanager] [main] org.hibernate.orm.deprecation            : HHH90000025: H2Dialect does not need to be specified explicitly using 'hibernate.dialect' (remove the property setting and it will be selected by default)
2025-07-30T21:03:45.707-03:00  INFO 23800 --- [tastemanager] [main] o.h.e.t.j.p.i.JtaPlatformInitiator       : HHH000489: No JTA platform available (set 'hibernate.transaction.jta.platform' to enable JTA platform integration)
2025-07-30T21:03:45.820-03:00  INFO 23800 --- [tastemanager] [main] j.LocalContainerEntityManagerFactoryBean : Initialized JPA EntityManagerFactory for persistence unit 'default'
2025-07-30T21:03:46.614-03:00  INFO 23800 --- [tastemanager] [main] o.s.d.j.r.query.QueryEnhancerFactory     : Hibernate is in classpath; If applicable, HQL parser will be used.
2025-07-30T21:03:47.800-03:00  WARN 23800 --- [tastemanager] [main] JpaBaseConfiguration$JpaWebConfiguration : spring.jpa.open-in-view is enabled by default. Therefore, database queries may be performed during view rendering. Explicitly configure spring.jpa.open-in-view to disable this warning
2025-07-30T21:03:48.102-03:00 DEBUG 23800 --- [tastemanager] [main] s.w.s.m.m.a.RequestMappingHandlerMapping : 27 mappings in 'requestMappingHandlerMapping'
2025-07-30T21:03:48.261-03:00 DEBUG 23800 --- [tastemanager] [main] o.s.w.s.handler.SimpleUrlHandlerMapping  : Patterns [/webjars/**, /**, /swagger-ui*/*swagger-initializer.js, /swagger-ui*/**] in 'resourceHandlerMapping'
2025-07-30T21:03:48.347-03:00 DEBUG 23800 --- [tastemanager] [main] s.w.s.m.m.a.RequestMappingHandlerAdapter : ControllerAdvice beans: 0 @ModelAttribute, 0 @InitBinder, 1 RequestBodyAdvice, 1 ResponseBodyAdvice
2025-07-30T21:03:48.416-03:00 DEBUG 23800 --- [tastemanager] [main] .m.m.a.ExceptionHandlerExceptionResolver : ControllerAdvice beans: 2 @ExceptionHandler, 1 ResponseBodyAdvice
2025-07-30T21:03:48.860-03:00  INFO 23800 --- [tastemanager] [main] o.s.b.w.embedded.tomcat.TomcatWebServer  : Tomcat started on port 8080 (http) with context path ''
2025-07-30T21:03:48.875-03:00  INFO 23800 --- [tastemanager] [main] b.c.t.TasteManagerApplication            : Started TasteManagerApplication in 10.345 seconds (process running for 11.284)
2025-07-30T21:03:54.698-03:00  INFO 23800 --- [tastemanager] [http-nio-8080-exec-2] o.a.c.c.C.[Tomcat].[localhost].[/]       : Initializing Spring DispatcherServlet 'dispatcherServlet'
2025-07-30T21:03:54.698-03:00  INFO 23800 --- [tastemanager] [http-nio-8080-exec-2] o.s.web.servlet.DispatcherServlet        : Initializing Servlet 'dispatcherServlet'
2025-07-30T21:03:54.698-03:00 DEBUG 23800 --- [tastemanager] [http-nio-8080-exec-2] o.s.web.servlet.DispatcherServlet        : Detected StandardServletMultipartResolver
2025-07-30T21:03:54.698-03:00 DEBUG 23800 --- [tastemanager] [http-nio-8080-exec-2] o.s.web.servlet.DispatcherServlet        : Detected AcceptHeaderLocaleResolver
2025-07-30T21:03:54.698-03:00 DEBUG 23800 --- [tastemanager] [http-nio-8080-exec-2] o.s.web.servlet.DispatcherServlet        : Detected FixedThemeResolver
2025-07-30T21:03:54.705-03:00 DEBUG 23800 --- [tastemanager] [http-nio-8080-exec-2] o.s.web.servlet.DispatcherServlet        : Detected org.springframework.web.servlet.view.DefaultRequestToViewNameTranslator@2005d3e0
2025-07-30T21:03:54.706-03:00 DEBUG 23800 --- [tastemanager] [http-nio-8080-exec-2] o.s.web.servlet.DispatcherServlet        : Detected org.springframework.web.servlet.support.SessionFlashMapManager@452aea78
2025-07-30T21:03:54.706-03:00 DEBUG 23800 --- [tastemanager] [http-nio-8080-exec-2] o.s.web.servlet.DispatcherServlet        : enableLoggingRequestDetails='false': request parameters and headers will be masked to prevent unsafe logging of potentially sensitive data
2025-07-30T21:03:54.706-03:00  INFO 23800 --- [tastemanager] [http-nio-8080-exec-2] o.s.web.servlet.DispatcherServlet        : Completed initialization in 8 ms
2025-07-30T21:03:54.736-03:00 DEBUG 23800 --- [tastemanager] [http-nio-8080-exec-2] o.s.web.servlet.DispatcherServlet        : POST "/menu/create/1", parameters={}
2025-07-30T21:03:54.771-03:00 DEBUG 23800 --- [tastemanager] [http-nio-8080-exec-2] s.w.s.m.m.a.RequestMappingHandlerMapping : Mapped to br.com.tastemanager.controller.MenuController#createMenu(Long, MenuRequestDTO)
2025-07-30T21:03:55.213-03:00 DEBUG 23800 --- [tastemanager] [http-nio-8080-exec-2] m.m.a.RequestResponseBodyMethodProcessor : Read "application/json;charset=UTF-8" to [br.com.tastemanager.dto.request.MenuRequestDTO@4b62ab5b]
2025-07-30T21:03:55.631-03:00 DEBUG 23800 --- [tastemanager] [http-nio-8080-exec-2] o.s.web.servlet.DispatcherServlet        : Failed to complete request: java.lang.NullPointerException: Cannot invoke "java.util.List.clear()" because the return value of "br.com.tastemanager.entity.Menu.getItems()" is null
2025-07-30T21:03:55.636-03:00 ERROR 23800 --- [tastemanager] [http-nio-8080-exec-2] o.a.c.c.C.[.[.[/].[dispatcherServlet]    : Servlet.service() for servlet [dispatcherServlet] in context with path [] threw exception [Request processing failed: java.lang.NullPointerException: Cannot invoke "java.util.List.clear()" because the return value of "br.com.tastemanager.entity.Menu.getItems()" is null] with root cause

java.lang.NullPointerException: Cannot invoke "java.util.List.clear()" because the return value of "br.com.tastemanager.entity.Menu.getItems()" is null
	at br.com.tastemanager.service.MenuService.createMenu(MenuService.java:42) ~[classes/:na]
	at br.com.tastemanager.controller.MenuController.createMenu(MenuController.java:25) ~[classes/:na]
	at java.base/jdk.internal.reflect.DirectMethodHandleAccessor.invoke(DirectMethodHandleAccessor.java:103) ~[na:na]
	at java.base/java.lang.reflect.Method.invoke(Method.java:580) ~[na:na]
	at org.springframework.web.method.support.InvocableHandlerMethod.doInvoke(InvocableHandlerMethod.java:255) ~[spring-web-6.1.6.jar:6.1.6]
	at org.springframework.web.method.support.InvocableHandlerMethod.invokeForRequest(InvocableHandlerMethod.java:188) ~[spring-web-6.1.6.jar:6.1.6]
	at org.springframework.web.servlet.mvc.method.annotation.ServletInvocableHandlerMethod.invokeAndHandle(ServletInvocableHandlerMethod.java:118) ~[spring-webmvc-6.1.6.jar:6.1.6]
	at org.springframework.web.servlet.mvc.method.annotation.RequestMappingHandlerAdapter.invokeHandlerMethod(RequestMappingHandlerAdapter.java:926) ~[spring-webmvc-6.1.6.jar:6.1.6]
	at org.springframework.web.servlet.mvc.method.annotation.RequestMappingHandlerAdapter.handleInternal(RequestMappingHandlerAdapter.java:831) ~[spring-webmvc-6.1.6.jar:6.1.6]
	at org.springframework.web.servlet.mvc.method.AbstractHandlerMethodAdapter.handle(AbstractHandlerMethodAdapter.java:87) ~[spring-webmvc-6.1.6.jar:6.1.6]
	at org.springframework.web.servlet.DispatcherServlet.doDispatch(DispatcherServlet.java:1089) ~[spring-webmvc-6.1.6.jar:6.1.6]
	at org.springframework.web.servlet.DispatcherServlet.doService(DispatcherServlet.java:979) ~[spring-webmvc-6.1.6.jar:6.1.6]
	at org.springframework.web.servlet.FrameworkServlet.processRequest(FrameworkServlet.java:1014) ~[spring-webmvc-6.1.6.jar:6.1.6]
	at org.springframework.web.servlet.FrameworkServlet.doPost(FrameworkServlet.java:914) ~[spring-webmvc-6.1.6.jar:6.1.6]
	at jakarta.servlet.http.HttpServlet.service(HttpServlet.java:590) ~[tomcat-embed-core-10.1.20.jar:6.0]
	at org.springframework.web.servlet.FrameworkServlet.service(FrameworkServlet.java:885) ~[spring-webmvc-6.1.6.jar:6.1.6]
	at jakarta.servlet.http.HttpServlet.service(HttpServlet.java:658) ~[tomcat-embed-core-10.1.20.jar:6.0]
	at org.apache.catalina.core.ApplicationFilterChain.internalDoFilter(ApplicationFilterChain.java:206) ~[tomcat-embed-core-10.1.20.jar:10.1.20]
	at org.apache.catalina.core.ApplicationFilterChain.doFilter(ApplicationFilterChain.java:150) ~[tomcat-embed-core-10.1.20.jar:10.1.20]
	at org.apache.tomcat.websocket.server.WsFilter.doFilter(WsFilter.java:51) ~[tomcat-embed-websocket-10.1.20.jar:10.1.20]
	at org.apache.catalina.core.ApplicationFilterChain.internalDoFilter(ApplicationFilterChain.java:175) ~[tomcat-embed-core-10.1.20.jar:10.1.20]
	at org.apache.catalina.core.ApplicationFilterChain.doFilter(ApplicationFilterChain.java:150) ~[tomcat-embed-core-10.1.20.jar:10.1.20]
	at org.springframework.web.filter.RequestContextFilter.doFilterInternal(RequestContextFilter.java:100) ~[spring-web-6.1.6.jar:6.1.6]
	at org.springframework.web.filter.OncePerRequestFilter.doFilter(OncePerRequestFilter.java:116) ~[spring-web-6.1.6.jar:6.1.6]
	at org.apache.catalina.core.ApplicationFilterChain.internalDoFilter(ApplicationFilterChain.java:175) ~[tomcat-embed-core-10.1.20.jar:10.1.20]
	at org.apache.catalina.core.ApplicationFilterChain.doFilter(ApplicationFilterChain.java:150) ~[tomcat-embed-core-10.1.20.jar:10.1.20]
	at org.springframework.web.filter.FormContentFilter.doFilterInternal(FormContentFilter.java:93) ~[spring-web-6.1.6.jar:6.1.6]
	at org.springframework.web.filter.OncePerRequestFilter.doFilter(OncePerRequestFilter.java:116) ~[spring-web-6.1.6.jar:6.1.6]
	at org.apache.catalina.core.ApplicationFilterChain.internalDoFilter(ApplicationFilterChain.java:175) ~[tomcat-embed-core-10.1.20.jar:10.1.20]
	at org.apache.catalina.core.ApplicationFilterChain.doFilter(ApplicationFilterChain.java:150) ~[tomcat-embed-core-10.1.20.jar:10.1.20]
	at org.springframework.web.filter.CharacterEncodingFilter.doFilterInternal(CharacterEncodingFilter.java:201) ~[spring-web-6.1.6.jar:6.1.6]
	at org.springframework.web.filter.OncePerRequestFilter.doFilter(OncePerRequestFilter.java:116) ~[spring-web-6.1.6.jar:6.1.6]
	at org.apache.catalina.core.ApplicationFilterChain.internalDoFilter(ApplicationFilterChain.java:175) ~[tomcat-embed-core-10.1.20.jar:10.1.20]
	at org.apache.catalina.core.ApplicationFilterChain.doFilter(ApplicationFilterChain.java:150) ~[tomcat-embed-core-10.1.20.jar:10.1.20]
	at org.apache.catalina.core.StandardWrapperValve.invoke(StandardWrapperValve.java:167) ~[tomcat-embed-core-10.1.20.jar:10.1.20]
	at org.apache.catalina.core.StandardContextValve.invoke(StandardContextValve.java:90) ~[tomcat-embed-core-10.1.20.jar:10.1.20]
	at org.apache.catalina.authenticator.AuthenticatorBase.invoke(AuthenticatorBase.java:482) ~[tomcat-embed-core-10.1.20.jar:10.1.20]
	at org.apache.catalina.core.StandardHostValve.invoke(StandardHostValve.java:115) ~[tomcat-embed-core-10.1.20.jar:10.1.20]
	at org.apache.catalina.valves.ErrorReportValve.invoke(ErrorReportValve.java:93) ~[tomcat-embed-core-10.1.20.jar:10.1.20]
	at org.apache.catalina.core.StandardEngineValve.invoke(StandardEngineValve.java:74) ~[tomcat-embed-core-10.1.20.jar:10.1.20]
	at org.apache.catalina.connector.CoyoteAdapter.service(CoyoteAdapter.java:344) ~[tomcat-embed-core-10.1.20.jar:10.1.20]
	at org.apache.coyote.http11.Http11Processor.service(Http11Processor.java:391) ~[tomcat-embed-core-10.1.20.jar:10.1.20]
	at org.apache.coyote.AbstractProcessorLight.process(AbstractProcessorLight.java:63) ~[tomcat-embed-core-10.1.20.jar:10.1.20]
	at org.apache.coyote.AbstractProtocol$ConnectionHandler.process(AbstractProtocol.java:896) ~[tomcat-embed-core-10.1.20.jar:10.1.20]
	at org.apache.tomcat.util.net.NioEndpoint$SocketProcessor.doRun(NioEndpoint.java:1736) ~[tomcat-embed-core-10.1.20.jar:10.1.20]
	at org.apache.tomcat.util.net.SocketProcessorBase.run(SocketProcessorBase.java:52) ~[tomcat-embed-core-10.1.20.jar:10.1.20]
	at org.apache.tomcat.util.threads.ThreadPoolExecutor.runWorker(ThreadPoolExecutor.java:1191) ~[tomcat-embed-core-10.1.20.jar:10.1.20]
	at org.apache.tomcat.util.threads.ThreadPoolExecutor$Worker.run(ThreadPoolExecutor.java:659) ~[tomcat-embed-core-10.1.20.jar:10.1.20]
	at org.apache.tomcat.util.threads.TaskThread$WrappingRunnable.run(TaskThread.java:63) ~[tomcat-embed-core-10.1.20.jar:10.1.20]
	at java.base/java.lang.Thread.run(Thread.java:1583) ~[na:na]

2025-07-30T21:03:55.658-03:00 DEBUG 23800 --- [tastemanager] [http-nio-8080-exec-2] o.s.web.servlet.DispatcherServlet        : "ERROR" dispatch for POST "/error", parameters={}
2025-07-30T21:03:55.664-03:00 DEBUG 23800 --- [tastemanager] [http-nio-8080-exec-2] s.w.s.m.m.a.RequestMappingHandlerMapping : Mapped to org.springframework.boot.autoconfigure.web.servlet.error.BasicErrorController#error(HttpServletRequest)
2025-07-30T21:03:55.723-03:00 DEBUG 23800 --- [tastemanager] [http-nio-8080-exec-2] o.s.w.s.m.m.a.HttpEntityMethodProcessor  : Using 'application/json', given [*/*] and supported [application/json, application/*+json]
2025-07-30T21:03:55.729-03:00 DEBUG 23800 --- [tastemanager] [http-nio-8080-exec-2] o.s.w.s.m.m.a.HttpEntityMethodProcessor  : Writing [{timestamp=Wed Jul 30 21:03:55 BRT 2025, status=500, error=Internal Server Error, path=/menu/create/ (truncated)...]
2025-07-30T21:03:55.800-03:00 DEBUG 23800 --- [tastemanager] [http-nio-8080-exec-2] o.s.web.servlet.DispatcherServlet        : Exiting from "ERROR" dispatch, status 500
2025-07-30T21:03:58.402-03:00 DEBUG 23800 --- [tastemanager] [http-nio-8080-exec-4] o.s.web.servlet.DispatcherServlet        : POST "/menu/create/1", parameters={}
2025-07-30T21:03:58.402-03:00 DEBUG 23800 --- [tastemanager] [http-nio-8080-exec-4] s.w.s.m.m.a.RequestMappingHandlerMapping : Mapped to br.com.tastemanager.controller.MenuController#createMenu(Long, MenuRequestDTO)
2025-07-30T21:03:58.411-03:00 DEBUG 23800 --- [tastemanager] [http-nio-8080-exec-4] m.m.a.RequestResponseBodyMethodProcessor : Read "application/json;charset=UTF-8" to [br.com.tastemanager.dto.request.MenuRequestDTO@31e0f1ba]
2025-07-30T21:03:58.422-03:00 DEBUG 23800 --- [tastemanager] [http-nio-8080-exec-4] o.s.web.servlet.DispatcherServlet        : Failed to complete request: java.lang.NullPointerException: Cannot invoke "java.util.List.clear()" because the return value of "br.com.tastemanager.entity.Menu.getItems()" is null
2025-07-30T21:03:58.422-03:00 ERROR 23800 --- [tastemanager] [http-nio-8080-exec-4] o.a.c.c.C.[.[.[/].[dispatcherServlet]    : Servlet.service() for servlet [dispatcherServlet] in context with path [] threw exception [Request processing failed: java.lang.NullPointerException: Cannot invoke "java.util.List.clear()" because the return value of "br.com.tastemanager.entity.Menu.getItems()" is null] with root cause

java.lang.NullPointerException: Cannot invoke "java.util.List.clear()" because the return value of "br.com.tastemanager.entity.Menu.getItems()" is null
	at br.com.tastemanager.service.MenuService.createMenu(MenuService.java:42) ~[classes/:na]
	at br.com.tastemanager.controller.MenuController.createMenu(MenuController.java:25) ~[classes/:na]
	at java.base/jdk.internal.reflect.DirectMethodHandleAccessor.invoke(DirectMethodHandleAccessor.java:103) ~[na:na]
	at java.base/java.lang.reflect.Method.invoke(Method.java:580) ~[na:na]
	at org.springframework.web.method.support.InvocableHandlerMethod.doInvoke(InvocableHandlerMethod.java:255) ~[spring-web-6.1.6.jar:6.1.6]
	at org.springframework.web.method.support.InvocableHandlerMethod.invokeForRequest(InvocableHandlerMethod.java:188) ~[spring-web-6.1.6.jar:6.1.6]
	at org.springframework.web.servlet.mvc.method.annotation.ServletInvocableHandlerMethod.invokeAndHandle(ServletInvocableHandlerMethod.java:118) ~[spring-webmvc-6.1.6.jar:6.1.6]
	at org.springframework.web.servlet.mvc.method.annotation.RequestMappingHandlerAdapter.invokeHandlerMethod(RequestMappingHandlerAdapter.java:926) ~[spring-webmvc-6.1.6.jar:6.1.6]
	at org.springframework.web.servlet.mvc.method.annotation.RequestMappingHandlerAdapter.handleInternal(RequestMappingHandlerAdapter.java:831) ~[spring-webmvc-6.1.6.jar:6.1.6]
	at org.springframework.web.servlet.mvc.method.AbstractHandlerMethodAdapter.handle(AbstractHandlerMethodAdapter.java:87) ~[spring-webmvc-6.1.6.jar:6.1.6]
	at org.springframework.web.servlet.DispatcherServlet.doDispatch(DispatcherServlet.java:1089) ~[spring-webmvc-6.1.6.jar:6.1.6]
	at org.springframework.web.servlet.DispatcherServlet.doService(DispatcherServlet.java:979) ~[spring-webmvc-6.1.6.jar:6.1.6]
	at org.springframework.web.servlet.FrameworkServlet.processRequest(FrameworkServlet.java:1014) ~[spring-webmvc-6.1.6.jar:6.1.6]
	at org.springframework.web.servlet.FrameworkServlet.doPost(FrameworkServlet.java:914) ~[spring-webmvc-6.1.6.jar:6.1.6]
	at jakarta.servlet.http.HttpServlet.service(HttpServlet.java:590) ~[tomcat-embed-core-10.1.20.jar:6.0]
	at org.springframework.web.servlet.FrameworkServlet.service(FrameworkServlet.java:885) ~[spring-webmvc-6.1.6.jar:6.1.6]
	at jakarta.servlet.http.HttpServlet.service(HttpServlet.java:658) ~[tomcat-embed-core-10.1.20.jar:6.0]
	at org.apache.catalina.core.ApplicationFilterChain.internalDoFilter(ApplicationFilterChain.java:206) ~[tomcat-embed-core-10.1.20.jar:10.1.20]
	at org.apache.catalina.core.ApplicationFilterChain.doFilter(ApplicationFilterChain.java:150) ~[tomcat-embed-core-10.1.20.jar:10.1.20]
	at org.apache.tomcat.websocket.server.WsFilter.doFilter(WsFilter.java:51) ~[tomcat-embed-websocket-10.1.20.jar:10.1.20]
	at org.apache.catalina.core.ApplicationFilterChain.internalDoFilter(ApplicationFilterChain.java:175) ~[tomcat-embed-core-10.1.20.jar:10.1.20]
	at org.apache.catalina.core.ApplicationFilterChain.doFilter(ApplicationFilterChain.java:150) ~[tomcat-embed-core-10.1.20.jar:10.1.20]
	at org.springframework.web.filter.RequestContextFilter.doFilterInternal(RequestContextFilter.java:100) ~[spring-web-6.1.6.jar:6.1.6]
	at org.springframework.web.filter.OncePerRequestFilter.doFilter(OncePerRequestFilter.java:116) ~[spring-web-6.1.6.jar:6.1.6]
	at org.apache.catalina.core.ApplicationFilterChain.internalDoFilter(ApplicationFilterChain.java:175) ~[tomcat-embed-core-10.1.20.jar:10.1.20]
	at org.apache.catalina.core.ApplicationFilterChain.doFilter(ApplicationFilterChain.java:150) ~[tomcat-embed-core-10.1.20.jar:10.1.20]
	at org.springframework.web.filter.FormContentFilter.doFilterInternal(FormContentFilter.java:93) ~[spring-web-6.1.6.jar:6.1.6]
	at org.springframework.web.filter.OncePerRequestFilter.doFilter(OncePerRequestFilter.java:116) ~[spring-web-6.1.6.jar:6.1.6]
	at org.apache.catalina.core.ApplicationFilterChain.internalDoFilter(ApplicationFilterChain.java:175) ~[tomcat-embed-core-10.1.20.jar:10.1.20]
	at org.apache.catalina.core.ApplicationFilterChain.doFilter(ApplicationFilterChain.java:150) ~[tomcat-embed-core-10.1.20.jar:10.1.20]
	at org.springframework.web.filter.CharacterEncodingFilter.doFilterInternal(CharacterEncodingFilter.java:201) ~[spring-web-6.1.6.jar:6.1.6]
	at org.springframework.web.filter.OncePerRequestFilter.doFilter(OncePerRequestFilter.java:116) ~[spring-web-6.1.6.jar:6.1.6]
	at org.apache.catalina.core.ApplicationFilterChain.internalDoFilter(ApplicationFilterChain.java:175) ~[tomcat-embed-core-10.1.20.jar:10.1.20]
	at org.apache.catalina.core.ApplicationFilterChain.doFilter(ApplicationFilterChain.java:150) ~[tomcat-embed-core-10.1.20.jar:10.1.20]
	at org.apache.catalina.core.StandardWrapperValve.invoke(StandardWrapperValve.java:167) ~[tomcat-embed-core-10.1.20.jar:10.1.20]
	at org.apache.catalina.core.StandardContextValve.invoke(StandardContextValve.java:90) ~[tomcat-embed-core-10.1.20.jar:10.1.20]
	at org.apache.catalina.authenticator.AuthenticatorBase.invoke(AuthenticatorBase.java:482) ~[tomcat-embed-core-10.1.20.jar:10.1.20]
	at org.apache.catalina.core.StandardHostValve.invoke(StandardHostValve.java:115) ~[tomcat-embed-core-10.1.20.jar:10.1.20]
	at org.apache.catalina.valves.ErrorReportValve.invoke(ErrorReportValve.java:93) ~[tomcat-embed-core-10.1.20.jar:10.1.20]
	at org.apache.catalina.core.StandardEngineValve.invoke(StandardEngineValve.java:74) ~[tomcat-embed-core-10.1.20.jar:10.1.20]
	at org.apache.catalina.connector.CoyoteAdapter.service(CoyoteAdapter.java:344) ~[tomcat-embed-core-10.1.20.jar:10.1.20]
	at org.apache.coyote.http11.Http11Processor.service(Http11Processor.java:391) ~[tomcat-embed-core-10.1.20.jar:10.1.20]
	at org.apache.coyote.AbstractProcessorLight.process(AbstractProcessorLight.java:63) ~[tomcat-embed-core-10.1.20.jar:10.1.20]
	at org.apache.coyote.AbstractProtocol$ConnectionHandler.process(AbstractProtocol.java:896) ~[tomcat-embed-core-10.1.20.jar:10.1.20]
	at org.apache.tomcat.util.net.NioEndpoint$SocketProcessor.doRun(NioEndpoint.java:1736) ~[tomcat-embed-core-10.1.20.jar:10.1.20]
	at org.apache.tomcat.util.net.SocketProcessorBase.run(SocketProcessorBase.java:52) ~[tomcat-embed-core-10.1.20.jar:10.1.20]
	at org.apache.tomcat.util.threads.ThreadPoolExecutor.runWorker(ThreadPoolExecutor.java:1191) ~[tomcat-embed-core-10.1.20.jar:10.1.20]
	at org.apache.tomcat.util.threads.ThreadPoolExecutor$Worker.run(ThreadPoolExecutor.java:659) ~[tomcat-embed-core-10.1.20.jar:10.1.20]
	at org.apache.tomcat.util.threads.TaskThread$WrappingRunnable.run(TaskThread.java:63) ~[tomcat-embed-core-10.1.20.jar:10.1.20]
	at java.base/java.lang.Thread.run(Thread.java:1583) ~[na:na]

2025-07-30T21:03:58.429-03:00 DEBUG 23800 --- [tastemanager] [http-nio-8080-exec-4] o.s.web.servlet.DispatcherServlet        : "ERROR" dispatch for POST "/error", parameters={}
2025-07-30T21:03:58.429-03:00 DEBUG 23800 --- [tastemanager] [http-nio-8080-exec-4] s.w.s.m.m.a.RequestMappingHandlerMapping : Mapped to org.springframework.boot.autoconfigure.web.servlet.error.BasicErrorController#error(HttpServletRequest)
2025-07-30T21:03:58.429-03:00 DEBUG 23800 --- [tastemanager] [http-nio-8080-exec-4] o.s.w.s.m.m.a.HttpEntityMethodProcessor  : Using 'application/json', given [*/*] and supported [application/json, application/*+json]
2025-07-30T21:03:58.429-03:00 DEBUG 23800 --- [tastemanager] [http-nio-8080-exec-4] o.s.w.s.m.m.a.HttpEntityMethodProcessor  : Writing [{timestamp=Wed Jul 30 21:03:58 BRT 2025, status=500, error=Internal Server Error, path=/menu/create/ (truncated)...]
2025-07-30T21:03:58.429-03:00 DEBUG 23800 --- [tastemanager] [http-nio-8080-exec-4] o.s.web.servlet.DispatcherServlet        : Exiting from "ERROR" dispatch, status 500
2025-07-30T21:11:04.024-03:00  INFO 23800 --- [tastemanager] [SpringApplicationShutdownHook] j.LocalContainerEntityManagerFactoryBean : Closing JPA EntityManagerFactory for persistence unit 'default'
2025-07-30T21:11:04.028-03:00  INFO 23800 --- [tastemanager] [SpringApplicationShutdownHook] com.zaxxer.hikari.HikariDataSource       : HikariPool-1 - Shutdown initiated...
2025-07-30T21:11:04.043-03:00  INFO 23800 --- [tastemanager] [SpringApplicationShutdownHook] com.zaxxer.hikari.HikariDataSource       : HikariPool-1 - Shutdown completed.
2025-07-30T21:11:09.996-03:00  INFO 18900 --- [tastemanager] [main] b.c.t.TasteManagerApplication            : Starting TasteManagerApplication using Java 21.0.7 with PID 18900 (C:\Users\silva\Projects\FIAP\tastemanager\target\classes started by silva in C:\Users\silva\Projects\FIAP\tastemanager)
2025-07-30T21:11:10.001-03:00  INFO 18900 --- [tastemanager] [main] b.c.t.TasteManagerApplication            : No active profile set, falling back to 1 default profile: "default"
2025-07-30T21:11:11.681-03:00  INFO 18900 --- [tastemanager] [main] .s.d.r.c.RepositoryConfigurationDelegate : Bootstrapping Spring Data JPA repositories in DEFAULT mode.
2025-07-30T21:11:11.868-03:00  INFO 18900 --- [tastemanager] [main] .s.d.r.c.RepositoryConfigurationDelegate : Finished Spring Data repository scanning in 170 ms. Found 4 JPA repository interfaces.
2025-07-30T21:11:13.162-03:00  INFO 18900 --- [tastemanager] [main] o.s.b.w.embedded.tomcat.TomcatWebServer  : Tomcat initialized with port 8080 (http)
2025-07-30T21:11:13.185-03:00  INFO 18900 --- [tastemanager] [main] o.apache.catalina.core.StandardService   : Starting service [Tomcat]
2025-07-30T21:11:13.185-03:00  INFO 18900 --- [tastemanager] [main] o.apache.catalina.core.StandardEngine    : Starting Servlet engine: [Apache Tomcat/10.1.20]
2025-07-30T21:11:13.301-03:00  INFO 18900 --- [tastemanager] [main] o.a.c.c.C.[Tomcat].[localhost].[/]       : Initializing Spring embedded WebApplicationContext
2025-07-30T21:11:13.301-03:00  INFO 18900 --- [tastemanager] [main] w.s.c.ServletWebServerApplicationContext : Root WebApplicationContext: initialization completed in 3195 ms
2025-07-30T21:11:13.366-03:00  INFO 18900 --- [tastemanager] [main] com.zaxxer.hikari.HikariDataSource       : HikariPool-1 - Starting...
2025-07-30T21:11:13.813-03:00  INFO 18900 --- [tastemanager] [main] com.zaxxer.hikari.pool.HikariPool        : HikariPool-1 - Added connection conn0: url=jdbc:h2:mem:tastmanagerdb user=SA
2025-07-30T21:11:13.817-03:00  INFO 18900 --- [tastemanager] [main] com.zaxxer.hikari.HikariDataSource       : HikariPool-1 - Start completed.
2025-07-30T21:11:13.849-03:00  INFO 18900 --- [tastemanager] [main] o.s.b.a.h2.H2ConsoleAutoConfiguration    : H2 console available at '/h2-console'. Database available at 'jdbc:h2:mem:tastmanagerdb'
2025-07-30T21:11:14.128-03:00  INFO 18900 --- [tastemanager] [main] o.hibernate.jpa.internal.util.LogHelper  : HHH000204: Processing PersistenceUnitInfo [name: default]
2025-07-30T21:11:14.261-03:00  INFO 18900 --- [tastemanager] [main] org.hibernate.Version                    : HHH000412: Hibernate ORM core version 6.4.4.Final
2025-07-30T21:11:14.350-03:00  INFO 18900 --- [tastemanager] [main] o.h.c.internal.RegionFactoryInitiator    : HHH000026: Second-level cache disabled
2025-07-30T21:11:14.887-03:00  INFO 18900 --- [tastemanager] [main] o.s.o.j.p.SpringPersistenceUnitInfo      : No LoadTimeWeaver setup: ignoring JPA class transformer
2025-07-30T21:11:14.986-03:00  WARN 18900 --- [tastemanager] [main] org.hibernate.orm.deprecation            : HHH90000025: H2Dialect does not need to be specified explicitly using 'hibernate.dialect' (remove the property setting and it will be selected by default)
2025-07-30T21:11:16.709-03:00  INFO 18900 --- [tastemanager] [main] o.h.e.t.j.p.i.JtaPlatformInitiator       : HHH000489: No JTA platform available (set 'hibernate.transaction.jta.platform' to enable JTA platform integration)
2025-07-30T21:11:16.859-03:00  INFO 18900 --- [tastemanager] [main] j.LocalContainerEntityManagerFactoryBean : Initialized JPA EntityManagerFactory for persistence unit 'default'
2025-07-30T21:11:17.603-03:00  INFO 18900 --- [tastemanager] [main] o.s.d.j.r.query.QueryEnhancerFactory     : Hibernate is in classpath; If applicable, HQL parser will be used.
2025-07-30T21:11:18.745-03:00  WARN 18900 --- [tastemanager] [main] JpaBaseConfiguration$JpaWebConfiguration : spring.jpa.open-in-view is enabled by default. Therefore, database queries may be performed during view rendering. Explicitly configure spring.jpa.open-in-view to disable this warning
2025-07-30T21:11:18.972-03:00 DEBUG 18900 --- [tastemanager] [main] s.w.s.m.m.a.RequestMappingHandlerMapping : 27 mappings in 'requestMappingHandlerMapping'
2025-07-30T21:11:19.114-03:00 DEBUG 18900 --- [tastemanager] [main] o.s.w.s.handler.SimpleUrlHandlerMapping  : Patterns [/webjars/**, /**, /swagger-ui*/*swagger-initializer.js, /swagger-ui*/**] in 'resourceHandlerMapping'
2025-07-30T21:11:19.188-03:00 DEBUG 18900 --- [tastemanager] [main] s.w.s.m.m.a.RequestMappingHandlerAdapter : ControllerAdvice beans: 0 @ModelAttribute, 0 @InitBinder, 1 RequestBodyAdvice, 1 ResponseBodyAdvice
2025-07-30T21:11:19.260-03:00 DEBUG 18900 --- [tastemanager] [main] .m.m.a.ExceptionHandlerExceptionResolver : ControllerAdvice beans: 2 @ExceptionHandler, 1 ResponseBodyAdvice
2025-07-30T21:11:19.656-03:00  INFO 18900 --- [tastemanager] [main] o.s.b.w.embedded.tomcat.TomcatWebServer  : Tomcat started on port 8080 (http) with context path ''
2025-07-30T21:11:19.674-03:00  INFO 18900 --- [tastemanager] [main] b.c.t.TasteManagerApplication            : Started TasteManagerApplication in 10.578 seconds (process running for 11.387)
2025-07-30T21:11:35.251-03:00  INFO 18900 --- [tastemanager] [http-nio-8080-exec-2] o.a.c.c.C.[Tomcat].[localhost].[/]       : Initializing Spring DispatcherServlet 'dispatcherServlet'
2025-07-30T21:11:35.253-03:00  INFO 18900 --- [tastemanager] [http-nio-8080-exec-2] o.s.web.servlet.DispatcherServlet        : Initializing Servlet 'dispatcherServlet'
2025-07-30T21:11:35.255-03:00 DEBUG 18900 --- [tastemanager] [http-nio-8080-exec-2] o.s.web.servlet.DispatcherServlet        : Detected StandardServletMultipartResolver
2025-07-30T21:11:35.255-03:00 DEBUG 18900 --- [tastemanager] [http-nio-8080-exec-2] o.s.web.servlet.DispatcherServlet        : Detected AcceptHeaderLocaleResolver
2025-07-30T21:11:35.255-03:00 DEBUG 18900 --- [tastemanager] [http-nio-8080-exec-2] o.s.web.servlet.DispatcherServlet        : Detected FixedThemeResolver
2025-07-30T21:11:35.259-03:00 DEBUG 18900 --- [tastemanager] [http-nio-8080-exec-2] o.s.web.servlet.DispatcherServlet        : Detected org.springframework.web.servlet.view.DefaultRequestToViewNameTranslator@f507d33
2025-07-30T21:11:35.261-03:00 DEBUG 18900 --- [tastemanager] [http-nio-8080-exec-2] o.s.web.servlet.DispatcherServlet        : Detected org.springframework.web.servlet.support.SessionFlashMapManager@2ee91bdf
2025-07-30T21:11:35.263-03:00 DEBUG 18900 --- [tastemanager] [http-nio-8080-exec-2] o.s.web.servlet.DispatcherServlet        : enableLoggingRequestDetails='false': request parameters and headers will be masked to prevent unsafe logging of potentially sensitive data
2025-07-30T21:11:35.263-03:00  INFO 18900 --- [tastemanager] [http-nio-8080-exec-2] o.s.web.servlet.DispatcherServlet        : Completed initialization in 10 ms
2025-07-30T21:11:35.331-03:00 DEBUG 18900 --- [tastemanager] [http-nio-8080-exec-2] o.s.web.servlet.DispatcherServlet        : POST "/menu/create/1", parameters={}
2025-07-30T21:11:35.390-03:00 DEBUG 18900 --- [tastemanager] [http-nio-8080-exec-2] s.w.s.m.m.a.RequestMappingHandlerMapping : Mapped to br.com.tastemanager.controller.MenuController#createMenu(Long, MenuRequestDTO)
2025-07-30T21:11:36.080-03:00 DEBUG 18900 --- [tastemanager] [http-nio-8080-exec-2] m.m.a.RequestResponseBodyMethodProcessor : Read "application/json;charset=UTF-8" to [br.com.tastemanager.dto.request.MenuRequestDTO@3c01a09d]
2025-07-30T21:11:36.405-03:00 DEBUG 18900 --- [tastemanager] [http-nio-8080-exec-2] o.s.web.servlet.DispatcherServlet        : Failed to complete request: java.lang.NullPointerException: Cannot invoke "java.util.List.clear()" because the return value of "br.com.tastemanager.entity.Menu.getItems()" is null
2025-07-30T21:11:36.405-03:00 ERROR 18900 --- [tastemanager] [http-nio-8080-exec-2] o.a.c.c.C.[.[.[/].[dispatcherServlet]    : Servlet.service() for servlet [dispatcherServlet] in context with path [] threw exception [Request processing failed: java.lang.NullPointerException: Cannot invoke "java.util.List.clear()" because the return value of "br.com.tastemanager.entity.Menu.getItems()" is null] with root cause

java.lang.NullPointerException: Cannot invoke "java.util.List.clear()" because the return value of "br.com.tastemanager.entity.Menu.getItems()" is null
	at br.com.tastemanager.service.MenuService.createMenu(MenuService.java:42) ~[classes/:na]
	at br.com.tastemanager.controller.MenuController.createMenu(MenuController.java:25) ~[classes/:na]
	at java.base/jdk.internal.reflect.DirectMethodHandleAccessor.invoke(DirectMethodHandleAccessor.java:103) ~[na:na]
	at java.base/java.lang.reflect.Method.invoke(Method.java:580) ~[na:na]
	at org.springframework.web.method.support.InvocableHandlerMethod.doInvoke(InvocableHandlerMethod.java:255) ~[spring-web-6.1.6.jar:6.1.6]
	at org.springframework.web.method.support.InvocableHandlerMethod.invokeForRequest(InvocableHandlerMethod.java:188) ~[spring-web-6.1.6.jar:6.1.6]
	at org.springframework.web.servlet.mvc.method.annotation.ServletInvocableHandlerMethod.invokeAndHandle(ServletInvocableHandlerMethod.java:118) ~[spring-webmvc-6.1.6.jar:6.1.6]
	at org.springframework.web.servlet.mvc.method.annotation.RequestMappingHandlerAdapter.invokeHandlerMethod(RequestMappingHandlerAdapter.java:926) ~[spring-webmvc-6.1.6.jar:6.1.6]
	at org.springframework.web.servlet.mvc.method.annotation.RequestMappingHandlerAdapter.handleInternal(RequestMappingHandlerAdapter.java:831) ~[spring-webmvc-6.1.6.jar:6.1.6]
	at org.springframework.web.servlet.mvc.method.AbstractHandlerMethodAdapter.handle(AbstractHandlerMethodAdapter.java:87) ~[spring-webmvc-6.1.6.jar:6.1.6]
	at org.springframework.web.servlet.DispatcherServlet.doDispatch(DispatcherServlet.java:1089) ~[spring-webmvc-6.1.6.jar:6.1.6]
	at org.springframework.web.servlet.DispatcherServlet.doService(DispatcherServlet.java:979) ~[spring-webmvc-6.1.6.jar:6.1.6]
	at org.springframework.web.servlet.FrameworkServlet.processRequest(FrameworkServlet.java:1014) ~[spring-webmvc-6.1.6.jar:6.1.6]
	at org.springframework.web.servlet.FrameworkServlet.doPost(FrameworkServlet.java:914) ~[spring-webmvc-6.1.6.jar:6.1.6]
	at jakarta.servlet.http.HttpServlet.service(HttpServlet.java:590) ~[tomcat-embed-core-10.1.20.jar:6.0]
	at org.springframework.web.servlet.FrameworkServlet.service(FrameworkServlet.java:885) ~[spring-webmvc-6.1.6.jar:6.1.6]
	at jakarta.servlet.http.HttpServlet.service(HttpServlet.java:658) ~[tomcat-embed-core-10.1.20.jar:6.0]
	at org.apache.catalina.core.ApplicationFilterChain.internalDoFilter(ApplicationFilterChain.java:206) ~[tomcat-embed-core-10.1.20.jar:10.1.20]
	at org.apache.catalina.core.ApplicationFilterChain.doFilter(ApplicationFilterChain.java:150) ~[tomcat-embed-core-10.1.20.jar:10.1.20]
	at org.apache.tomcat.websocket.server.WsFilter.doFilter(WsFilter.java:51) ~[tomcat-embed-websocket-10.1.20.jar:10.1.20]
	at org.apache.catalina.core.ApplicationFilterChain.internalDoFilter(ApplicationFilterChain.java:175) ~[tomcat-embed-core-10.1.20.jar:10.1.20]
	at org.apache.catalina.core.ApplicationFilterChain.doFilter(ApplicationFilterChain.java:150) ~[tomcat-embed-core-10.1.20.jar:10.1.20]
	at org.springframework.web.filter.RequestContextFilter.doFilterInternal(RequestContextFilter.java:100) ~[spring-web-6.1.6.jar:6.1.6]
	at org.springframework.web.filter.OncePerRequestFilter.doFilter(OncePerRequestFilter.java:116) ~[spring-web-6.1.6.jar:6.1.6]
	at org.apache.catalina.core.ApplicationFilterChain.internalDoFilter(ApplicationFilterChain.java:175) ~[tomcat-embed-core-10.1.20.jar:10.1.20]
	at org.apache.catalina.core.ApplicationFilterChain.doFilter(ApplicationFilterChain.java:150) ~[tomcat-embed-core-10.1.20.jar:10.1.20]
	at org.springframework.web.filter.FormContentFilter.doFilterInternal(FormContentFilter.java:93) ~[spring-web-6.1.6.jar:6.1.6]
	at org.springframework.web.filter.OncePerRequestFilter.doFilter(OncePerRequestFilter.java:116) ~[spring-web-6.1.6.jar:6.1.6]
	at org.apache.catalina.core.ApplicationFilterChain.internalDoFilter(ApplicationFilterChain.java:175) ~[tomcat-embed-core-10.1.20.jar:10.1.20]
	at org.apache.catalina.core.ApplicationFilterChain.doFilter(ApplicationFilterChain.java:150) ~[tomcat-embed-core-10.1.20.jar:10.1.20]
	at org.springframework.web.filter.CharacterEncodingFilter.doFilterInternal(CharacterEncodingFilter.java:201) ~[spring-web-6.1.6.jar:6.1.6]
	at org.springframework.web.filter.OncePerRequestFilter.doFilter(OncePerRequestFilter.java:116) ~[spring-web-6.1.6.jar:6.1.6]
	at org.apache.catalina.core.ApplicationFilterChain.internalDoFilter(ApplicationFilterChain.java:175) ~[tomcat-embed-core-10.1.20.jar:10.1.20]
	at org.apache.catalina.core.ApplicationFilterChain.doFilter(ApplicationFilterChain.java:150) ~[tomcat-embed-core-10.1.20.jar:10.1.20]
	at org.apache.catalina.core.StandardWrapperValve.invoke(StandardWrapperValve.java:167) ~[tomcat-embed-core-10.1.20.jar:10.1.20]
	at org.apache.catalina.core.StandardContextValve.invoke(StandardContextValve.java:90) ~[tomcat-embed-core-10.1.20.jar:10.1.20]
	at org.apache.catalina.authenticator.AuthenticatorBase.invoke(AuthenticatorBase.java:482) ~[tomcat-embed-core-10.1.20.jar:10.1.20]
	at org.apache.catalina.core.StandardHostValve.invoke(StandardHostValve.java:115) ~[tomcat-embed-core-10.1.20.jar:10.1.20]
	at org.apache.catalina.valves.ErrorReportValve.invoke(ErrorReportValve.java:93) ~[tomcat-embed-core-10.1.20.jar:10.1.20]
	at org.apache.catalina.core.StandardEngineValve.invoke(StandardEngineValve.java:74) ~[tomcat-embed-core-10.1.20.jar:10.1.20]
	at org.apache.catalina.connector.CoyoteAdapter.service(CoyoteAdapter.java:344) ~[tomcat-embed-core-10.1.20.jar:10.1.20]
	at org.apache.coyote.http11.Http11Processor.service(Http11Processor.java:391) ~[tomcat-embed-core-10.1.20.jar:10.1.20]
	at org.apache.coyote.AbstractProcessorLight.process(AbstractProcessorLight.java:63) ~[tomcat-embed-core-10.1.20.jar:10.1.20]
	at org.apache.coyote.AbstractProtocol$ConnectionHandler.process(AbstractProtocol.java:896) ~[tomcat-embed-core-10.1.20.jar:10.1.20]
	at org.apache.tomcat.util.net.NioEndpoint$SocketProcessor.doRun(NioEndpoint.java:1736) ~[tomcat-embed-core-10.1.20.jar:10.1.20]
	at org.apache.tomcat.util.net.SocketProcessorBase.run(SocketProcessorBase.java:52) ~[tomcat-embed-core-10.1.20.jar:10.1.20]
	at org.apache.tomcat.util.threads.ThreadPoolExecutor.runWorker(ThreadPoolExecutor.java:1191) ~[tomcat-embed-core-10.1.20.jar:10.1.20]
	at org.apache.tomcat.util.threads.ThreadPoolExecutor$Worker.run(ThreadPoolExecutor.java:659) ~[tomcat-embed-core-10.1.20.jar:10.1.20]
	at org.apache.tomcat.util.threads.TaskThread$WrappingRunnable.run(TaskThread.java:63) ~[tomcat-embed-core-10.1.20.jar:10.1.20]
	at java.base/java.lang.Thread.run(Thread.java:1583) ~[na:na]

2025-07-30T21:11:36.429-03:00 DEBUG 18900 --- [tastemanager] [http-nio-8080-exec-2] o.s.web.servlet.DispatcherServlet        : "ERROR" dispatch for POST "/error", parameters={}
2025-07-30T21:11:36.435-03:00 DEBUG 18900 --- [tastemanager] [http-nio-8080-exec-2] s.w.s.m.m.a.RequestMappingHandlerMapping : Mapped to org.springframework.boot.autoconfigure.web.servlet.error.BasicErrorController#error(HttpServletRequest)
2025-07-30T21:11:36.466-03:00 DEBUG 18900 --- [tastemanager] [http-nio-8080-exec-2] o.s.w.s.m.m.a.HttpEntityMethodProcessor  : Using 'application/json', given [*/*] and supported [application/json, application/*+json]
2025-07-30T21:11:36.470-03:00 DEBUG 18900 --- [tastemanager] [http-nio-8080-exec-2] o.s.w.s.m.m.a.HttpEntityMethodProcessor  : Writing [{timestamp=Wed Jul 30 21:11:36 BRT 2025, status=500, error=Internal Server Error, path=/menu/create/ (truncated)...]
2025-07-30T21:11:36.799-03:00 DEBUG 18900 --- [tastemanager] [http-nio-8080-exec-2] o.s.web.servlet.DispatcherServlet        : Exiting from "ERROR" dispatch, status 500
2025-07-30T21:14:13.762-03:00  INFO 18900 --- [tastemanager] [SpringApplicationShutdownHook] j.LocalContainerEntityManagerFactoryBean : Closing JPA EntityManagerFactory for persistence unit 'default'
2025-07-30T21:14:13.765-03:00  INFO 18900 --- [tastemanager] [SpringApplicationShutdownHook] com.zaxxer.hikari.HikariDataSource       : HikariPool-1 - Shutdown initiated...
2025-07-30T21:14:13.783-03:00  INFO 18900 --- [tastemanager] [SpringApplicationShutdownHook] com.zaxxer.hikari.HikariDataSource       : HikariPool-1 - Shutdown completed.
2025-07-30T21:14:19.280-03:00  INFO 5608 --- [tastemanager] [main] b.c.t.TasteManagerApplication            : Starting TasteManagerApplication using Java 21.0.7 with PID 5608 (C:\Users\silva\Projects\FIAP\tastemanager\target\classes started by silva in C:\Users\silva\Projects\FIAP\tastemanager)
2025-07-30T21:14:19.285-03:00  INFO 5608 --- [tastemanager] [main] b.c.t.TasteManagerApplication            : No active profile set, falling back to 1 default profile: "default"
2025-07-30T21:14:20.964-03:00  INFO 5608 --- [tastemanager] [main] .s.d.r.c.RepositoryConfigurationDelegate : Bootstrapping Spring Data JPA repositories in DEFAULT mode.
2025-07-30T21:14:21.090-03:00  INFO 5608 --- [tastemanager] [main] .s.d.r.c.RepositoryConfigurationDelegate : Finished Spring Data repository scanning in 107 ms. Found 4 JPA repository interfaces.
2025-07-30T21:14:22.288-03:00  INFO 5608 --- [tastemanager] [main] o.s.b.w.embedded.tomcat.TomcatWebServer  : Tomcat initialized with port 8080 (http)
2025-07-30T21:14:22.314-03:00  INFO 5608 --- [tastemanager] [main] o.apache.catalina.core.StandardService   : Starting service [Tomcat]
2025-07-30T21:14:22.315-03:00  INFO 5608 --- [tastemanager] [main] o.apache.catalina.core.StandardEngine    : Starting Servlet engine: [Apache Tomcat/10.1.20]
2025-07-30T21:14:22.425-03:00  INFO 5608 --- [tastemanager] [main] o.a.c.c.C.[Tomcat].[localhost].[/]       : Initializing Spring embedded WebApplicationContext
2025-07-30T21:14:22.426-03:00  INFO 5608 --- [tastemanager] [main] w.s.c.ServletWebServerApplicationContext : Root WebApplicationContext: initialization completed in 3035 ms
2025-07-30T21:14:22.484-03:00  INFO 5608 --- [tastemanager] [main] com.zaxxer.hikari.HikariDataSource       : HikariPool-1 - Starting...
2025-07-30T21:14:22.881-03:00  INFO 5608 --- [tastemanager] [main] com.zaxxer.hikari.pool.HikariPool        : HikariPool-1 - Added connection conn0: url=jdbc:h2:mem:tastmanagerdb user=SA
2025-07-30T21:14:22.886-03:00  INFO 5608 --- [tastemanager] [main] com.zaxxer.hikari.HikariDataSource       : HikariPool-1 - Start completed.
2025-07-30T21:14:22.907-03:00  INFO 5608 --- [tastemanager] [main] o.s.b.a.h2.H2ConsoleAutoConfiguration    : H2 console available at '/h2-console'. Database available at 'jdbc:h2:mem:tastmanagerdb'
2025-07-30T21:14:23.155-03:00  INFO 5608 --- [tastemanager] [main] o.hibernate.jpa.internal.util.LogHelper  : HHH000204: Processing PersistenceUnitInfo [name: default]
2025-07-30T21:14:23.282-03:00  INFO 5608 --- [tastemanager] [main] org.hibernate.Version                    : HHH000412: Hibernate ORM core version 6.4.4.Final
2025-07-30T21:14:23.357-03:00  INFO 5608 --- [tastemanager] [main] o.h.c.internal.RegionFactoryInitiator    : HHH000026: Second-level cache disabled
2025-07-30T21:14:23.858-03:00  INFO 5608 --- [tastemanager] [main] o.s.o.j.p.SpringPersistenceUnitInfo      : No LoadTimeWeaver setup: ignoring JPA class transformer
2025-07-30T21:14:23.939-03:00  WARN 5608 --- [tastemanager] [main] org.hibernate.orm.deprecation            : HHH90000025: H2Dialect does not need to be specified explicitly using 'hibernate.dialect' (remove the property setting and it will be selected by default)
2025-07-30T21:14:25.491-03:00  INFO 5608 --- [tastemanager] [main] o.h.e.t.j.p.i.JtaPlatformInitiator       : HHH000489: No JTA platform available (set 'hibernate.transaction.jta.platform' to enable JTA platform integration)
2025-07-30T21:14:25.620-03:00  INFO 5608 --- [tastemanager] [main] j.LocalContainerEntityManagerFactoryBean : Initialized JPA EntityManagerFactory for persistence unit 'default'
2025-07-30T21:14:26.325-03:00  INFO 5608 --- [tastemanager] [main] o.s.d.j.r.query.QueryEnhancerFactory     : Hibernate is in classpath; If applicable, HQL parser will be used.
2025-07-30T21:14:27.454-03:00  WARN 5608 --- [tastemanager] [main] JpaBaseConfiguration$JpaWebConfiguration : spring.jpa.open-in-view is enabled by default. Therefore, database queries may be performed during view rendering. Explicitly configure spring.jpa.open-in-view to disable this warning
2025-07-30T21:14:27.667-03:00 DEBUG 5608 --- [tastemanager] [main] s.w.s.m.m.a.RequestMappingHandlerMapping : 27 mappings in 'requestMappingHandlerMapping'
2025-07-30T21:14:27.834-03:00 DEBUG 5608 --- [tastemanager] [main] o.s.w.s.handler.SimpleUrlHandlerMapping  : Patterns [/webjars/**, /**, /swagger-ui*/*swagger-initializer.js, /swagger-ui*/**] in 'resourceHandlerMapping'
2025-07-30T21:14:27.915-03:00 DEBUG 5608 --- [tastemanager] [main] s.w.s.m.m.a.RequestMappingHandlerAdapter : ControllerAdvice beans: 0 @ModelAttribute, 0 @InitBinder, 1 RequestBodyAdvice, 1 ResponseBodyAdvice
2025-07-30T21:14:28.058-03:00 DEBUG 5608 --- [tastemanager] [main] .m.m.a.ExceptionHandlerExceptionResolver : ControllerAdvice beans: 2 @ExceptionHandler, 1 ResponseBodyAdvice
2025-07-30T21:14:28.469-03:00  INFO 5608 --- [tastemanager] [main] o.s.b.w.embedded.tomcat.TomcatWebServer  : Tomcat started on port 8080 (http) with context path ''
2025-07-30T21:14:28.486-03:00  INFO 5608 --- [tastemanager] [main] b.c.t.TasteManagerApplication            : Started TasteManagerApplication in 10.063 seconds (process running for 10.849)
2025-07-30T21:14:30.770-03:00  INFO 5608 --- [tastemanager] [http-nio-8080-exec-2] o.a.c.c.C.[Tomcat].[localhost].[/]       : Initializing Spring DispatcherServlet 'dispatcherServlet'
2025-07-30T21:14:30.771-03:00  INFO 5608 --- [tastemanager] [http-nio-8080-exec-2] o.s.web.servlet.DispatcherServlet        : Initializing Servlet 'dispatcherServlet'
2025-07-30T21:14:30.772-03:00 DEBUG 5608 --- [tastemanager] [http-nio-8080-exec-2] o.s.web.servlet.DispatcherServlet        : Detected StandardServletMultipartResolver
2025-07-30T21:14:30.772-03:00 DEBUG 5608 --- [tastemanager] [http-nio-8080-exec-2] o.s.web.servlet.DispatcherServlet        : Detected AcceptHeaderLocaleResolver
2025-07-30T21:14:30.772-03:00 DEBUG 5608 --- [tastemanager] [http-nio-8080-exec-2] o.s.web.servlet.DispatcherServlet        : Detected FixedThemeResolver
2025-07-30T21:14:30.778-03:00 DEBUG 5608 --- [tastemanager] [http-nio-8080-exec-2] o.s.web.servlet.DispatcherServlet        : Detected org.springframework.web.servlet.view.DefaultRequestToViewNameTranslator@173e4b75
2025-07-30T21:14:30.779-03:00 DEBUG 5608 --- [tastemanager] [http-nio-8080-exec-2] o.s.web.servlet.DispatcherServlet        : Detected org.springframework.web.servlet.support.SessionFlashMapManager@5d0ea2af
2025-07-30T21:14:30.780-03:00 DEBUG 5608 --- [tastemanager] [http-nio-8080-exec-2] o.s.web.servlet.DispatcherServlet        : enableLoggingRequestDetails='false': request parameters and headers will be masked to prevent unsafe logging of potentially sensitive data
2025-07-30T21:14:30.781-03:00  INFO 5608 --- [tastemanager] [http-nio-8080-exec-2] o.s.web.servlet.DispatcherServlet        : Completed initialization in 8 ms
2025-07-30T21:14:30.799-03:00 DEBUG 5608 --- [tastemanager] [http-nio-8080-exec-2] o.s.web.servlet.DispatcherServlet        : POST "/menu/create/1", parameters={}
2025-07-30T21:14:30.820-03:00 DEBUG 5608 --- [tastemanager] [http-nio-8080-exec-2] s.w.s.m.m.a.RequestMappingHandlerMapping : Mapped to br.com.tastemanager.controller.MenuController#createMenu(Long, MenuRequestDTO)
2025-07-30T21:14:30.973-03:00 DEBUG 5608 --- [tastemanager] [http-nio-8080-exec-2] m.m.a.RequestResponseBodyMethodProcessor : Read "application/json;charset=UTF-8" to [br.com.tastemanager.dto.request.MenuRequestDTO@5a8f5125]
2025-07-30T21:14:31.295-03:00 DEBUG 5608 --- [tastemanager] [http-nio-8080-exec-2] o.s.w.s.m.m.a.HttpEntityMethodProcessor  : Using 'application/json', given [*/*] and supported [application/json, application/*+json]
2025-07-30T21:14:31.298-03:00 DEBUG 5608 --- [tastemanager] [http-nio-8080-exec-2] o.s.w.s.m.m.a.HttpEntityMethodProcessor  : Writing [br.com.tastemanager.dto.response.MenuResponseDTO@5c7c616f]
2025-07-30T21:14:31.328-03:00 DEBUG 5608 --- [tastemanager] [http-nio-8080-exec-2] o.s.web.servlet.DispatcherServlet        : Completed 201 CREATED
2025-07-30T21:14:44.483-03:00 DEBUG 5608 --- [tastemanager] [http-nio-8080-exec-4] o.s.web.servlet.DispatcherServlet        : POST "/menu/create/1", parameters={}
2025-07-30T21:14:44.489-03:00 DEBUG 5608 --- [tastemanager] [http-nio-8080-exec-4] s.w.s.m.m.a.RequestMappingHandlerMapping : Mapped to br.com.tastemanager.controller.MenuController#createMenu(Long, MenuRequestDTO)
2025-07-30T21:14:44.493-03:00 DEBUG 5608 --- [tastemanager] [http-nio-8080-exec-4] m.m.a.RequestResponseBodyMethodProcessor : Read "application/json;charset=UTF-8" to [br.com.tastemanager.dto.request.MenuRequestDTO@5cb3e7aa]
2025-07-30T21:14:44.560-03:00 DEBUG 5608 --- [tastemanager] [http-nio-8080-exec-4] o.s.w.s.m.m.a.HttpEntityMethodProcessor  : Using 'application/json', given [*/*] and supported [application/json, application/*+json]
2025-07-30T21:14:44.560-03:00 DEBUG 5608 --- [tastemanager] [http-nio-8080-exec-4] o.s.w.s.m.m.a.HttpEntityMethodProcessor  : Writing [br.com.tastemanager.dto.response.MenuResponseDTO@7495a875]
2025-07-30T21:14:44.560-03:00 DEBUG 5608 --- [tastemanager] [http-nio-8080-exec-4] o.s.web.servlet.DispatcherServlet        : Completed 201 CREATED
2025-07-30T21:21:09.342-03:00  INFO 5608 --- [tastemanager] [SpringApplicationShutdownHook] j.LocalContainerEntityManagerFactoryBean : Closing JPA EntityManagerFactory for persistence unit 'default'
2025-07-30T21:21:09.358-03:00  INFO 5608 --- [tastemanager] [SpringApplicationShutdownHook] com.zaxxer.hikari.HikariDataSource       : HikariPool-1 - Shutdown initiated...
2025-07-30T21:21:09.373-03:00  INFO 5608 --- [tastemanager] [SpringApplicationShutdownHook] com.zaxxer.hikari.HikariDataSource       : HikariPool-1 - Shutdown completed.
2025-07-30T21:21:16.559-03:00  INFO 26808 --- [tastemanager] [main] b.c.t.TasteManagerApplication            : Starting TasteManagerApplication using Java 21.0.7 with PID 26808 (C:\Users\silva\Projects\FIAP\tastemanager\target\classes started by silva in C:\Users\silva\Projects\FIAP\tastemanager)
2025-07-30T21:21:16.564-03:00  INFO 26808 --- [tastemanager] [main] b.c.t.TasteManagerApplication            : No active profile set, falling back to 1 default profile: "default"
2025-07-30T21:21:18.189-03:00  INFO 26808 --- [tastemanager] [main] .s.d.r.c.RepositoryConfigurationDelegate : Bootstrapping Spring Data JPA repositories in DEFAULT mode.
2025-07-30T21:21:18.340-03:00  INFO 26808 --- [tastemanager] [main] .s.d.r.c.RepositoryConfigurationDelegate : Finished Spring Data repository scanning in 137 ms. Found 4 JPA repository interfaces.
2025-07-30T21:21:19.489-03:00  INFO 26808 --- [tastemanager] [main] o.s.b.w.embedded.tomcat.TomcatWebServer  : Tomcat initialized with port 8080 (http)
2025-07-30T21:21:19.526-03:00  INFO 26808 --- [tastemanager] [main] o.apache.catalina.core.StandardService   : Starting service [Tomcat]
2025-07-30T21:21:19.527-03:00  INFO 26808 --- [tastemanager] [main] o.apache.catalina.core.StandardEngine    : Starting Servlet engine: [Apache Tomcat/10.1.20]
2025-07-30T21:21:19.663-03:00  INFO 26808 --- [tastemanager] [main] o.a.c.c.C.[Tomcat].[localhost].[/]       : Initializing Spring embedded WebApplicationContext
2025-07-30T21:21:19.664-03:00  INFO 26808 --- [tastemanager] [main] w.s.c.ServletWebServerApplicationContext : Root WebApplicationContext: initialization completed in 3010 ms
2025-07-30T21:21:19.720-03:00  INFO 26808 --- [tastemanager] [main] com.zaxxer.hikari.HikariDataSource       : HikariPool-1 - Starting...
2025-07-30T21:21:20.063-03:00  INFO 26808 --- [tastemanager] [main] com.zaxxer.hikari.pool.HikariPool        : HikariPool-1 - Added connection conn0: url=jdbc:h2:mem:tastmanagerdb user=SA
2025-07-30T21:21:20.066-03:00  INFO 26808 --- [tastemanager] [main] com.zaxxer.hikari.HikariDataSource       : HikariPool-1 - Start completed.
2025-07-30T21:21:20.088-03:00  INFO 26808 --- [tastemanager] [main] o.s.b.a.h2.H2ConsoleAutoConfiguration    : H2 console available at '/h2-console'. Database available at 'jdbc:h2:mem:tastmanagerdb'
2025-07-30T21:21:20.330-03:00  INFO 26808 --- [tastemanager] [main] o.hibernate.jpa.internal.util.LogHelper  : HHH000204: Processing PersistenceUnitInfo [name: default]
2025-07-30T21:21:20.444-03:00  INFO 26808 --- [tastemanager] [main] org.hibernate.Version                    : HHH000412: Hibernate ORM core version 6.4.4.Final
2025-07-30T21:21:20.519-03:00  INFO 26808 --- [tastemanager] [main] o.h.c.internal.RegionFactoryInitiator    : HHH000026: Second-level cache disabled
2025-07-30T21:21:20.980-03:00  INFO 26808 --- [tastemanager] [main] o.s.o.j.p.SpringPersistenceUnitInfo      : No LoadTimeWeaver setup: ignoring JPA class transformer
2025-07-30T21:21:21.068-03:00  WARN 26808 --- [tastemanager] [main] org.hibernate.orm.deprecation            : HHH90000025: H2Dialect does not need to be specified explicitly using 'hibernate.dialect' (remove the property setting and it will be selected by default)
2025-07-30T21:21:22.565-03:00  INFO 26808 --- [tastemanager] [main] o.h.e.t.j.p.i.JtaPlatformInitiator       : HHH000489: No JTA platform available (set 'hibernate.transaction.jta.platform' to enable JTA platform integration)
2025-07-30T21:21:22.716-03:00  INFO 26808 --- [tastemanager] [main] j.LocalContainerEntityManagerFactoryBean : Initialized JPA EntityManagerFactory for persistence unit 'default'
2025-07-30T21:21:23.396-03:00  INFO 26808 --- [tastemanager] [main] o.s.d.j.r.query.QueryEnhancerFactory     : Hibernate is in classpath; If applicable, HQL parser will be used.
2025-07-30T21:21:24.444-03:00  WARN 26808 --- [tastemanager] [main] JpaBaseConfiguration$JpaWebConfiguration : spring.jpa.open-in-view is enabled by default. Therefore, database queries may be performed during view rendering. Explicitly configure spring.jpa.open-in-view to disable this warning
2025-07-30T21:21:24.672-03:00 DEBUG 26808 --- [tastemanager] [main] s.w.s.m.m.a.RequestMappingHandlerMapping : 27 mappings in 'requestMappingHandlerMapping'
2025-07-30T21:21:24.818-03:00 DEBUG 26808 --- [tastemanager] [main] o.s.w.s.handler.SimpleUrlHandlerMapping  : Patterns [/webjars/**, /**, /swagger-ui*/*swagger-initializer.js, /swagger-ui*/**] in 'resourceHandlerMapping'
2025-07-30T21:21:24.905-03:00 DEBUG 26808 --- [tastemanager] [main] s.w.s.m.m.a.RequestMappingHandlerAdapter : ControllerAdvice beans: 0 @ModelAttribute, 0 @InitBinder, 1 RequestBodyAdvice, 1 ResponseBodyAdvice
2025-07-30T21:21:24.972-03:00 DEBUG 26808 --- [tastemanager] [main] .m.m.a.ExceptionHandlerExceptionResolver : ControllerAdvice beans: 2 @ExceptionHandler, 1 ResponseBodyAdvice
2025-07-30T21:21:25.366-03:00  INFO 26808 --- [tastemanager] [main] o.s.b.w.embedded.tomcat.TomcatWebServer  : Tomcat started on port 8080 (http) with context path ''
2025-07-30T21:21:25.384-03:00  INFO 26808 --- [tastemanager] [main] b.c.t.TasteManagerApplication            : Started TasteManagerApplication in 9.692 seconds (process running for 10.531)
2025-07-30T21:21:33.195-03:00  INFO 26808 --- [tastemanager] [http-nio-8080-exec-2] o.a.c.c.C.[Tomcat].[localhost].[/]       : Initializing Spring DispatcherServlet 'dispatcherServlet'
2025-07-30T21:21:33.195-03:00  INFO 26808 --- [tastemanager] [http-nio-8080-exec-2] o.s.web.servlet.DispatcherServlet        : Initializing Servlet 'dispatcherServlet'
2025-07-30T21:21:33.195-03:00 DEBUG 26808 --- [tastemanager] [http-nio-8080-exec-2] o.s.web.servlet.DispatcherServlet        : Detected StandardServletMultipartResolver
2025-07-30T21:21:33.195-03:00 DEBUG 26808 --- [tastemanager] [http-nio-8080-exec-2] o.s.web.servlet.DispatcherServlet        : Detected AcceptHeaderLocaleResolver
2025-07-30T21:21:33.195-03:00 DEBUG 26808 --- [tastemanager] [http-nio-8080-exec-2] o.s.web.servlet.DispatcherServlet        : Detected FixedThemeResolver
2025-07-30T21:21:33.202-03:00 DEBUG 26808 --- [tastemanager] [http-nio-8080-exec-2] o.s.web.servlet.DispatcherServlet        : Detected org.springframework.web.servlet.view.DefaultRequestToViewNameTranslator@7eba962d
2025-07-30T21:21:33.203-03:00 DEBUG 26808 --- [tastemanager] [http-nio-8080-exec-2] o.s.web.servlet.DispatcherServlet        : Detected org.springframework.web.servlet.support.SessionFlashMapManager@69173bb7
2025-07-30T21:21:33.203-03:00 DEBUG 26808 --- [tastemanager] [http-nio-8080-exec-2] o.s.web.servlet.DispatcherServlet        : enableLoggingRequestDetails='false': request parameters and headers will be masked to prevent unsafe logging of potentially sensitive data
2025-07-30T21:21:33.203-03:00  INFO 26808 --- [tastemanager] [http-nio-8080-exec-2] o.s.web.servlet.DispatcherServlet        : Completed initialization in 8 ms
2025-07-30T21:21:33.310-03:00 DEBUG 26808 --- [tastemanager] [http-nio-8080-exec-2] o.s.web.servlet.DispatcherServlet        : POST "/menu/create/1", parameters={}
2025-07-30T21:21:33.352-03:00 DEBUG 26808 --- [tastemanager] [http-nio-8080-exec-2] s.w.s.m.m.a.RequestMappingHandlerMapping : Mapped to br.com.tastemanager.controller.MenuController#createMenu(Long, MenuRequestDTO)
2025-07-30T21:21:33.749-03:00 DEBUG 26808 --- [tastemanager] [http-nio-8080-exec-2] m.m.a.RequestResponseBodyMethodProcessor : Read "application/json;charset=UTF-8" to [br.com.tastemanager.dto.request.MenuRequestDTO@51411409]
2025-07-30T21:21:34.490-03:00 DEBUG 26808 --- [tastemanager] [http-nio-8080-exec-2] o.s.w.s.m.m.a.HttpEntityMethodProcessor  : Using 'application/json', given [*/*] and supported [application/json, application/*+json]
2025-07-30T21:21:34.490-03:00 DEBUG 26808 --- [tastemanager] [http-nio-8080-exec-2] o.s.w.s.m.m.a.HttpEntityMethodProcessor  : Writing [br.com.tastemanager.dto.response.MenuResponseDTO@790bc926]
2025-07-30T21:21:34.540-03:00 DEBUG 26808 --- [tastemanager] [http-nio-8080-exec-2] o.s.web.servlet.DispatcherServlet        : Completed 201 CREATED
2025-07-30T21:21:53.323-03:00 DEBUG 26808 --- [tastemanager] [http-nio-8080-exec-5] o.s.web.servlet.DispatcherServlet        : POST "/menu/create/1", parameters={}
2025-07-30T21:21:53.323-03:00 DEBUG 26808 --- [tastemanager] [http-nio-8080-exec-5] s.w.s.m.m.a.RequestMappingHandlerMapping : Mapped to br.com.tastemanager.controller.MenuController#createMenu(Long, MenuRequestDTO)
2025-07-30T21:21:53.331-03:00 DEBUG 26808 --- [tastemanager] [http-nio-8080-exec-5] m.m.a.RequestResponseBodyMethodProcessor : Read "application/json;charset=UTF-8" to [br.com.tastemanager.dto.request.MenuRequestDTO@1beb7762]
2025-07-30T21:21:53.408-03:00 DEBUG 26808 --- [tastemanager] [http-nio-8080-exec-5] o.s.w.s.m.m.a.HttpEntityMethodProcessor  : Using 'application/json', given [*/*] and supported [application/json, application/*+json]
2025-07-30T21:21:53.409-03:00 DEBUG 26808 --- [tastemanager] [http-nio-8080-exec-5] o.s.w.s.m.m.a.HttpEntityMethodProcessor  : Writing [br.com.tastemanager.dto.response.MenuResponseDTO@4ffd0cd7]
2025-07-30T21:21:53.418-03:00 DEBUG 26808 --- [tastemanager] [http-nio-8080-exec-5] o.s.web.servlet.DispatcherServlet        : Completed 201 CREATED
2025-07-30T21:22:30.117-03:00 DEBUG 26808 --- [tastemanager] [http-nio-8080-exec-6] o.s.web.servlet.DispatcherServlet        : POST "/menu/create/2", parameters={}
2025-07-30T21:22:30.118-03:00 DEBUG 26808 --- [tastemanager] [http-nio-8080-exec-6] s.w.s.m.m.a.RequestMappingHandlerMapping : Mapped to br.com.tastemanager.controller.MenuController#createMenu(Long, MenuRequestDTO)
2025-07-30T21:22:30.121-03:00 DEBUG 26808 --- [tastemanager] [http-nio-8080-exec-6] m.m.a.RequestResponseBodyMethodProcessor : Read "application/json;charset=UTF-8" to [br.com.tastemanager.dto.request.MenuRequestDTO@4ecf449b]
2025-07-30T21:22:30.141-03:00 DEBUG 26808 --- [tastemanager] [http-nio-8080-exec-6] o.s.w.s.m.m.a.HttpEntityMethodProcessor  : Using 'application/json', given [*/*] and supported [application/json, application/*+json]
2025-07-30T21:22:30.141-03:00 DEBUG 26808 --- [tastemanager] [http-nio-8080-exec-6] o.s.w.s.m.m.a.HttpEntityMethodProcessor  : Writing [br.com.tastemanager.dto.response.MenuResponseDTO@32a1d4ce]
2025-07-30T21:22:30.141-03:00 DEBUG 26808 --- [tastemanager] [http-nio-8080-exec-6] o.s.web.servlet.DispatcherServlet        : Completed 201 CREATED
2025-07-30T21:23:44.379-03:00 DEBUG 26808 --- [tastemanager] [http-nio-8080-exec-8] o.s.web.servlet.DispatcherServlet        : POST "/menu/create/2", parameters={}
2025-07-30T21:23:44.379-03:00 DEBUG 26808 --- [tastemanager] [http-nio-8080-exec-8] s.w.s.m.m.a.RequestMappingHandlerMapping : Mapped to br.com.tastemanager.controller.MenuController#createMenu(Long, MenuRequestDTO)
2025-07-30T21:23:44.387-03:00 DEBUG 26808 --- [tastemanager] [http-nio-8080-exec-8] m.m.a.RequestResponseBodyMethodProcessor : Read "application/json;charset=UTF-8" to [br.com.tastemanager.dto.request.MenuRequestDTO@346d770]
2025-07-30T21:23:44.414-03:00 DEBUG 26808 --- [tastemanager] [http-nio-8080-exec-8] o.s.w.s.m.m.a.HttpEntityMethodProcessor  : Using 'application/json', given [*/*] and supported [application/json, application/*+json]
2025-07-30T21:23:44.414-03:00 DEBUG 26808 --- [tastemanager] [http-nio-8080-exec-8] o.s.w.s.m.m.a.HttpEntityMethodProcessor  : Writing [br.com.tastemanager.dto.response.MenuResponseDTO@31ab68e6]
2025-07-30T21:23:44.420-03:00 DEBUG 26808 --- [tastemanager] [http-nio-8080-exec-8] o.s.web.servlet.DispatcherServlet        : Completed 201 CREATED
2025-07-30T21:25:45.551-03:00 DEBUG 26808 --- [tastemanager] [http-nio-8080-exec-8] o.s.web.servlet.DispatcherServlet        : GET "/menu/find-all-by-restaurant/2", parameters={}
2025-07-30T21:25:45.555-03:00 DEBUG 26808 --- [tastemanager] [http-nio-8080-exec-8] s.w.s.m.m.a.RequestMappingHandlerMapping : Mapped to br.com.tastemanager.controller.MenuController#getMenusByRestaurant(Long)
2025-07-30T21:25:45.583-03:00 DEBUG 26808 --- [tastemanager] [http-nio-8080-exec-8] o.s.w.s.m.m.a.HttpEntityMethodProcessor  : Using 'application/json', given [*/*] and supported [application/json, application/*+json]
2025-07-30T21:25:45.584-03:00 DEBUG 26808 --- [tastemanager] [http-nio-8080-exec-8] o.s.w.s.m.m.a.HttpEntityMethodProcessor  : Writing [[br.com.tastemanager.dto.response.MenuResponseDTO@7a23a985]]
2025-07-30T21:25:45.584-03:00 DEBUG 26808 --- [tastemanager] [http-nio-8080-exec-8] o.s.web.servlet.DispatcherServlet        : Completed 201 CREATED
2025-07-30T21:26:10.216-03:00 DEBUG 26808 --- [tastemanager] [http-nio-8080-exec-10] o.s.web.servlet.DispatcherServlet        : PUT "/menu/update/2", parameters={}
2025-07-30T21:26:10.218-03:00 DEBUG 26808 --- [tastemanager] [http-nio-8080-exec-10] s.w.s.m.m.a.RequestMappingHandlerMapping : Mapped to br.com.tastemanager.controller.MenuController#updateMenu(Long, MenuRequestDTO)
2025-07-30T21:26:10.224-03:00 DEBUG 26808 --- [tastemanager] [http-nio-8080-exec-10] m.m.a.RequestResponseBodyMethodProcessor : Read "application/json;charset=UTF-8" to [br.com.tastemanager.dto.request.MenuRequestDTO@77749db0]
2025-07-30T21:26:10.242-03:00 DEBUG 26808 --- [tastemanager] [http-nio-8080-exec-10] o.s.web.servlet.DispatcherServlet        : Failed to complete request: java.lang.NullPointerException: Cannot invoke "java.lang.Boolean.booleanValue()" because the return value of "br.com.tastemanager.dto.request.MenuItemRequestDTO.getAvailableOnlyAtRestaurant()" is null
2025-07-30T21:26:10.242-03:00 ERROR 26808 --- [tastemanager] [http-nio-8080-exec-10] o.a.c.c.C.[.[.[/].[dispatcherServlet]    : Servlet.service() for servlet [dispatcherServlet] in context with path [] threw exception [Request processing failed: java.lang.NullPointerException: Cannot invoke "java.lang.Boolean.booleanValue()" because the return value of "br.com.tastemanager.dto.request.MenuItemRequestDTO.getAvailableOnlyAtRestaurant()" is null] with root cause

java.lang.NullPointerException: Cannot invoke "java.lang.Boolean.booleanValue()" because the return value of "br.com.tastemanager.dto.request.MenuItemRequestDTO.getAvailableOnlyAtRestaurant()" is null
	at br.com.tastemanager.service.MenuService.lambda$updateMenu$4(MenuService.java:79) ~[classes/:na]
	at java.base/java.util.stream.ReferencePipeline$3$1.accept(ReferencePipeline.java:197) ~[na:na]
	at java.base/java.util.ArrayList$ArrayListSpliterator.forEachRemaining(ArrayList.java:1708) ~[na:na]
	at java.base/java.util.stream.AbstractPipeline.copyInto(AbstractPipeline.java:509) ~[na:na]
	at java.base/java.util.stream.AbstractPipeline.wrapAndCopyInto(AbstractPipeline.java:499) ~[na:na]
	at java.base/java.util.stream.ReduceOps$ReduceOp.evaluateSequential(ReduceOps.java:921) ~[na:na]
	at java.base/java.util.stream.AbstractPipeline.evaluate(AbstractPipeline.java:234) ~[na:na]
	at java.base/java.util.stream.ReferencePipeline.collect(ReferencePipeline.java:682) ~[na:na]
	at br.com.tastemanager.service.MenuService.updateMenu(MenuService.java:82) ~[classes/:na]
	at br.com.tastemanager.controller.MenuController.updateMenu(MenuController.java:37) ~[classes/:na]
	at java.base/jdk.internal.reflect.DirectMethodHandleAccessor.invoke(DirectMethodHandleAccessor.java:103) ~[na:na]
	at java.base/java.lang.reflect.Method.invoke(Method.java:580) ~[na:na]
	at org.springframework.web.method.support.InvocableHandlerMethod.doInvoke(InvocableHandlerMethod.java:255) ~[spring-web-6.1.6.jar:6.1.6]
	at org.springframework.web.method.support.InvocableHandlerMethod.invokeForRequest(InvocableHandlerMethod.java:188) ~[spring-web-6.1.6.jar:6.1.6]
	at org.springframework.web.servlet.mvc.method.annotation.ServletInvocableHandlerMethod.invokeAndHandle(ServletInvocableHandlerMethod.java:118) ~[spring-webmvc-6.1.6.jar:6.1.6]
	at org.springframework.web.servlet.mvc.method.annotation.RequestMappingHandlerAdapter.invokeHandlerMethod(RequestMappingHandlerAdapter.java:926) ~[spring-webmvc-6.1.6.jar:6.1.6]
	at org.springframework.web.servlet.mvc.method.annotation.RequestMappingHandlerAdapter.handleInternal(RequestMappingHandlerAdapter.java:831) ~[spring-webmvc-6.1.6.jar:6.1.6]
	at org.springframework.web.servlet.mvc.method.AbstractHandlerMethodAdapter.handle(AbstractHandlerMethodAdapter.java:87) ~[spring-webmvc-6.1.6.jar:6.1.6]
	at org.springframework.web.servlet.DispatcherServlet.doDispatch(DispatcherServlet.java:1089) ~[spring-webmvc-6.1.6.jar:6.1.6]
	at org.springframework.web.servlet.DispatcherServlet.doService(DispatcherServlet.java:979) ~[spring-webmvc-6.1.6.jar:6.1.6]
	at org.springframework.web.servlet.FrameworkServlet.processRequest(FrameworkServlet.java:1014) ~[spring-webmvc-6.1.6.jar:6.1.6]
	at org.springframework.web.servlet.FrameworkServlet.doPut(FrameworkServlet.java:925) ~[spring-webmvc-6.1.6.jar:6.1.6]
	at jakarta.servlet.http.HttpServlet.service(HttpServlet.java:593) ~[tomcat-embed-core-10.1.20.jar:6.0]
	at org.springframework.web.servlet.FrameworkServlet.service(FrameworkServlet.java:885) ~[spring-webmvc-6.1.6.jar:6.1.6]
	at jakarta.servlet.http.HttpServlet.service(HttpServlet.java:658) ~[tomcat-embed-core-10.1.20.jar:6.0]
	at org.apache.catalina.core.ApplicationFilterChain.internalDoFilter(ApplicationFilterChain.java:206) ~[tomcat-embed-core-10.1.20.jar:10.1.20]
	at org.apache.catalina.core.ApplicationFilterChain.doFilter(ApplicationFilterChain.java:150) ~[tomcat-embed-core-10.1.20.jar:10.1.20]
	at org.apache.tomcat.websocket.server.WsFilter.doFilter(WsFilter.java:51) ~[tomcat-embed-websocket-10.1.20.jar:10.1.20]
	at org.apache.catalina.core.ApplicationFilterChain.internalDoFilter(ApplicationFilterChain.java:175) ~[tomcat-embed-core-10.1.20.jar:10.1.20]
	at org.apache.catalina.core.ApplicationFilterChain.doFilter(ApplicationFilterChain.java:150) ~[tomcat-embed-core-10.1.20.jar:10.1.20]
	at org.springframework.web.filter.RequestContextFilter.doFilterInternal(RequestContextFilter.java:100) ~[spring-web-6.1.6.jar:6.1.6]
	at org.springframework.web.filter.OncePerRequestFilter.doFilter(OncePerRequestFilter.java:116) ~[spring-web-6.1.6.jar:6.1.6]
	at org.apache.catalina.core.ApplicationFilterChain.internalDoFilter(ApplicationFilterChain.java:175) ~[tomcat-embed-core-10.1.20.jar:10.1.20]
	at org.apache.catalina.core.ApplicationFilterChain.doFilter(ApplicationFilterChain.java:150) ~[tomcat-embed-core-10.1.20.jar:10.1.20]
	at org.springframework.web.filter.FormContentFilter.doFilterInternal(FormContentFilter.java:93) ~[spring-web-6.1.6.jar:6.1.6]
	at org.springframework.web.filter.OncePerRequestFilter.doFilter(OncePerRequestFilter.java:116) ~[spring-web-6.1.6.jar:6.1.6]
	at org.apache.catalina.core.ApplicationFilterChain.internalDoFilter(ApplicationFilterChain.java:175) ~[tomcat-embed-core-10.1.20.jar:10.1.20]
	at org.apache.catalina.core.ApplicationFilterChain.doFilter(ApplicationFilterChain.java:150) ~[tomcat-embed-core-10.1.20.jar:10.1.20]
	at org.springframework.web.filter.CharacterEncodingFilter.doFilterInternal(CharacterEncodingFilter.java:201) ~[spring-web-6.1.6.jar:6.1.6]
	at org.springframework.web.filter.OncePerRequestFilter.doFilter(OncePerRequestFilter.java:116) ~[spring-web-6.1.6.jar:6.1.6]
	at org.apache.catalina.core.ApplicationFilterChain.internalDoFilter(ApplicationFilterChain.java:175) ~[tomcat-embed-core-10.1.20.jar:10.1.20]
	at org.apache.catalina.core.ApplicationFilterChain.doFilter(ApplicationFilterChain.java:150) ~[tomcat-embed-core-10.1.20.jar:10.1.20]
	at org.apache.catalina.core.StandardWrapperValve.invoke(StandardWrapperValve.java:167) ~[tomcat-embed-core-10.1.20.jar:10.1.20]
	at org.apache.catalina.core.StandardContextValve.invoke(StandardContextValve.java:90) ~[tomcat-embed-core-10.1.20.jar:10.1.20]
	at org.apache.catalina.authenticator.AuthenticatorBase.invoke(AuthenticatorBase.java:482) ~[tomcat-embed-core-10.1.20.jar:10.1.20]
	at org.apache.catalina.core.StandardHostValve.invoke(StandardHostValve.java:115) ~[tomcat-embed-core-10.1.20.jar:10.1.20]
	at org.apache.catalina.valves.ErrorReportValve.invoke(ErrorReportValve.java:93) ~[tomcat-embed-core-10.1.20.jar:10.1.20]
	at org.apache.catalina.core.StandardEngineValve.invoke(StandardEngineValve.java:74) ~[tomcat-embed-core-10.1.20.jar:10.1.20]
	at org.apache.catalina.connector.CoyoteAdapter.service(CoyoteAdapter.java:344) ~[tomcat-embed-core-10.1.20.jar:10.1.20]
	at org.apache.coyote.http11.Http11Processor.service(Http11Processor.java:391) ~[tomcat-embed-core-10.1.20.jar:10.1.20]
	at org.apache.coyote.AbstractProcessorLight.process(AbstractProcessorLight.java:63) ~[tomcat-embed-core-10.1.20.jar:10.1.20]
	at org.apache.coyote.AbstractProtocol$ConnectionHandler.process(AbstractProtocol.java:896) ~[tomcat-embed-core-10.1.20.jar:10.1.20]
	at org.apache.tomcat.util.net.NioEndpoint$SocketProcessor.doRun(NioEndpoint.java:1736) ~[tomcat-embed-core-10.1.20.jar:10.1.20]
	at org.apache.tomcat.util.net.SocketProcessorBase.run(SocketProcessorBase.java:52) ~[tomcat-embed-core-10.1.20.jar:10.1.20]
	at org.apache.tomcat.util.threads.ThreadPoolExecutor.runWorker(ThreadPoolExecutor.java:1191) ~[tomcat-embed-core-10.1.20.jar:10.1.20]
	at org.apache.tomcat.util.threads.ThreadPoolExecutor$Worker.run(ThreadPoolExecutor.java:659) ~[tomcat-embed-core-10.1.20.jar:10.1.20]
	at org.apache.tomcat.util.threads.TaskThread$WrappingRunnable.run(TaskThread.java:63) ~[tomcat-embed-core-10.1.20.jar:10.1.20]
	at java.base/java.lang.Thread.run(Thread.java:1583) ~[na:na]

2025-07-30T21:26:10.275-03:00 DEBUG 26808 --- [tastemanager] [http-nio-8080-exec-10] o.s.web.servlet.DispatcherServlet        : "ERROR" dispatch for PUT "/error", parameters={}
2025-07-30T21:26:10.277-03:00 DEBUG 26808 --- [tastemanager] [http-nio-8080-exec-10] s.w.s.m.m.a.RequestMappingHandlerMapping : Mapped to org.springframework.boot.autoconfigure.web.servlet.error.BasicErrorController#error(HttpServletRequest)
2025-07-30T21:26:10.295-03:00 DEBUG 26808 --- [tastemanager] [http-nio-8080-exec-10] o.s.w.s.m.m.a.HttpEntityMethodProcessor  : Using 'application/json', given [*/*] and supported [application/json, application/*+json]
2025-07-30T21:26:10.296-03:00 DEBUG 26808 --- [tastemanager] [http-nio-8080-exec-10] o.s.w.s.m.m.a.HttpEntityMethodProcessor  : Writing [{timestamp=Wed Jul 30 21:26:10 BRT 2025, status=500, error=Internal Server Error, path=/menu/update/ (truncated)...]
2025-07-30T21:26:10.320-03:00 DEBUG 26808 --- [tastemanager] [http-nio-8080-exec-10] o.s.web.servlet.DispatcherServlet        : Exiting from "ERROR" dispatch, status 500
2025-07-30T21:26:39.336-03:00 DEBUG 26808 --- [tastemanager] [http-nio-8080-exec-4] o.s.web.servlet.DispatcherServlet        : PUT "/menu/update/2", parameters={}
2025-07-30T21:26:39.344-03:00 DEBUG 26808 --- [tastemanager] [http-nio-8080-exec-4] s.w.s.m.m.a.RequestMappingHandlerMapping : Mapped to br.com.tastemanager.controller.MenuController#updateMenu(Long, MenuRequestDTO)
2025-07-30T21:26:39.360-03:00 DEBUG 26808 --- [tastemanager] [http-nio-8080-exec-4] m.m.a.RequestResponseBodyMethodProcessor : Read "application/json;charset=UTF-8" to [br.com.tastemanager.dto.request.MenuRequestDTO@152df25e]
2025-07-30T21:26:39.476-03:00 DEBUG 26808 --- [tastemanager] [http-nio-8080-exec-4] o.s.web.servlet.DispatcherServlet        : Failed to complete request: org.springframework.orm.jpa.JpaSystemException: A collection with cascade="all-delete-orphan" was no longer referenced by the owning entity instance: br.com.tastemanager.entity.Menu.items
2025-07-30T21:26:39.484-03:00 ERROR 26808 --- [tastemanager] [http-nio-8080-exec-4] o.a.c.c.C.[.[.[/].[dispatcherServlet]    : Servlet.service() for servlet [dispatcherServlet] in context with path [] threw exception [Request processing failed: org.springframework.orm.jpa.JpaSystemException: A collection with cascade="all-delete-orphan" was no longer referenced by the owning entity instance: br.com.tastemanager.entity.Menu.items] with root cause

org.hibernate.HibernateException: A collection with cascade="all-delete-orphan" was no longer referenced by the owning entity instance: br.com.tastemanager.entity.Menu.items
	at org.hibernate.engine.internal.Collections.processDereferencedCollection(Collections.java:98) ~[hibernate-core-6.4.4.Final.jar:6.4.4.Final]
	at org.hibernate.engine.internal.Collections.processUnreachableCollection(Collections.java:49) ~[hibernate-core-6.4.4.Final.jar:6.4.4.Final]
	at org.hibernate.event.internal.AbstractFlushingEventListener.lambda$flushCollections$1(AbstractFlushingEventListener.java:270) ~[hibernate-core-6.4.4.Final.jar:6.4.4.Final]
	at org.hibernate.engine.internal.StatefulPersistenceContext.forEachCollectionEntry(StatefulPersistenceContext.java:1327) ~[hibernate-core-6.4.4.Final.jar:6.4.4.Final]
	at org.hibernate.event.internal.AbstractFlushingEventListener.flushCollections(AbstractFlushingEventListener.java:267) ~[hibernate-core-6.4.4.Final.jar:6.4.4.Final]
	at org.hibernate.event.internal.AbstractFlushingEventListener.flushEverythingToExecutions(AbstractFlushingEventListener.java:91) ~[hibernate-core-6.4.4.Final.jar:6.4.4.Final]
	at org.hibernate.event.internal.DefaultFlushEventListener.onFlush(DefaultFlushEventListener.java:40) ~[hibernate-core-6.4.4.Final.jar:6.4.4.Final]
	at org.hibernate.event.service.internal.EventListenerGroupImpl.fireEventOnEachListener(EventListenerGroupImpl.java:127) ~[hibernate-core-6.4.4.Final.jar:6.4.4.Final]
	at org.hibernate.internal.SessionImpl.doFlush(SessionImpl.java:1403) ~[hibernate-core-6.4.4.Final.jar:6.4.4.Final]
	at org.hibernate.internal.SessionImpl.managedFlush(SessionImpl.java:484) ~[hibernate-core-6.4.4.Final.jar:6.4.4.Final]
	at org.hibernate.internal.SessionImpl.flushBeforeTransactionCompletion(SessionImpl.java:2319) ~[hibernate-core-6.4.4.Final.jar:6.4.4.Final]
	at org.hibernate.internal.SessionImpl.beforeTransactionCompletion(SessionImpl.java:1976) ~[hibernate-core-6.4.4.Final.jar:6.4.4.Final]
	at org.hibernate.engine.jdbc.internal.JdbcCoordinatorImpl.beforeTransactionCompletion(JdbcCoordinatorImpl.java:439) ~[hibernate-core-6.4.4.Final.jar:6.4.4.Final]
	at org.hibernate.resource.transaction.backend.jdbc.internal.JdbcResourceLocalTransactionCoordinatorImpl.beforeCompletionCallback(JdbcResourceLocalTransactionCoordinatorImpl.java:169) ~[hibernate-core-6.4.4.Final.jar:6.4.4.Final]
	at org.hibernate.resource.transaction.backend.jdbc.internal.JdbcResourceLocalTransactionCoordinatorImpl$TransactionDriverControlImpl.commit(JdbcResourceLocalTransactionCoordinatorImpl.java:267) ~[hibernate-core-6.4.4.Final.jar:6.4.4.Final]
	at org.hibernate.engine.transaction.internal.TransactionImpl.commit(TransactionImpl.java:101) ~[hibernate-core-6.4.4.Final.jar:6.4.4.Final]
	at org.springframework.orm.jpa.JpaTransactionManager.doCommit(JpaTransactionManager.java:562) ~[spring-orm-6.1.6.jar:6.1.6]
	at org.springframework.transaction.support.AbstractPlatformTransactionManager.processCommit(AbstractPlatformTransactionManager.java:794) ~[spring-tx-6.1.6.jar:6.1.6]
	at org.springframework.transaction.support.AbstractPlatformTransactionManager.commit(AbstractPlatformTransactionManager.java:757) ~[spring-tx-6.1.6.jar:6.1.6]
	at org.springframework.transaction.interceptor.TransactionAspectSupport.commitTransactionAfterReturning(TransactionAspectSupport.java:676) ~[spring-tx-6.1.6.jar:6.1.6]
	at org.springframework.transaction.interceptor.TransactionAspectSupport.invokeWithinTransaction(TransactionAspectSupport.java:426) ~[spring-tx-6.1.6.jar:6.1.6]
	at org.springframework.transaction.interceptor.TransactionInterceptor.invoke(TransactionInterceptor.java:119) ~[spring-tx-6.1.6.jar:6.1.6]
	at org.springframework.aop.framework.ReflectiveMethodInvocation.proceed(ReflectiveMethodInvocation.java:184) ~[spring-aop-6.1.6.jar:6.1.6]
	at org.springframework.dao.support.PersistenceExceptionTranslationInterceptor.invoke(PersistenceExceptionTranslationInterceptor.java:137) ~[spring-tx-6.1.6.jar:6.1.6]
	at org.springframework.aop.framework.ReflectiveMethodInvocation.proceed(ReflectiveMethodInvocation.java:184) ~[spring-aop-6.1.6.jar:6.1.6]
	at org.springframework.data.jpa.repository.support.CrudMethodMetadataPostProcessor$CrudMethodMetadataPopulatingMethodInterceptor.invoke(CrudMethodMetadataPostProcessor.java:164) ~[spring-data-jpa-3.2.5.jar:3.2.5]
	at org.springframework.aop.framework.ReflectiveMethodInvocation.proceed(ReflectiveMethodInvocation.java:184) ~[spring-aop-6.1.6.jar:6.1.6]
	at org.springframework.aop.interceptor.ExposeInvocationInterceptor.invoke(ExposeInvocationInterceptor.java:97) ~[spring-aop-6.1.6.jar:6.1.6]
	at org.springframework.aop.framework.ReflectiveMethodInvocation.proceed(ReflectiveMethodInvocation.java:184) ~[spring-aop-6.1.6.jar:6.1.6]
	at org.springframework.aop.framework.JdkDynamicAopProxy.invoke(JdkDynamicAopProxy.java:223) ~[spring-aop-6.1.6.jar:6.1.6]
	at jdk.proxy2/jdk.proxy2.$Proxy129.save(Unknown Source) ~[na:na]
	at br.com.tastemanager.service.MenuService.updateMenu(MenuService.java:84) ~[classes/:na]
	at br.com.tastemanager.controller.MenuController.updateMenu(MenuController.java:37) ~[classes/:na]
	at java.base/jdk.internal.reflect.DirectMethodHandleAccessor.invoke(DirectMethodHandleAccessor.java:103) ~[na:na]
	at java.base/java.lang.reflect.Method.invoke(Method.java:580) ~[na:na]
	at org.springframework.web.method.support.InvocableHandlerMethod.doInvoke(InvocableHandlerMethod.java:255) ~[spring-web-6.1.6.jar:6.1.6]
	at org.springframework.web.method.support.InvocableHandlerMethod.invokeForRequest(InvocableHandlerMethod.java:188) ~[spring-web-6.1.6.jar:6.1.6]
	at org.springframework.web.servlet.mvc.method.annotation.ServletInvocableHandlerMethod.invokeAndHandle(ServletInvocableHandlerMethod.java:118) ~[spring-webmvc-6.1.6.jar:6.1.6]
	at org.springframework.web.servlet.mvc.method.annotation.RequestMappingHandlerAdapter.invokeHandlerMethod(RequestMappingHandlerAdapter.java:926) ~[spring-webmvc-6.1.6.jar:6.1.6]
	at org.springframework.web.servlet.mvc.method.annotation.RequestMappingHandlerAdapter.handleInternal(RequestMappingHandlerAdapter.java:831) ~[spring-webmvc-6.1.6.jar:6.1.6]
	at org.springframework.web.servlet.mvc.method.AbstractHandlerMethodAdapter.handle(AbstractHandlerMethodAdapter.java:87) ~[spring-webmvc-6.1.6.jar:6.1.6]
	at org.springframework.web.servlet.DispatcherServlet.doDispatch(DispatcherServlet.java:1089) ~[spring-webmvc-6.1.6.jar:6.1.6]
	at org.springframework.web.servlet.DispatcherServlet.doService(DispatcherServlet.java:979) ~[spring-webmvc-6.1.6.jar:6.1.6]
	at org.springframework.web.servlet.FrameworkServlet.processRequest(FrameworkServlet.java:1014) ~[spring-webmvc-6.1.6.jar:6.1.6]
	at org.springframework.web.servlet.FrameworkServlet.doPut(FrameworkServlet.java:925) ~[spring-webmvc-6.1.6.jar:6.1.6]
	at jakarta.servlet.http.HttpServlet.service(HttpServlet.java:593) ~[tomcat-embed-core-10.1.20.jar:6.0]
	at org.springframework.web.servlet.FrameworkServlet.service(FrameworkServlet.java:885) ~[spring-webmvc-6.1.6.jar:6.1.6]
	at jakarta.servlet.http.HttpServlet.service(HttpServlet.java:658) ~[tomcat-embed-core-10.1.20.jar:6.0]
	at org.apache.catalina.core.ApplicationFilterChain.internalDoFilter(ApplicationFilterChain.java:206) ~[tomcat-embed-core-10.1.20.jar:10.1.20]
	at org.apache.catalina.core.ApplicationFilterChain.doFilter(ApplicationFilterChain.java:150) ~[tomcat-embed-core-10.1.20.jar:10.1.20]
	at org.apache.tomcat.websocket.server.WsFilter.doFilter(WsFilter.java:51) ~[tomcat-embed-websocket-10.1.20.jar:10.1.20]
	at org.apache.catalina.core.ApplicationFilterChain.internalDoFilter(ApplicationFilterChain.java:175) ~[tomcat-embed-core-10.1.20.jar:10.1.20]
	at org.apache.catalina.core.ApplicationFilterChain.doFilter(ApplicationFilterChain.java:150) ~[tomcat-embed-core-10.1.20.jar:10.1.20]
	at org.springframework.web.filter.RequestContextFilter.doFilterInternal(RequestContextFilter.java:100) ~[spring-web-6.1.6.jar:6.1.6]
	at org.springframework.web.filter.OncePerRequestFilter.doFilter(OncePerRequestFilter.java:116) ~[spring-web-6.1.6.jar:6.1.6]
	at org.apache.catalina.core.ApplicationFilterChain.internalDoFilter(ApplicationFilterChain.java:175) ~[tomcat-embed-core-10.1.20.jar:10.1.20]
	at org.apache.catalina.core.ApplicationFilterChain.doFilter(ApplicationFilterChain.java:150) ~[tomcat-embed-core-10.1.20.jar:10.1.20]
	at org.springframework.web.filter.FormContentFilter.doFilterInternal(FormContentFilter.java:93) ~[spring-web-6.1.6.jar:6.1.6]
	at org.springframework.web.filter.OncePerRequestFilter.doFilter(OncePerRequestFilter.java:116) ~[spring-web-6.1.6.jar:6.1.6]
	at org.apache.catalina.core.ApplicationFilterChain.internalDoFilter(ApplicationFilterChain.java:175) ~[tomcat-embed-core-10.1.20.jar:10.1.20]
	at org.apache.catalina.core.ApplicationFilterChain.doFilter(ApplicationFilterChain.java:150) ~[tomcat-embed-core-10.1.20.jar:10.1.20]
	at org.springframework.web.filter.CharacterEncodingFilter.doFilterInternal(CharacterEncodingFilter.java:201) ~[spring-web-6.1.6.jar:6.1.6]
	at org.springframework.web.filter.OncePerRequestFilter.doFilter(OncePerRequestFilter.java:116) ~[spring-web-6.1.6.jar:6.1.6]
	at org.apache.catalina.core.ApplicationFilterChain.internalDoFilter(ApplicationFilterChain.java:175) ~[tomcat-embed-core-10.1.20.jar:10.1.20]
	at org.apache.catalina.core.ApplicationFilterChain.doFilter(ApplicationFilterChain.java:150) ~[tomcat-embed-core-10.1.20.jar:10.1.20]
	at org.apache.catalina.core.StandardWrapperValve.invoke(StandardWrapperValve.java:167) ~[tomcat-embed-core-10.1.20.jar:10.1.20]
	at org.apache.catalina.core.StandardContextValve.invoke(StandardContextValve.java:90) ~[tomcat-embed-core-10.1.20.jar:10.1.20]
	at org.apache.catalina.authenticator.AuthenticatorBase.invoke(AuthenticatorBase.java:482) ~[tomcat-embed-core-10.1.20.jar:10.1.20]
	at org.apache.catalina.core.StandardHostValve.invoke(StandardHostValve.java:115) ~[tomcat-embed-core-10.1.20.jar:10.1.20]
	at org.apache.catalina.valves.ErrorReportValve.invoke(ErrorReportValve.java:93) ~[tomcat-embed-core-10.1.20.jar:10.1.20]
	at org.apache.catalina.core.StandardEngineValve.invoke(StandardEngineValve.java:74) ~[tomcat-embed-core-10.1.20.jar:10.1.20]
	at org.apache.catalina.connector.CoyoteAdapter.service(CoyoteAdapter.java:344) ~[tomcat-embed-core-10.1.20.jar:10.1.20]
	at org.apache.coyote.http11.Http11Processor.service(Http11Processor.java:391) ~[tomcat-embed-core-10.1.20.jar:10.1.20]
	at org.apache.coyote.AbstractProcessorLight.process(AbstractProcessorLight.java:63) ~[tomcat-embed-core-10.1.20.jar:10.1.20]
	at org.apache.coyote.AbstractProtocol$ConnectionHandler.process(AbstractProtocol.java:896) ~[tomcat-embed-core-10.1.20.jar:10.1.20]
	at org.apache.tomcat.util.net.NioEndpoint$SocketProcessor.doRun(NioEndpoint.java:1736) ~[tomcat-embed-core-10.1.20.jar:10.1.20]
	at org.apache.tomcat.util.net.SocketProcessorBase.run(SocketProcessorBase.java:52) ~[tomcat-embed-core-10.1.20.jar:10.1.20]
	at org.apache.tomcat.util.threads.ThreadPoolExecutor.runWorker(ThreadPoolExecutor.java:1191) ~[tomcat-embed-core-10.1.20.jar:10.1.20]
	at org.apache.tomcat.util.threads.ThreadPoolExecutor$Worker.run(ThreadPoolExecutor.java:659) ~[tomcat-embed-core-10.1.20.jar:10.1.20]
	at org.apache.tomcat.util.threads.TaskThread$WrappingRunnable.run(TaskThread.java:63) ~[tomcat-embed-core-10.1.20.jar:10.1.20]
	at java.base/java.lang.Thread.run(Thread.java:1583) ~[na:na]

2025-07-30T21:26:39.508-03:00 DEBUG 26808 --- [tastemanager] [http-nio-8080-exec-4] o.s.web.servlet.DispatcherServlet        : "ERROR" dispatch for PUT "/error", parameters={}
2025-07-30T21:26:39.508-03:00 DEBUG 26808 --- [tastemanager] [http-nio-8080-exec-4] s.w.s.m.m.a.RequestMappingHandlerMapping : Mapped to org.springframework.boot.autoconfigure.web.servlet.error.BasicErrorController#error(HttpServletRequest)
2025-07-30T21:26:39.508-03:00 DEBUG 26808 --- [tastemanager] [http-nio-8080-exec-4] o.s.w.s.m.m.a.HttpEntityMethodProcessor  : Using 'application/json', given [*/*] and supported [application/json, application/*+json]
2025-07-30T21:26:39.508-03:00 DEBUG 26808 --- [tastemanager] [http-nio-8080-exec-4] o.s.w.s.m.m.a.HttpEntityMethodProcessor  : Writing [{timestamp=Wed Jul 30 21:26:39 BRT 2025, status=500, error=Internal Server Error, path=/menu/update/ (truncated)...]
2025-07-30T21:26:39.520-03:00 DEBUG 26808 --- [tastemanager] [http-nio-8080-exec-4] o.s.web.servlet.DispatcherServlet        : Exiting from "ERROR" dispatch, status 500
2025-07-30T21:26:58.431-03:00 DEBUG 26808 --- [tastemanager] [http-nio-8080-exec-2] o.s.web.servlet.DispatcherServlet        : PUT "/menu/update/2", parameters={}
2025-07-30T21:26:58.433-03:00 DEBUG 26808 --- [tastemanager] [http-nio-8080-exec-2] s.w.s.m.m.a.RequestMappingHandlerMapping : Mapped to br.com.tastemanager.controller.MenuController#updateMenu(Long, MenuRequestDTO)
2025-07-30T21:26:58.435-03:00 DEBUG 26808 --- [tastemanager] [http-nio-8080-exec-2] m.m.a.RequestResponseBodyMethodProcessor : Read "application/json;charset=UTF-8" to [br.com.tastemanager.dto.request.MenuRequestDTO@3253b374]
2025-07-30T21:26:58.443-03:00 DEBUG 26808 --- [tastemanager] [http-nio-8080-exec-2] o.s.web.servlet.DispatcherServlet        : Failed to complete request: org.springframework.orm.jpa.JpaSystemException: A collection with cascade="all-delete-orphan" was no longer referenced by the owning entity instance: br.com.tastemanager.entity.Menu.items
2025-07-30T21:26:58.444-03:00 ERROR 26808 --- [tastemanager] [http-nio-8080-exec-2] o.a.c.c.C.[.[.[/].[dispatcherServlet]    : Servlet.service() for servlet [dispatcherServlet] in context with path [] threw exception [Request processing failed: org.springframework.orm.jpa.JpaSystemException: A collection with cascade="all-delete-orphan" was no longer referenced by the owning entity instance: br.com.tastemanager.entity.Menu.items] with root cause

org.hibernate.HibernateException: A collection with cascade="all-delete-orphan" was no longer referenced by the owning entity instance: br.com.tastemanager.entity.Menu.items
	at org.hibernate.engine.internal.Collections.processDereferencedCollection(Collections.java:98) ~[hibernate-core-6.4.4.Final.jar:6.4.4.Final]
	at org.hibernate.engine.internal.Collections.processUnreachableCollection(Collections.java:49) ~[hibernate-core-6.4.4.Final.jar:6.4.4.Final]
	at org.hibernate.event.internal.AbstractFlushingEventListener.lambda$flushCollections$1(AbstractFlushingEventListener.java:270) ~[hibernate-core-6.4.4.Final.jar:6.4.4.Final]
	at org.hibernate.engine.internal.StatefulPersistenceContext.forEachCollectionEntry(StatefulPersistenceContext.java:1327) ~[hibernate-core-6.4.4.Final.jar:6.4.4.Final]
	at org.hibernate.event.internal.AbstractFlushingEventListener.flushCollections(AbstractFlushingEventListener.java:267) ~[hibernate-core-6.4.4.Final.jar:6.4.4.Final]
	at org.hibernate.event.internal.AbstractFlushingEventListener.flushEverythingToExecutions(AbstractFlushingEventListener.java:91) ~[hibernate-core-6.4.4.Final.jar:6.4.4.Final]
	at org.hibernate.event.internal.DefaultFlushEventListener.onFlush(DefaultFlushEventListener.java:40) ~[hibernate-core-6.4.4.Final.jar:6.4.4.Final]
	at org.hibernate.event.service.internal.EventListenerGroupImpl.fireEventOnEachListener(EventListenerGroupImpl.java:127) ~[hibernate-core-6.4.4.Final.jar:6.4.4.Final]
	at org.hibernate.internal.SessionImpl.doFlush(SessionImpl.java:1403) ~[hibernate-core-6.4.4.Final.jar:6.4.4.Final]
	at org.hibernate.internal.SessionImpl.managedFlush(SessionImpl.java:484) ~[hibernate-core-6.4.4.Final.jar:6.4.4.Final]
	at org.hibernate.internal.SessionImpl.flushBeforeTransactionCompletion(SessionImpl.java:2319) ~[hibernate-core-6.4.4.Final.jar:6.4.4.Final]
	at org.hibernate.internal.SessionImpl.beforeTransactionCompletion(SessionImpl.java:1976) ~[hibernate-core-6.4.4.Final.jar:6.4.4.Final]
	at org.hibernate.engine.jdbc.internal.JdbcCoordinatorImpl.beforeTransactionCompletion(JdbcCoordinatorImpl.java:439) ~[hibernate-core-6.4.4.Final.jar:6.4.4.Final]
	at org.hibernate.resource.transaction.backend.jdbc.internal.JdbcResourceLocalTransactionCoordinatorImpl.beforeCompletionCallback(JdbcResourceLocalTransactionCoordinatorImpl.java:169) ~[hibernate-core-6.4.4.Final.jar:6.4.4.Final]
	at org.hibernate.resource.transaction.backend.jdbc.internal.JdbcResourceLocalTransactionCoordinatorImpl$TransactionDriverControlImpl.commit(JdbcResourceLocalTransactionCoordinatorImpl.java:267) ~[hibernate-core-6.4.4.Final.jar:6.4.4.Final]
	at org.hibernate.engine.transaction.internal.TransactionImpl.commit(TransactionImpl.java:101) ~[hibernate-core-6.4.4.Final.jar:6.4.4.Final]
	at org.springframework.orm.jpa.JpaTransactionManager.doCommit(JpaTransactionManager.java:562) ~[spring-orm-6.1.6.jar:6.1.6]
	at org.springframework.transaction.support.AbstractPlatformTransactionManager.processCommit(AbstractPlatformTransactionManager.java:794) ~[spring-tx-6.1.6.jar:6.1.6]
	at org.springframework.transaction.support.AbstractPlatformTransactionManager.commit(AbstractPlatformTransactionManager.java:757) ~[spring-tx-6.1.6.jar:6.1.6]
	at org.springframework.transaction.interceptor.TransactionAspectSupport.commitTransactionAfterReturning(TransactionAspectSupport.java:676) ~[spring-tx-6.1.6.jar:6.1.6]
	at org.springframework.transaction.interceptor.TransactionAspectSupport.invokeWithinTransaction(TransactionAspectSupport.java:426) ~[spring-tx-6.1.6.jar:6.1.6]
	at org.springframework.transaction.interceptor.TransactionInterceptor.invoke(TransactionInterceptor.java:119) ~[spring-tx-6.1.6.jar:6.1.6]
	at org.springframework.aop.framework.ReflectiveMethodInvocation.proceed(ReflectiveMethodInvocation.java:184) ~[spring-aop-6.1.6.jar:6.1.6]
	at org.springframework.dao.support.PersistenceExceptionTranslationInterceptor.invoke(PersistenceExceptionTranslationInterceptor.java:137) ~[spring-tx-6.1.6.jar:6.1.6]
	at org.springframework.aop.framework.ReflectiveMethodInvocation.proceed(ReflectiveMethodInvocation.java:184) ~[spring-aop-6.1.6.jar:6.1.6]
	at org.springframework.data.jpa.repository.support.CrudMethodMetadataPostProcessor$CrudMethodMetadataPopulatingMethodInterceptor.invoke(CrudMethodMetadataPostProcessor.java:164) ~[spring-data-jpa-3.2.5.jar:3.2.5]
	at org.springframework.aop.framework.ReflectiveMethodInvocation.proceed(ReflectiveMethodInvocation.java:184) ~[spring-aop-6.1.6.jar:6.1.6]
	at org.springframework.aop.interceptor.ExposeInvocationInterceptor.invoke(ExposeInvocationInterceptor.java:97) ~[spring-aop-6.1.6.jar:6.1.6]
	at org.springframework.aop.framework.ReflectiveMethodInvocation.proceed(ReflectiveMethodInvocation.java:184) ~[spring-aop-6.1.6.jar:6.1.6]
	at org.springframework.aop.framework.JdkDynamicAopProxy.invoke(JdkDynamicAopProxy.java:223) ~[spring-aop-6.1.6.jar:6.1.6]
	at jdk.proxy2/jdk.proxy2.$Proxy129.save(Unknown Source) ~[na:na]
	at br.com.tastemanager.service.MenuService.updateMenu(MenuService.java:84) ~[classes/:na]
	at br.com.tastemanager.controller.MenuController.updateMenu(MenuController.java:37) ~[classes/:na]
	at java.base/jdk.internal.reflect.DirectMethodHandleAccessor.invoke(DirectMethodHandleAccessor.java:103) ~[na:na]
	at java.base/java.lang.reflect.Method.invoke(Method.java:580) ~[na:na]
	at org.springframework.web.method.support.InvocableHandlerMethod.doInvoke(InvocableHandlerMethod.java:255) ~[spring-web-6.1.6.jar:6.1.6]
	at org.springframework.web.method.support.InvocableHandlerMethod.invokeForRequest(InvocableHandlerMethod.java:188) ~[spring-web-6.1.6.jar:6.1.6]
	at org.springframework.web.servlet.mvc.method.annotation.ServletInvocableHandlerMethod.invokeAndHandle(ServletInvocableHandlerMethod.java:118) ~[spring-webmvc-6.1.6.jar:6.1.6]
	at org.springframework.web.servlet.mvc.method.annotation.RequestMappingHandlerAdapter.invokeHandlerMethod(RequestMappingHandlerAdapter.java:926) ~[spring-webmvc-6.1.6.jar:6.1.6]
	at org.springframework.web.servlet.mvc.method.annotation.RequestMappingHandlerAdapter.handleInternal(RequestMappingHandlerAdapter.java:831) ~[spring-webmvc-6.1.6.jar:6.1.6]
	at org.springframework.web.servlet.mvc.method.AbstractHandlerMethodAdapter.handle(AbstractHandlerMethodAdapter.java:87) ~[spring-webmvc-6.1.6.jar:6.1.6]
	at org.springframework.web.servlet.DispatcherServlet.doDispatch(DispatcherServlet.java:1089) ~[spring-webmvc-6.1.6.jar:6.1.6]
	at org.springframework.web.servlet.DispatcherServlet.doService(DispatcherServlet.java:979) ~[spring-webmvc-6.1.6.jar:6.1.6]
	at org.springframework.web.servlet.FrameworkServlet.processRequest(FrameworkServlet.java:1014) ~[spring-webmvc-6.1.6.jar:6.1.6]
	at org.springframework.web.servlet.FrameworkServlet.doPut(FrameworkServlet.java:925) ~[spring-webmvc-6.1.6.jar:6.1.6]
	at jakarta.servlet.http.HttpServlet.service(HttpServlet.java:593) ~[tomcat-embed-core-10.1.20.jar:6.0]
	at org.springframework.web.servlet.FrameworkServlet.service(FrameworkServlet.java:885) ~[spring-webmvc-6.1.6.jar:6.1.6]
	at jakarta.servlet.http.HttpServlet.service(HttpServlet.java:658) ~[tomcat-embed-core-10.1.20.jar:6.0]
	at org.apache.catalina.core.ApplicationFilterChain.internalDoFilter(ApplicationFilterChain.java:206) ~[tomcat-embed-core-10.1.20.jar:10.1.20]
	at org.apache.catalina.core.ApplicationFilterChain.doFilter(ApplicationFilterChain.java:150) ~[tomcat-embed-core-10.1.20.jar:10.1.20]
	at org.apache.tomcat.websocket.server.WsFilter.doFilter(WsFilter.java:51) ~[tomcat-embed-websocket-10.1.20.jar:10.1.20]
	at org.apache.catalina.core.ApplicationFilterChain.internalDoFilter(ApplicationFilterChain.java:175) ~[tomcat-embed-core-10.1.20.jar:10.1.20]
	at org.apache.catalina.core.ApplicationFilterChain.doFilter(ApplicationFilterChain.java:150) ~[tomcat-embed-core-10.1.20.jar:10.1.20]
	at org.springframework.web.filter.RequestContextFilter.doFilterInternal(RequestContextFilter.java:100) ~[spring-web-6.1.6.jar:6.1.6]
	at org.springframework.web.filter.OncePerRequestFilter.doFilter(OncePerRequestFilter.java:116) ~[spring-web-6.1.6.jar:6.1.6]
	at org.apache.catalina.core.ApplicationFilterChain.internalDoFilter(ApplicationFilterChain.java:175) ~[tomcat-embed-core-10.1.20.jar:10.1.20]
	at org.apache.catalina.core.ApplicationFilterChain.doFilter(ApplicationFilterChain.java:150) ~[tomcat-embed-core-10.1.20.jar:10.1.20]
	at org.springframework.web.filter.FormContentFilter.doFilterInternal(FormContentFilter.java:93) ~[spring-web-6.1.6.jar:6.1.6]
	at org.springframework.web.filter.OncePerRequestFilter.doFilter(OncePerRequestFilter.java:116) ~[spring-web-6.1.6.jar:6.1.6]
	at org.apache.catalina.core.ApplicationFilterChain.internalDoFilter(ApplicationFilterChain.java:175) ~[tomcat-embed-core-10.1.20.jar:10.1.20]
	at org.apache.catalina.core.ApplicationFilterChain.doFilter(ApplicationFilterChain.java:150) ~[tomcat-embed-core-10.1.20.jar:10.1.20]
	at org.springframework.web.filter.CharacterEncodingFilter.doFilterInternal(CharacterEncodingFilter.java:201) ~[spring-web-6.1.6.jar:6.1.6]
	at org.springframework.web.filter.OncePerRequestFilter.doFilter(OncePerRequestFilter.java:116) ~[spring-web-6.1.6.jar:6.1.6]
	at org.apache.catalina.core.ApplicationFilterChain.internalDoFilter(ApplicationFilterChain.java:175) ~[tomcat-embed-core-10.1.20.jar:10.1.20]
	at org.apache.catalina.core.ApplicationFilterChain.doFilter(ApplicationFilterChain.java:150) ~[tomcat-embed-core-10.1.20.jar:10.1.20]
	at org.apache.catalina.core.StandardWrapperValve.invoke(StandardWrapperValve.java:167) ~[tomcat-embed-core-10.1.20.jar:10.1.20]
	at org.apache.catalina.core.StandardContextValve.invoke(StandardContextValve.java:90) ~[tomcat-embed-core-10.1.20.jar:10.1.20]
	at org.apache.catalina.authenticator.AuthenticatorBase.invoke(AuthenticatorBase.java:482) ~[tomcat-embed-core-10.1.20.jar:10.1.20]
	at org.apache.catalina.core.StandardHostValve.invoke(StandardHostValve.java:115) ~[tomcat-embed-core-10.1.20.jar:10.1.20]
	at org.apache.catalina.valves.ErrorReportValve.invoke(ErrorReportValve.java:93) ~[tomcat-embed-core-10.1.20.jar:10.1.20]
	at org.apache.catalina.core.StandardEngineValve.invoke(StandardEngineValve.java:74) ~[tomcat-embed-core-10.1.20.jar:10.1.20]
	at org.apache.catalina.connector.CoyoteAdapter.service(CoyoteAdapter.java:344) ~[tomcat-embed-core-10.1.20.jar:10.1.20]
	at org.apache.coyote.http11.Http11Processor.service(Http11Processor.java:391) ~[tomcat-embed-core-10.1.20.jar:10.1.20]
	at org.apache.coyote.AbstractProcessorLight.process(AbstractProcessorLight.java:63) ~[tomcat-embed-core-10.1.20.jar:10.1.20]
	at org.apache.coyote.AbstractProtocol$ConnectionHandler.process(AbstractProtocol.java:896) ~[tomcat-embed-core-10.1.20.jar:10.1.20]
	at org.apache.tomcat.util.net.NioEndpoint$SocketProcessor.doRun(NioEndpoint.java:1736) ~[tomcat-embed-core-10.1.20.jar:10.1.20]
	at org.apache.tomcat.util.net.SocketProcessorBase.run(SocketProcessorBase.java:52) ~[tomcat-embed-core-10.1.20.jar:10.1.20]
	at org.apache.tomcat.util.threads.ThreadPoolExecutor.runWorker(ThreadPoolExecutor.java:1191) ~[tomcat-embed-core-10.1.20.jar:10.1.20]
	at org.apache.tomcat.util.threads.ThreadPoolExecutor$Worker.run(ThreadPoolExecutor.java:659) ~[tomcat-embed-core-10.1.20.jar:10.1.20]
	at org.apache.tomcat.util.threads.TaskThread$WrappingRunnable.run(TaskThread.java:63) ~[tomcat-embed-core-10.1.20.jar:10.1.20]
	at java.base/java.lang.Thread.run(Thread.java:1583) ~[na:na]

2025-07-30T21:26:58.447-03:00 DEBUG 26808 --- [tastemanager] [http-nio-8080-exec-2] o.s.web.servlet.DispatcherServlet        : "ERROR" dispatch for PUT "/error", parameters={}
2025-07-30T21:26:58.447-03:00 DEBUG 26808 --- [tastemanager] [http-nio-8080-exec-2] s.w.s.m.m.a.RequestMappingHandlerMapping : Mapped to org.springframework.boot.autoconfigure.web.servlet.error.BasicErrorController#error(HttpServletRequest)
2025-07-30T21:26:58.448-03:00 DEBUG 26808 --- [tastemanager] [http-nio-8080-exec-2] o.s.w.s.m.m.a.HttpEntityMethodProcessor  : Using 'application/json', given [*/*] and supported [application/json, application/*+json]
2025-07-30T21:26:58.448-03:00 DEBUG 26808 --- [tastemanager] [http-nio-8080-exec-2] o.s.w.s.m.m.a.HttpEntityMethodProcessor  : Writing [{timestamp=Wed Jul 30 21:26:58 BRT 2025, status=500, error=Internal Server Error, path=/menu/update/ (truncated)...]
2025-07-30T21:26:58.449-03:00 DEBUG 26808 --- [tastemanager] [http-nio-8080-exec-2] o.s.web.servlet.DispatcherServlet        : Exiting from "ERROR" dispatch, status 500
2025-07-30T21:35:27.166-03:00  INFO 26808 --- [tastemanager] [SpringApplicationShutdownHook] j.LocalContainerEntityManagerFactoryBean : Closing JPA EntityManagerFactory for persistence unit 'default'
2025-07-30T21:35:27.171-03:00  INFO 26808 --- [tastemanager] [SpringApplicationShutdownHook] com.zaxxer.hikari.HikariDataSource       : HikariPool-1 - Shutdown initiated...
2025-07-30T21:35:27.185-03:00  INFO 26808 --- [tastemanager] [SpringApplicationShutdownHook] com.zaxxer.hikari.HikariDataSource       : HikariPool-1 - Shutdown completed.
2025-07-30T21:35:33.237-03:00  INFO 18424 --- [tastemanager] [main] b.c.t.TasteManagerApplication            : Starting TasteManagerApplication using Java 21.0.7 with PID 18424 (C:\Users\silva\Projects\FIAP\tastemanager\target\classes started by silva in C:\Users\silva\Projects\FIAP\tastemanager)
2025-07-30T21:35:33.243-03:00  INFO 18424 --- [tastemanager] [main] b.c.t.TasteManagerApplication            : No active profile set, falling back to 1 default profile: "default"
2025-07-30T21:35:34.825-03:00  INFO 18424 --- [tastemanager] [main] .s.d.r.c.RepositoryConfigurationDelegate : Bootstrapping Spring Data JPA repositories in DEFAULT mode.
2025-07-30T21:35:34.969-03:00  INFO 18424 --- [tastemanager] [main] .s.d.r.c.RepositoryConfigurationDelegate : Finished Spring Data repository scanning in 127 ms. Found 4 JPA repository interfaces.
2025-07-30T21:35:36.121-03:00  INFO 18424 --- [tastemanager] [main] o.s.b.w.embedded.tomcat.TomcatWebServer  : Tomcat initialized with port 8080 (http)
2025-07-30T21:35:36.148-03:00  INFO 18424 --- [tastemanager] [main] o.apache.catalina.core.StandardService   : Starting service [Tomcat]
2025-07-30T21:35:36.149-03:00  INFO 18424 --- [tastemanager] [main] o.apache.catalina.core.StandardEngine    : Starting Servlet engine: [Apache Tomcat/10.1.20]
2025-07-30T21:35:36.276-03:00  INFO 18424 --- [tastemanager] [main] o.a.c.c.C.[Tomcat].[localhost].[/]       : Initializing Spring embedded WebApplicationContext
2025-07-30T21:35:36.277-03:00  INFO 18424 --- [tastemanager] [main] w.s.c.ServletWebServerApplicationContext : Root WebApplicationContext: initialization completed in 2935 ms
2025-07-30T21:35:36.333-03:00  INFO 18424 --- [tastemanager] [main] com.zaxxer.hikari.HikariDataSource       : HikariPool-1 - Starting...
2025-07-30T21:35:36.631-03:00  INFO 18424 --- [tastemanager] [main] com.zaxxer.hikari.pool.HikariPool        : HikariPool-1 - Added connection conn0: url=jdbc:h2:mem:tastmanagerdb user=SA
2025-07-30T21:35:36.634-03:00  INFO 18424 --- [tastemanager] [main] com.zaxxer.hikari.HikariDataSource       : HikariPool-1 - Start completed.
2025-07-30T21:35:36.648-03:00  INFO 18424 --- [tastemanager] [main] o.s.b.a.h2.H2ConsoleAutoConfiguration    : H2 console available at '/h2-console'. Database available at 'jdbc:h2:mem:tastmanagerdb'
2025-07-30T21:35:36.916-03:00  INFO 18424 --- [tastemanager] [main] o.hibernate.jpa.internal.util.LogHelper  : HHH000204: Processing PersistenceUnitInfo [name: default]
2025-07-30T21:35:37.044-03:00  INFO 18424 --- [tastemanager] [main] org.hibernate.Version                    : HHH000412: Hibernate ORM core version 6.4.4.Final
2025-07-30T21:35:37.127-03:00  INFO 18424 --- [tastemanager] [main] o.h.c.internal.RegionFactoryInitiator    : HHH000026: Second-level cache disabled
2025-07-30T21:35:37.598-03:00  INFO 18424 --- [tastemanager] [main] o.s.o.j.p.SpringPersistenceUnitInfo      : No LoadTimeWeaver setup: ignoring JPA class transformer
2025-07-30T21:35:37.695-03:00  WARN 18424 --- [tastemanager] [main] org.hibernate.orm.deprecation            : HHH90000025: H2Dialect does not need to be specified explicitly using 'hibernate.dialect' (remove the property setting and it will be selected by default)
2025-07-30T21:35:39.503-03:00  INFO 18424 --- [tastemanager] [main] o.h.e.t.j.p.i.JtaPlatformInitiator       : HHH000489: No JTA platform available (set 'hibernate.transaction.jta.platform' to enable JTA platform integration)
2025-07-30T21:35:39.620-03:00  INFO 18424 --- [tastemanager] [main] j.LocalContainerEntityManagerFactoryBean : Initialized JPA EntityManagerFactory for persistence unit 'default'
2025-07-30T21:35:40.400-03:00  INFO 18424 --- [tastemanager] [main] o.s.d.j.r.query.QueryEnhancerFactory     : Hibernate is in classpath; If applicable, HQL parser will be used.
2025-07-30T21:35:41.502-03:00  WARN 18424 --- [tastemanager] [main] JpaBaseConfiguration$JpaWebConfiguration : spring.jpa.open-in-view is enabled by default. Therefore, database queries may be performed during view rendering. Explicitly configure spring.jpa.open-in-view to disable this warning
2025-07-30T21:35:41.743-03:00 DEBUG 18424 --- [tastemanager] [main] s.w.s.m.m.a.RequestMappingHandlerMapping : 27 mappings in 'requestMappingHandlerMapping'
2025-07-30T21:35:41.895-03:00 DEBUG 18424 --- [tastemanager] [main] o.s.w.s.handler.SimpleUrlHandlerMapping  : Patterns [/webjars/**, /**, /swagger-ui*/*swagger-initializer.js, /swagger-ui*/**] in 'resourceHandlerMapping'
2025-07-30T21:35:41.990-03:00 DEBUG 18424 --- [tastemanager] [main] s.w.s.m.m.a.RequestMappingHandlerAdapter : ControllerAdvice beans: 0 @ModelAttribute, 0 @InitBinder, 1 RequestBodyAdvice, 1 ResponseBodyAdvice
2025-07-30T21:35:42.065-03:00 DEBUG 18424 --- [tastemanager] [main] .m.m.a.ExceptionHandlerExceptionResolver : ControllerAdvice beans: 2 @ExceptionHandler, 1 ResponseBodyAdvice
2025-07-30T21:35:42.466-03:00  INFO 18424 --- [tastemanager] [main] o.s.b.w.embedded.tomcat.TomcatWebServer  : Tomcat started on port 8080 (http) with context path ''
2025-07-30T21:35:42.482-03:00  INFO 18424 --- [tastemanager] [main] b.c.t.TasteManagerApplication            : Started TasteManagerApplication in 10.061 seconds (process running for 10.848)
2025-07-30T21:36:07.842-03:00  INFO 18424 --- [tastemanager] [http-nio-8080-exec-7] o.a.c.c.C.[Tomcat].[localhost].[/]       : Initializing Spring DispatcherServlet 'dispatcherServlet'
2025-07-30T21:36:07.842-03:00  INFO 18424 --- [tastemanager] [http-nio-8080-exec-7] o.s.web.servlet.DispatcherServlet        : Initializing Servlet 'dispatcherServlet'
2025-07-30T21:36:07.844-03:00 DEBUG 18424 --- [tastemanager] [http-nio-8080-exec-7] o.s.web.servlet.DispatcherServlet        : Detected StandardServletMultipartResolver
2025-07-30T21:36:07.847-03:00 DEBUG 18424 --- [tastemanager] [http-nio-8080-exec-7] o.s.web.servlet.DispatcherServlet        : Detected AcceptHeaderLocaleResolver
2025-07-30T21:36:07.847-03:00 DEBUG 18424 --- [tastemanager] [http-nio-8080-exec-7] o.s.web.servlet.DispatcherServlet        : Detected FixedThemeResolver
2025-07-30T21:36:07.849-03:00 DEBUG 18424 --- [tastemanager] [http-nio-8080-exec-7] o.s.web.servlet.DispatcherServlet        : Detected org.springframework.web.servlet.view.DefaultRequestToViewNameTranslator@6b1cc2fb
2025-07-30T21:36:07.853-03:00 DEBUG 18424 --- [tastemanager] [http-nio-8080-exec-7] o.s.web.servlet.DispatcherServlet        : Detected org.springframework.web.servlet.support.SessionFlashMapManager@1828eff
2025-07-30T21:36:07.853-03:00 DEBUG 18424 --- [tastemanager] [http-nio-8080-exec-7] o.s.web.servlet.DispatcherServlet        : enableLoggingRequestDetails='false': request parameters and headers will be masked to prevent unsafe logging of potentially sensitive data
2025-07-30T21:36:07.853-03:00  INFO 18424 --- [tastemanager] [http-nio-8080-exec-7] o.s.web.servlet.DispatcherServlet        : Completed initialization in 9 ms
2025-07-30T21:36:07.881-03:00 DEBUG 18424 --- [tastemanager] [http-nio-8080-exec-7] o.s.web.servlet.DispatcherServlet        : POST "/menu/create/2", parameters={}
2025-07-30T21:36:07.927-03:00 DEBUG 18424 --- [tastemanager] [http-nio-8080-exec-7] s.w.s.m.m.a.RequestMappingHandlerMapping : Mapped to br.com.tastemanager.controller.MenuController#createMenu(Long, MenuRequestDTO)
2025-07-30T21:36:08.341-03:00 DEBUG 18424 --- [tastemanager] [http-nio-8080-exec-7] m.m.a.RequestResponseBodyMethodProcessor : Read "application/json;charset=UTF-8" to [br.com.tastemanager.dto.request.MenuRequestDTO@6fc1db70]
2025-07-30T21:36:08.749-03:00 DEBUG 18424 --- [tastemanager] [http-nio-8080-exec-7] .m.m.a.ExceptionHandlerExceptionResolver : Using @ExceptionHandler br.com.tastemanager.exception.GlobalExceptionHandler#handleIllegalArgumentException(IllegalArgumentException)
2025-07-30T21:36:08.776-03:00 DEBUG 18424 --- [tastemanager] [http-nio-8080-exec-7] o.s.w.s.m.m.a.HttpEntityMethodProcessor  : Using 'text/plain', given [*/*] and supported [text/plain, */*, application/json, application/*+json]
2025-07-30T21:36:08.778-03:00 DEBUG 18424 --- [tastemanager] [http-nio-8080-exec-7] o.s.w.s.m.m.a.HttpEntityMethodProcessor  : Writing ["Menu já deve existir para este restaurante"]
2025-07-30T21:36:08.791-03:00 DEBUG 18424 --- [tastemanager] [http-nio-8080-exec-7] .m.m.a.ExceptionHandlerExceptionResolver : Resolved [java.lang.IllegalArgumentException: Menu já deve existir para este restaurante]
2025-07-30T21:36:08.794-03:00 DEBUG 18424 --- [tastemanager] [http-nio-8080-exec-7] o.s.web.servlet.DispatcherServlet        : Completed 400 BAD_REQUEST
2025-07-30T21:37:37.166-03:00  INFO 18424 --- [tastemanager] [SpringApplicationShutdownHook] j.LocalContainerEntityManagerFactoryBean : Closing JPA EntityManagerFactory for persistence unit 'default'
2025-07-30T21:37:37.170-03:00  INFO 18424 --- [tastemanager] [SpringApplicationShutdownHook] com.zaxxer.hikari.HikariDataSource       : HikariPool-1 - Shutdown initiated...
2025-07-30T21:37:37.206-03:00  INFO 18424 --- [tastemanager] [SpringApplicationShutdownHook] com.zaxxer.hikari.HikariDataSource       : HikariPool-1 - Shutdown completed.
2025-07-30T21:37:43.986-03:00  INFO 17280 --- [tastemanager] [main] b.c.t.TasteManagerApplication            : Starting TasteManagerApplication using Java 21.0.7 with PID 17280 (C:\Users\silva\Projects\FIAP\tastemanager\target\classes started by silva in C:\Users\silva\Projects\FIAP\tastemanager)
2025-07-30T21:37:43.991-03:00  INFO 17280 --- [tastemanager] [main] b.c.t.TasteManagerApplication            : No active profile set, falling back to 1 default profile: "default"
2025-07-30T21:37:45.741-03:00  INFO 17280 --- [tastemanager] [main] .s.d.r.c.RepositoryConfigurationDelegate : Bootstrapping Spring Data JPA repositories in DEFAULT mode.
2025-07-30T21:37:45.949-03:00  INFO 17280 --- [tastemanager] [main] .s.d.r.c.RepositoryConfigurationDelegate : Finished Spring Data repository scanning in 193 ms. Found 4 JPA repository interfaces.
2025-07-30T21:37:47.254-03:00  INFO 17280 --- [tastemanager] [main] o.s.b.w.embedded.tomcat.TomcatWebServer  : Tomcat initialized with port 8080 (http)
2025-07-30T21:37:47.287-03:00  INFO 17280 --- [tastemanager] [main] o.apache.catalina.core.StandardService   : Starting service [Tomcat]
2025-07-30T21:37:47.287-03:00  INFO 17280 --- [tastemanager] [main] o.apache.catalina.core.StandardEngine    : Starting Servlet engine: [Apache Tomcat/10.1.20]
2025-07-30T21:37:47.408-03:00  INFO 17280 --- [tastemanager] [main] o.a.c.c.C.[Tomcat].[localhost].[/]       : Initializing Spring embedded WebApplicationContext
2025-07-30T21:37:47.408-03:00  INFO 17280 --- [tastemanager] [main] w.s.c.ServletWebServerApplicationContext : Root WebApplicationContext: initialization completed in 3291 ms
2025-07-30T21:37:47.507-03:00  INFO 17280 --- [tastemanager] [main] com.zaxxer.hikari.HikariDataSource       : HikariPool-1 - Starting...
2025-07-30T21:37:47.885-03:00  INFO 17280 --- [tastemanager] [main] com.zaxxer.hikari.pool.HikariPool        : HikariPool-1 - Added connection conn0: url=jdbc:h2:mem:tastmanagerdb user=SA
2025-07-30T21:37:47.887-03:00  INFO 17280 --- [tastemanager] [main] com.zaxxer.hikari.HikariDataSource       : HikariPool-1 - Start completed.
2025-07-30T21:37:47.903-03:00  INFO 17280 --- [tastemanager] [main] o.s.b.a.h2.H2ConsoleAutoConfiguration    : H2 console available at '/h2-console'. Database available at 'jdbc:h2:mem:tastmanagerdb'
2025-07-30T21:37:48.180-03:00  INFO 17280 --- [tastemanager] [main] o.hibernate.jpa.internal.util.LogHelper  : HHH000204: Processing PersistenceUnitInfo [name: default]
2025-07-30T21:37:48.295-03:00  INFO 17280 --- [tastemanager] [main] org.hibernate.Version                    : HHH000412: Hibernate ORM core version 6.4.4.Final
2025-07-30T21:37:48.369-03:00  INFO 17280 --- [tastemanager] [main] o.h.c.internal.RegionFactoryInitiator    : HHH000026: Second-level cache disabled
2025-07-30T21:37:48.845-03:00  INFO 17280 --- [tastemanager] [main] o.s.o.j.p.SpringPersistenceUnitInfo      : No LoadTimeWeaver setup: ignoring JPA class transformer
2025-07-30T21:37:48.940-03:00  WARN 17280 --- [tastemanager] [main] org.hibernate.orm.deprecation            : HHH90000025: H2Dialect does not need to be specified explicitly using 'hibernate.dialect' (remove the property setting and it will be selected by default)
2025-07-30T21:37:50.549-03:00  INFO 17280 --- [tastemanager] [main] o.h.e.t.j.p.i.JtaPlatformInitiator       : HHH000489: No JTA platform available (set 'hibernate.transaction.jta.platform' to enable JTA platform integration)
2025-07-30T21:37:50.695-03:00  INFO 17280 --- [tastemanager] [main] j.LocalContainerEntityManagerFactoryBean : Initialized JPA EntityManagerFactory for persistence unit 'default'
2025-07-30T21:37:51.401-03:00  INFO 17280 --- [tastemanager] [main] o.s.d.j.r.query.QueryEnhancerFactory     : Hibernate is in classpath; If applicable, HQL parser will be used.
2025-07-30T21:37:52.629-03:00  WARN 17280 --- [tastemanager] [main] JpaBaseConfiguration$JpaWebConfiguration : spring.jpa.open-in-view is enabled by default. Therefore, database queries may be performed during view rendering. Explicitly configure spring.jpa.open-in-view to disable this warning
2025-07-30T21:37:52.869-03:00 DEBUG 17280 --- [tastemanager] [main] s.w.s.m.m.a.RequestMappingHandlerMapping : 27 mappings in 'requestMappingHandlerMapping'
2025-07-30T21:37:53.020-03:00 DEBUG 17280 --- [tastemanager] [main] o.s.w.s.handler.SimpleUrlHandlerMapping  : Patterns [/webjars/**, /**, /swagger-ui*/*swagger-initializer.js, /swagger-ui*/**] in 'resourceHandlerMapping'
2025-07-30T21:37:53.100-03:00 DEBUG 17280 --- [tastemanager] [main] s.w.s.m.m.a.RequestMappingHandlerAdapter : ControllerAdvice beans: 0 @ModelAttribute, 0 @InitBinder, 1 RequestBodyAdvice, 1 ResponseBodyAdvice
2025-07-30T21:37:53.175-03:00 DEBUG 17280 --- [tastemanager] [main] .m.m.a.ExceptionHandlerExceptionResolver : ControllerAdvice beans: 2 @ExceptionHandler, 1 ResponseBodyAdvice
2025-07-30T21:37:53.565-03:00  INFO 17280 --- [tastemanager] [main] o.s.b.w.embedded.tomcat.TomcatWebServer  : Tomcat started on port 8080 (http) with context path ''
2025-07-30T21:37:53.587-03:00  INFO 17280 --- [tastemanager] [main] b.c.t.TasteManagerApplication            : Started TasteManagerApplication in 10.511 seconds (process running for 11.548)
2025-07-30T21:37:57.430-03:00  INFO 17280 --- [tastemanager] [http-nio-8080-exec-3] o.a.c.c.C.[Tomcat].[localhost].[/]       : Initializing Spring DispatcherServlet 'dispatcherServlet'
2025-07-30T21:37:57.430-03:00  INFO 17280 --- [tastemanager] [http-nio-8080-exec-3] o.s.web.servlet.DispatcherServlet        : Initializing Servlet 'dispatcherServlet'
2025-07-30T21:37:57.430-03:00 DEBUG 17280 --- [tastemanager] [http-nio-8080-exec-3] o.s.web.servlet.DispatcherServlet        : Detected StandardServletMultipartResolver
2025-07-30T21:37:57.430-03:00 DEBUG 17280 --- [tastemanager] [http-nio-8080-exec-3] o.s.web.servlet.DispatcherServlet        : Detected AcceptHeaderLocaleResolver
2025-07-30T21:37:57.431-03:00 DEBUG 17280 --- [tastemanager] [http-nio-8080-exec-3] o.s.web.servlet.DispatcherServlet        : Detected FixedThemeResolver
2025-07-30T21:37:57.434-03:00 DEBUG 17280 --- [tastemanager] [http-nio-8080-exec-3] o.s.web.servlet.DispatcherServlet        : Detected org.springframework.web.servlet.view.DefaultRequestToViewNameTranslator@795d43d9
2025-07-30T21:37:57.435-03:00 DEBUG 17280 --- [tastemanager] [http-nio-8080-exec-3] o.s.web.servlet.DispatcherServlet        : Detected org.springframework.web.servlet.support.SessionFlashMapManager@52d0a5fe
2025-07-30T21:37:57.436-03:00 DEBUG 17280 --- [tastemanager] [http-nio-8080-exec-3] o.s.web.servlet.DispatcherServlet        : enableLoggingRequestDetails='false': request parameters and headers will be masked to prevent unsafe logging of potentially sensitive data
2025-07-30T21:37:57.437-03:00  INFO 17280 --- [tastemanager] [http-nio-8080-exec-3] o.s.web.servlet.DispatcherServlet        : Completed initialization in 7 ms
2025-07-30T21:37:57.455-03:00 DEBUG 17280 --- [tastemanager] [http-nio-8080-exec-3] o.s.web.servlet.DispatcherServlet        : POST "/menu/create/2", parameters={}
2025-07-30T21:37:57.480-03:00 DEBUG 17280 --- [tastemanager] [http-nio-8080-exec-3] s.w.s.m.m.a.RequestMappingHandlerMapping : Mapped to br.com.tastemanager.controller.MenuController#createMenu(Long, MenuRequestDTO)
2025-07-30T21:37:57.678-03:00 DEBUG 17280 --- [tastemanager] [http-nio-8080-exec-3] m.m.a.RequestResponseBodyMethodProcessor : Read "application/json;charset=UTF-8" to [br.com.tastemanager.dto.request.MenuRequestDTO@5c6990e9]
2025-07-30T21:37:58.066-03:00 DEBUG 17280 --- [tastemanager] [http-nio-8080-exec-3] o.s.w.s.m.m.a.HttpEntityMethodProcessor  : Using 'application/json', given [*/*] and supported [application/json, application/*+json]
2025-07-30T21:37:58.070-03:00 DEBUG 17280 --- [tastemanager] [http-nio-8080-exec-3] o.s.w.s.m.m.a.HttpEntityMethodProcessor  : Writing [br.com.tastemanager.dto.response.MenuResponseDTO@3c9cf22d]
2025-07-30T21:37:58.106-03:00 DEBUG 17280 --- [tastemanager] [http-nio-8080-exec-3] o.s.web.servlet.DispatcherServlet        : Completed 201 CREATED
2025-07-30T21:38:11.638-03:00 DEBUG 17280 --- [tastemanager] [http-nio-8080-exec-5] o.s.web.servlet.DispatcherServlet        : POST "/menu/create/2", parameters={}
2025-07-30T21:38:11.645-03:00 DEBUG 17280 --- [tastemanager] [http-nio-8080-exec-5] s.w.s.m.m.a.RequestMappingHandlerMapping : Mapped to br.com.tastemanager.controller.MenuController#createMenu(Long, MenuRequestDTO)
2025-07-30T21:38:11.659-03:00 DEBUG 17280 --- [tastemanager] [http-nio-8080-exec-5] m.m.a.RequestResponseBodyMethodProcessor : Read "application/json;charset=UTF-8" to [br.com.tastemanager.dto.request.MenuRequestDTO@31e0f1ba]
2025-07-30T21:38:11.807-03:00 DEBUG 17280 --- [tastemanager] [http-nio-8080-exec-5] o.s.w.s.m.m.a.HttpEntityMethodProcessor  : Using 'application/json', given [*/*] and supported [application/json, application/*+json]
2025-07-30T21:38:11.810-03:00 DEBUG 17280 --- [tastemanager] [http-nio-8080-exec-5] o.s.w.s.m.m.a.HttpEntityMethodProcessor  : Writing [br.com.tastemanager.dto.response.MenuResponseDTO@2ff34568]
2025-07-30T21:38:11.826-03:00 DEBUG 17280 --- [tastemanager] [http-nio-8080-exec-5] o.s.web.servlet.DispatcherServlet        : Completed 201 CREATED
2025-07-30T21:38:56.107-03:00 DEBUG 17280 --- [tastemanager] [http-nio-8080-exec-3] o.s.web.servlet.DispatcherServlet        : POST "/menu/create/2", parameters={}
2025-07-30T21:38:56.113-03:00 DEBUG 17280 --- [tastemanager] [http-nio-8080-exec-3] s.w.s.m.m.a.RequestMappingHandlerMapping : Mapped to br.com.tastemanager.controller.MenuController#createMenu(Long, MenuRequestDTO)
2025-07-30T21:38:56.117-03:00 DEBUG 17280 --- [tastemanager] [http-nio-8080-exec-3] m.m.a.RequestResponseBodyMethodProcessor : Read "application/json;charset=UTF-8" to [br.com.tastemanager.dto.request.MenuRequestDTO@35afe484]
2025-07-30T21:38:56.135-03:00 DEBUG 17280 --- [tastemanager] [http-nio-8080-exec-3] o.s.w.s.m.m.a.HttpEntityMethodProcessor  : Using 'application/json', given [*/*] and supported [application/json, application/*+json]
2025-07-30T21:38:56.135-03:00 DEBUG 17280 --- [tastemanager] [http-nio-8080-exec-3] o.s.w.s.m.m.a.HttpEntityMethodProcessor  : Writing [br.com.tastemanager.dto.response.MenuResponseDTO@6d04d8f]
2025-07-30T21:38:56.140-03:00 DEBUG 17280 --- [tastemanager] [http-nio-8080-exec-3] o.s.web.servlet.DispatcherServlet        : Completed 201 CREATED
2025-07-30T21:39:25.522-03:00 DEBUG 17280 --- [tastemanager] [http-nio-8080-exec-10] o.s.web.servlet.DispatcherServlet        : POST "/menu/create/2", parameters={}
2025-07-30T21:39:25.576-03:00 DEBUG 17280 --- [tastemanager] [http-nio-8080-exec-10] s.w.s.m.m.a.RequestMappingHandlerMapping : Mapped to br.com.tastemanager.controller.MenuController#createMenu(Long, MenuRequestDTO)
2025-07-30T21:39:25.755-03:00 DEBUG 17280 --- [tastemanager] [http-nio-8080-exec-10] m.m.a.RequestResponseBodyMethodProcessor : Read "application/json;charset=UTF-8" to [br.com.tastemanager.dto.request.MenuRequestDTO@67d8896f]
2025-07-30T21:39:26.049-03:00 DEBUG 17280 --- [tastemanager] [http-nio-8080-exec-10] o.s.w.s.m.m.a.HttpEntityMethodProcessor  : Using 'application/json', given [*/*] and supported [application/json, application/*+json]
2025-07-30T21:39:26.049-03:00 DEBUG 17280 --- [tastemanager] [http-nio-8080-exec-10] o.s.w.s.m.m.a.HttpEntityMethodProcessor  : Writing [br.com.tastemanager.dto.response.MenuResponseDTO@d325c85]
2025-07-30T21:39:26.051-03:00 DEBUG 17280 --- [tastemanager] [http-nio-8080-exec-10] o.s.web.servlet.DispatcherServlet        : Completed 201 CREATED
2025-07-30T21:40:20.196-03:00  INFO 17280 --- [tastemanager] [SpringApplicationShutdownHook] j.LocalContainerEntityManagerFactoryBean : Closing JPA EntityManagerFactory for persistence unit 'default'
2025-07-30T21:40:20.200-03:00  INFO 17280 --- [tastemanager] [SpringApplicationShutdownHook] com.zaxxer.hikari.HikariDataSource       : HikariPool-1 - Shutdown initiated...
2025-07-30T21:40:20.204-03:00  INFO 17280 --- [tastemanager] [SpringApplicationShutdownHook] com.zaxxer.hikari.HikariDataSource       : HikariPool-1 - Shutdown completed.
2025-07-30T21:40:26.174-03:00  INFO 24496 --- [tastemanager] [main] b.c.t.TasteManagerApplication            : Starting TasteManagerApplication using Java 21.0.7 with PID 24496 (C:\Users\silva\Projects\FIAP\tastemanager\target\classes started by silva in C:\Users\silva\Projects\FIAP\tastemanager)
2025-07-30T21:40:26.178-03:00  INFO 24496 --- [tastemanager] [main] b.c.t.TasteManagerApplication            : No active profile set, falling back to 1 default profile: "default"
2025-07-30T21:40:27.862-03:00  INFO 24496 --- [tastemanager] [main] .s.d.r.c.RepositoryConfigurationDelegate : Bootstrapping Spring Data JPA repositories in DEFAULT mode.
2025-07-30T21:40:28.035-03:00  INFO 24496 --- [tastemanager] [main] .s.d.r.c.RepositoryConfigurationDelegate : Finished Spring Data repository scanning in 152 ms. Found 4 JPA repository interfaces.
2025-07-30T21:40:29.166-03:00  INFO 24496 --- [tastemanager] [main] o.s.b.w.embedded.tomcat.TomcatWebServer  : Tomcat initialized with port 8080 (http)
2025-07-30T21:40:29.195-03:00  INFO 24496 --- [tastemanager] [main] o.apache.catalina.core.StandardService   : Starting service [Tomcat]
2025-07-30T21:40:29.195-03:00  INFO 24496 --- [tastemanager] [main] o.apache.catalina.core.StandardEngine    : Starting Servlet engine: [Apache Tomcat/10.1.20]
2025-07-30T21:40:29.316-03:00  INFO 24496 --- [tastemanager] [main] o.a.c.c.C.[Tomcat].[localhost].[/]       : Initializing Spring embedded WebApplicationContext
2025-07-30T21:40:29.316-03:00  INFO 24496 --- [tastemanager] [main] w.s.c.ServletWebServerApplicationContext : Root WebApplicationContext: initialization completed in 3052 ms
2025-07-30T21:40:29.371-03:00  INFO 24496 --- [tastemanager] [main] com.zaxxer.hikari.HikariDataSource       : HikariPool-1 - Starting...
2025-07-30T21:40:29.746-03:00  INFO 24496 --- [tastemanager] [main] com.zaxxer.hikari.pool.HikariPool        : HikariPool-1 - Added connection conn0: url=jdbc:h2:mem:tastmanagerdb user=SA
2025-07-30T21:40:29.749-03:00  INFO 24496 --- [tastemanager] [main] com.zaxxer.hikari.HikariDataSource       : HikariPool-1 - Start completed.
2025-07-30T21:40:29.768-03:00  INFO 24496 --- [tastemanager] [main] o.s.b.a.h2.H2ConsoleAutoConfiguration    : H2 console available at '/h2-console'. Database available at 'jdbc:h2:mem:tastmanagerdb'
2025-07-30T21:40:30.034-03:00  INFO 24496 --- [tastemanager] [main] o.hibernate.jpa.internal.util.LogHelper  : HHH000204: Processing PersistenceUnitInfo [name: default]
2025-07-30T21:40:30.154-03:00  INFO 24496 --- [tastemanager] [main] org.hibernate.Version                    : HHH000412: Hibernate ORM core version 6.4.4.Final
2025-07-30T21:40:30.228-03:00  INFO 24496 --- [tastemanager] [main] o.h.c.internal.RegionFactoryInitiator    : HHH000026: Second-level cache disabled
2025-07-30T21:40:30.718-03:00  INFO 24496 --- [tastemanager] [main] o.s.o.j.p.SpringPersistenceUnitInfo      : No LoadTimeWeaver setup: ignoring JPA class transformer
2025-07-30T21:40:30.815-03:00  WARN 24496 --- [tastemanager] [main] org.hibernate.orm.deprecation            : HHH90000025: H2Dialect does not need to be specified explicitly using 'hibernate.dialect' (remove the property setting and it will be selected by default)
2025-07-30T21:40:32.429-03:00  INFO 24496 --- [tastemanager] [main] o.h.e.t.j.p.i.JtaPlatformInitiator       : HHH000489: No JTA platform available (set 'hibernate.transaction.jta.platform' to enable JTA platform integration)
2025-07-30T21:40:32.559-03:00  INFO 24496 --- [tastemanager] [main] j.LocalContainerEntityManagerFactoryBean : Initialized JPA EntityManagerFactory for persistence unit 'default'
2025-07-30T21:40:33.218-03:00  INFO 24496 --- [tastemanager] [main] o.s.d.j.r.query.QueryEnhancerFactory     : Hibernate is in classpath; If applicable, HQL parser will be used.
2025-07-30T21:40:34.248-03:00  WARN 24496 --- [tastemanager] [main] JpaBaseConfiguration$JpaWebConfiguration : spring.jpa.open-in-view is enabled by default. Therefore, database queries may be performed during view rendering. Explicitly configure spring.jpa.open-in-view to disable this warning
2025-07-30T21:40:34.494-03:00 DEBUG 24496 --- [tastemanager] [main] s.w.s.m.m.a.RequestMappingHandlerMapping : 27 mappings in 'requestMappingHandlerMapping'
2025-07-30T21:40:34.644-03:00 DEBUG 24496 --- [tastemanager] [main] o.s.w.s.handler.SimpleUrlHandlerMapping  : Patterns [/webjars/**, /**, /swagger-ui*/*swagger-initializer.js, /swagger-ui*/**] in 'resourceHandlerMapping'
2025-07-30T21:40:34.726-03:00 DEBUG 24496 --- [tastemanager] [main] s.w.s.m.m.a.RequestMappingHandlerAdapter : ControllerAdvice beans: 0 @ModelAttribute, 0 @InitBinder, 1 RequestBodyAdvice, 1 ResponseBodyAdvice
2025-07-30T21:40:34.801-03:00 DEBUG 24496 --- [tastemanager] [main] .m.m.a.ExceptionHandlerExceptionResolver : ControllerAdvice beans: 2 @ExceptionHandler, 1 ResponseBodyAdvice
2025-07-30T21:40:35.233-03:00  INFO 24496 --- [tastemanager] [main] o.s.b.w.embedded.tomcat.TomcatWebServer  : Tomcat started on port 8080 (http) with context path ''
2025-07-30T21:40:35.252-03:00  INFO 24496 --- [tastemanager] [main] b.c.t.TasteManagerApplication            : Started TasteManagerApplication in 9.823 seconds (process running for 10.585)
2025-07-30T21:40:42.842-03:00  INFO 24496 --- [tastemanager] [http-nio-8080-exec-4] o.a.c.c.C.[Tomcat].[localhost].[/]       : Initializing Spring DispatcherServlet 'dispatcherServlet'
2025-07-30T21:40:42.842-03:00  INFO 24496 --- [tastemanager] [http-nio-8080-exec-4] o.s.web.servlet.DispatcherServlet        : Initializing Servlet 'dispatcherServlet'
2025-07-30T21:40:42.842-03:00 DEBUG 24496 --- [tastemanager] [http-nio-8080-exec-4] o.s.web.servlet.DispatcherServlet        : Detected StandardServletMultipartResolver
2025-07-30T21:40:42.842-03:00 DEBUG 24496 --- [tastemanager] [http-nio-8080-exec-4] o.s.web.servlet.DispatcherServlet        : Detected AcceptHeaderLocaleResolver
2025-07-30T21:40:42.842-03:00 DEBUG 24496 --- [tastemanager] [http-nio-8080-exec-4] o.s.web.servlet.DispatcherServlet        : Detected FixedThemeResolver
2025-07-30T21:40:42.842-03:00 DEBUG 24496 --- [tastemanager] [http-nio-8080-exec-4] o.s.web.servlet.DispatcherServlet        : Detected org.springframework.web.servlet.view.DefaultRequestToViewNameTranslator@f507d33
2025-07-30T21:40:42.842-03:00 DEBUG 24496 --- [tastemanager] [http-nio-8080-exec-4] o.s.web.servlet.DispatcherServlet        : Detected org.springframework.web.servlet.support.SessionFlashMapManager@65f270e7
2025-07-30T21:40:42.842-03:00 DEBUG 24496 --- [tastemanager] [http-nio-8080-exec-4] o.s.web.servlet.DispatcherServlet        : enableLoggingRequestDetails='false': request parameters and headers will be masked to prevent unsafe logging of potentially sensitive data
2025-07-30T21:40:42.842-03:00  INFO 24496 --- [tastemanager] [http-nio-8080-exec-4] o.s.web.servlet.DispatcherServlet        : Completed initialization in 0 ms
2025-07-30T21:40:42.867-03:00 DEBUG 24496 --- [tastemanager] [http-nio-8080-exec-4] o.s.web.servlet.DispatcherServlet        : POST "/menu/create/2", parameters={}
2025-07-30T21:40:42.900-03:00 DEBUG 24496 --- [tastemanager] [http-nio-8080-exec-4] s.w.s.m.m.a.RequestMappingHandlerMapping : Mapped to br.com.tastemanager.controller.MenuController#createMenu(Long, MenuRequestDTO)
2025-07-30T21:40:43.267-03:00 DEBUG 24496 --- [tastemanager] [http-nio-8080-exec-4] m.m.a.RequestResponseBodyMethodProcessor : Read "application/json;charset=UTF-8" to [br.com.tastemanager.dto.request.MenuRequestDTO@2247e9e1]
2025-07-30T21:40:43.997-03:00 DEBUG 24496 --- [tastemanager] [http-nio-8080-exec-4] o.s.w.s.m.m.a.HttpEntityMethodProcessor  : Using 'application/json', given [*/*] and supported [application/json, application/*+json]
2025-07-30T21:40:44.002-03:00 DEBUG 24496 --- [tastemanager] [http-nio-8080-exec-4] o.s.w.s.m.m.a.HttpEntityMethodProcessor  : Writing [br.com.tastemanager.dto.response.MenuResponseDTO@44555d6d]
2025-07-30T21:40:44.057-03:00 DEBUG 24496 --- [tastemanager] [http-nio-8080-exec-4] o.s.web.servlet.DispatcherServlet        : Completed 201 CREATED
2025-07-30T21:40:57.096-03:00 DEBUG 24496 --- [tastemanager] [http-nio-8080-exec-6] o.s.web.servlet.DispatcherServlet        : POST "/menu/create/2", parameters={}
2025-07-30T21:40:57.128-03:00 DEBUG 24496 --- [tastemanager] [http-nio-8080-exec-6] s.w.s.m.m.a.RequestMappingHandlerMapping : Mapped to br.com.tastemanager.controller.MenuController#createMenu(Long, MenuRequestDTO)
2025-07-30T21:40:57.146-03:00 DEBUG 24496 --- [tastemanager] [http-nio-8080-exec-6] m.m.a.RequestResponseBodyMethodProcessor : Read "application/json;charset=UTF-8" to [br.com.tastemanager.dto.request.MenuRequestDTO@258bc2e1]
2025-07-30T21:40:57.437-03:00 DEBUG 24496 --- [tastemanager] [http-nio-8080-exec-6] o.s.w.s.m.m.a.HttpEntityMethodProcessor  : Using 'application/json', given [*/*] and supported [application/json, application/*+json]
2025-07-30T21:40:57.437-03:00 DEBUG 24496 --- [tastemanager] [http-nio-8080-exec-6] o.s.w.s.m.m.a.HttpEntityMethodProcessor  : Writing [br.com.tastemanager.dto.response.MenuResponseDTO@53f5105c]
2025-07-30T21:40:57.445-03:00 DEBUG 24496 --- [tastemanager] [http-nio-8080-exec-6] o.s.web.servlet.DispatcherServlet        : Completed 201 CREATED
2025-07-30T21:41:05.295-03:00 DEBUG 24496 --- [tastemanager] [http-nio-8080-exec-9] o.s.web.servlet.DispatcherServlet        : POST "/menu/create/1", parameters={}
2025-07-30T21:41:05.314-03:00 DEBUG 24496 --- [tastemanager] [http-nio-8080-exec-9] s.w.s.m.m.a.RequestMappingHandlerMapping : Mapped to br.com.tastemanager.controller.MenuController#createMenu(Long, MenuRequestDTO)
2025-07-30T21:41:05.317-03:00 DEBUG 24496 --- [tastemanager] [http-nio-8080-exec-9] m.m.a.RequestResponseBodyMethodProcessor : Read "application/json;charset=UTF-8" to [br.com.tastemanager.dto.request.MenuRequestDTO@41477a59]
2025-07-30T21:41:05.355-03:00 DEBUG 24496 --- [tastemanager] [http-nio-8080-exec-9] o.s.w.s.m.m.a.HttpEntityMethodProcessor  : Using 'application/json', given [*/*] and supported [application/json, application/*+json]
2025-07-30T21:41:05.355-03:00 DEBUG 24496 --- [tastemanager] [http-nio-8080-exec-9] o.s.w.s.m.m.a.HttpEntityMethodProcessor  : Writing [br.com.tastemanager.dto.response.MenuResponseDTO@47720732]
2025-07-30T21:41:05.362-03:00 DEBUG 24496 --- [tastemanager] [http-nio-8080-exec-9] o.s.web.servlet.DispatcherServlet        : Completed 201 CREATED
2025-07-30T21:51:57.016-03:00  INFO 24496 --- [tastemanager] [SpringApplicationShutdownHook] j.LocalContainerEntityManagerFactoryBean : Closing JPA EntityManagerFactory for persistence unit 'default'
2025-07-30T21:51:57.019-03:00  INFO 24496 --- [tastemanager] [SpringApplicationShutdownHook] com.zaxxer.hikari.HikariDataSource       : HikariPool-1 - Shutdown initiated...
2025-07-30T21:51:57.023-03:00  INFO 24496 --- [tastemanager] [SpringApplicationShutdownHook] com.zaxxer.hikari.HikariDataSource       : HikariPool-1 - Shutdown completed.
2025-07-30T21:52:03.543-03:00  INFO 4144 --- [tastemanager] [main] b.c.t.TasteManagerApplication            : Starting TasteManagerApplication using Java 21.0.7 with PID 4144 (C:\Users\silva\Projects\FIAP\tastemanager\target\classes started by silva in C:\Users\silva\Projects\FIAP\tastemanager)
2025-07-30T21:52:03.548-03:00  INFO 4144 --- [tastemanager] [main] b.c.t.TasteManagerApplication            : No active profile set, falling back to 1 default profile: "default"
2025-07-30T21:52:05.178-03:00  INFO 4144 --- [tastemanager] [main] .s.d.r.c.RepositoryConfigurationDelegate : Bootstrapping Spring Data JPA repositories in DEFAULT mode.
2025-07-30T21:52:05.326-03:00  INFO 4144 --- [tastemanager] [main] .s.d.r.c.RepositoryConfigurationDelegate : Finished Spring Data repository scanning in 129 ms. Found 4 JPA repository interfaces.
2025-07-30T21:52:06.496-03:00  INFO 4144 --- [tastemanager] [main] o.s.b.w.embedded.tomcat.TomcatWebServer  : Tomcat initialized with port 8080 (http)
2025-07-30T21:52:06.516-03:00  INFO 4144 --- [tastemanager] [main] o.apache.catalina.core.StandardService   : Starting service [Tomcat]
2025-07-30T21:52:06.517-03:00  INFO 4144 --- [tastemanager] [main] o.apache.catalina.core.StandardEngine    : Starting Servlet engine: [Apache Tomcat/10.1.20]
2025-07-30T21:52:06.630-03:00  INFO 4144 --- [tastemanager] [main] o.a.c.c.C.[Tomcat].[localhost].[/]       : Initializing Spring embedded WebApplicationContext
2025-07-30T21:52:06.631-03:00  INFO 4144 --- [tastemanager] [main] w.s.c.ServletWebServerApplicationContext : Root WebApplicationContext: initialization completed in 2973 ms
2025-07-30T21:52:06.694-03:00  INFO 4144 --- [tastemanager] [main] com.zaxxer.hikari.HikariDataSource       : HikariPool-1 - Starting...
2025-07-30T21:52:07.039-03:00  INFO 4144 --- [tastemanager] [main] com.zaxxer.hikari.pool.HikariPool        : HikariPool-1 - Added connection conn0: url=jdbc:h2:mem:tastmanagerdb user=SA
2025-07-30T21:52:07.062-03:00  INFO 4144 --- [tastemanager] [main] com.zaxxer.hikari.HikariDataSource       : HikariPool-1 - Start completed.
2025-07-30T21:52:07.081-03:00  INFO 4144 --- [tastemanager] [main] o.s.b.a.h2.H2ConsoleAutoConfiguration    : H2 console available at '/h2-console'. Database available at 'jdbc:h2:mem:tastmanagerdb'
2025-07-30T21:52:07.355-03:00  INFO 4144 --- [tastemanager] [main] o.hibernate.jpa.internal.util.LogHelper  : HHH000204: Processing PersistenceUnitInfo [name: default]
2025-07-30T21:52:07.464-03:00  INFO 4144 --- [tastemanager] [main] org.hibernate.Version                    : HHH000412: Hibernate ORM core version 6.4.4.Final
2025-07-30T21:52:07.537-03:00  INFO 4144 --- [tastemanager] [main] o.h.c.internal.RegionFactoryInitiator    : HHH000026: Second-level cache disabled
2025-07-30T21:52:08.010-03:00  INFO 4144 --- [tastemanager] [main] o.s.o.j.p.SpringPersistenceUnitInfo      : No LoadTimeWeaver setup: ignoring JPA class transformer
2025-07-30T21:52:08.102-03:00  WARN 4144 --- [tastemanager] [main] org.hibernate.orm.deprecation            : HHH90000025: H2Dialect does not need to be specified explicitly using 'hibernate.dialect' (remove the property setting and it will be selected by default)
2025-07-30T21:52:09.773-03:00  INFO 4144 --- [tastemanager] [main] o.h.e.t.j.p.i.JtaPlatformInitiator       : HHH000489: No JTA platform available (set 'hibernate.transaction.jta.platform' to enable JTA platform integration)
2025-07-30T21:52:09.933-03:00  INFO 4144 --- [tastemanager] [main] j.LocalContainerEntityManagerFactoryBean : Initialized JPA EntityManagerFactory for persistence unit 'default'
2025-07-30T21:52:10.585-03:00  INFO 4144 --- [tastemanager] [main] o.s.d.j.r.query.QueryEnhancerFactory     : Hibernate is in classpath; If applicable, HQL parser will be used.
2025-07-30T21:52:11.573-03:00  WARN 4144 --- [tastemanager] [main] JpaBaseConfiguration$JpaWebConfiguration : spring.jpa.open-in-view is enabled by default. Therefore, database queries may be performed during view rendering. Explicitly configure spring.jpa.open-in-view to disable this warning
2025-07-30T21:52:11.797-03:00 DEBUG 4144 --- [tastemanager] [main] s.w.s.m.m.a.RequestMappingHandlerMapping : 27 mappings in 'requestMappingHandlerMapping'
2025-07-30T21:52:11.950-03:00 DEBUG 4144 --- [tastemanager] [main] o.s.w.s.handler.SimpleUrlHandlerMapping  : Patterns [/webjars/**, /**, /swagger-ui*/*swagger-initializer.js, /swagger-ui*/**] in 'resourceHandlerMapping'
2025-07-30T21:52:12.023-03:00 DEBUG 4144 --- [tastemanager] [main] s.w.s.m.m.a.RequestMappingHandlerAdapter : ControllerAdvice beans: 0 @ModelAttribute, 0 @InitBinder, 1 RequestBodyAdvice, 1 ResponseBodyAdvice
2025-07-30T21:52:12.096-03:00 DEBUG 4144 --- [tastemanager] [main] .m.m.a.ExceptionHandlerExceptionResolver : ControllerAdvice beans: 2 @ExceptionHandler, 1 ResponseBodyAdvice
2025-07-30T21:52:12.497-03:00  INFO 4144 --- [tastemanager] [main] o.s.b.w.embedded.tomcat.TomcatWebServer  : Tomcat started on port 8080 (http) with context path ''
2025-07-30T21:52:12.513-03:00  INFO 4144 --- [tastemanager] [main] b.c.t.TasteManagerApplication            : Started TasteManagerApplication in 9.806 seconds (process running for 10.557)
2025-07-30T21:52:40.874-03:00  INFO 4144 --- [tastemanager] [http-nio-8080-exec-2] o.a.c.c.C.[Tomcat].[localhost].[/]       : Initializing Spring DispatcherServlet 'dispatcherServlet'
2025-07-30T21:52:40.879-03:00  INFO 4144 --- [tastemanager] [http-nio-8080-exec-2] o.s.web.servlet.DispatcherServlet        : Initializing Servlet 'dispatcherServlet'
2025-07-30T21:52:40.880-03:00 DEBUG 4144 --- [tastemanager] [http-nio-8080-exec-2] o.s.web.servlet.DispatcherServlet        : Detected StandardServletMultipartResolver
2025-07-30T21:52:40.881-03:00 DEBUG 4144 --- [tastemanager] [http-nio-8080-exec-2] o.s.web.servlet.DispatcherServlet        : Detected AcceptHeaderLocaleResolver
2025-07-30T21:52:40.881-03:00 DEBUG 4144 --- [tastemanager] [http-nio-8080-exec-2] o.s.web.servlet.DispatcherServlet        : Detected FixedThemeResolver
2025-07-30T21:52:40.883-03:00 DEBUG 4144 --- [tastemanager] [http-nio-8080-exec-2] o.s.web.servlet.DispatcherServlet        : Detected org.springframework.web.servlet.view.DefaultRequestToViewNameTranslator@324c3ed5
2025-07-30T21:52:40.884-03:00 DEBUG 4144 --- [tastemanager] [http-nio-8080-exec-2] o.s.web.servlet.DispatcherServlet        : Detected org.springframework.web.servlet.support.SessionFlashMapManager@419ac0f5
2025-07-30T21:52:40.884-03:00 DEBUG 4144 --- [tastemanager] [http-nio-8080-exec-2] o.s.web.servlet.DispatcherServlet        : enableLoggingRequestDetails='false': request parameters and headers will be masked to prevent unsafe logging of potentially sensitive data
2025-07-30T21:52:40.891-03:00  INFO 4144 --- [tastemanager] [http-nio-8080-exec-2] o.s.web.servlet.DispatcherServlet        : Completed initialization in 6 ms
2025-07-30T21:52:40.927-03:00 DEBUG 4144 --- [tastemanager] [http-nio-8080-exec-2] o.s.web.servlet.DispatcherServlet        : POST "/menu/create/1", parameters={}
2025-07-30T21:52:40.972-03:00 DEBUG 4144 --- [tastemanager] [http-nio-8080-exec-2] s.w.s.m.m.a.RequestMappingHandlerMapping : Mapped to br.com.tastemanager.controller.MenuController#createMenu(Long, MenuRequestDTO)
2025-07-30T21:52:41.741-03:00 DEBUG 4144 --- [tastemanager] [http-nio-8080-exec-2] m.m.a.RequestResponseBodyMethodProcessor : Read "application/json;charset=UTF-8" to [br.com.tastemanager.dto.request.MenuRequestDTO@6976bffa]
2025-07-30T21:52:42.967-03:00 DEBUG 4144 --- [tastemanager] [http-nio-8080-exec-2] o.s.w.s.m.m.a.HttpEntityMethodProcessor  : Using 'application/json', given [*/*] and supported [application/json, application/*+json]
2025-07-30T21:52:42.977-03:00 DEBUG 4144 --- [tastemanager] [http-nio-8080-exec-2] o.s.w.s.m.m.a.HttpEntityMethodProcessor  : Writing [br.com.tastemanager.dto.response.MenuResponseDTO@3dcf9628]
2025-07-30T21:52:43.036-03:00 DEBUG 4144 --- [tastemanager] [http-nio-8080-exec-2] o.s.web.servlet.DispatcherServlet        : Completed 201 CREATED
2025-07-30T21:52:56.183-03:00 DEBUG 4144 --- [tastemanager] [http-nio-8080-exec-3] o.s.web.servlet.DispatcherServlet        : PUT "/menu/update/1", parameters={}
2025-07-30T21:52:56.191-03:00 DEBUG 4144 --- [tastemanager] [http-nio-8080-exec-3] s.w.s.m.m.a.RequestMappingHandlerMapping : Mapped to br.com.tastemanager.controller.MenuController#updateMenu(Long, MenuItemUpdateRequestDTO)
2025-07-30T21:52:56.258-03:00 DEBUG 4144 --- [tastemanager] [http-nio-8080-exec-3] m.m.a.RequestResponseBodyMethodProcessor : Read "application/json;charset=UTF-8" to [br.com.tastemanager.dto.request.MenuItemUpdateRequestDTO@71cfc8ab]
2025-07-30T21:52:56.373-03:00 DEBUG 4144 --- [tastemanager] [http-nio-8080-exec-3] .m.m.a.ExceptionHandlerExceptionResolver : Using @ExceptionHandler br.com.tastemanager.exception.GlobalExceptionHandler#handleIllegalArgumentException(IllegalArgumentException)
2025-07-30T21:52:56.382-03:00 DEBUG 4144 --- [tastemanager] [http-nio-8080-exec-3] o.s.w.s.m.m.a.HttpEntityMethodProcessor  : Using 'text/plain', given [*/*] and supported [text/plain, */*, application/json, application/*+json]
2025-07-30T21:52:56.392-03:00 DEBUG 4144 --- [tastemanager] [http-nio-8080-exec-3] o.s.w.s.m.m.a.HttpEntityMethodProcessor  : Writing ["Item não encontrado no menu"]
2025-07-30T21:52:56.435-03:00 DEBUG 4144 --- [tastemanager] [http-nio-8080-exec-3] .m.m.a.ExceptionHandlerExceptionResolver : Resolved [java.lang.IllegalArgumentException: Item não encontrado no menu]
2025-07-30T21:52:56.443-03:00 DEBUG 4144 --- [tastemanager] [http-nio-8080-exec-3] o.s.web.servlet.DispatcherServlet        : Completed 400 BAD_REQUEST
2025-07-30T21:53:20.227-03:00 DEBUG 4144 --- [tastemanager] [http-nio-8080-exec-5] o.s.web.servlet.DispatcherServlet        : POST "/menu/create/1", parameters={}
2025-07-30T21:53:20.236-03:00 DEBUG 4144 --- [tastemanager] [http-nio-8080-exec-5] s.w.s.m.m.a.RequestMappingHandlerMapping : Mapped to br.com.tastemanager.controller.MenuController#createMenu(Long, MenuRequestDTO)
2025-07-30T21:53:20.238-03:00 DEBUG 4144 --- [tastemanager] [http-nio-8080-exec-5] m.m.a.RequestResponseBodyMethodProcessor : Read "application/json;charset=UTF-8" to [br.com.tastemanager.dto.request.MenuRequestDTO@7d2773de]
2025-07-30T21:53:20.287-03:00 DEBUG 4144 --- [tastemanager] [http-nio-8080-exec-5] o.s.w.s.m.m.a.HttpEntityMethodProcessor  : Using 'application/json', given [*/*] and supported [application/json, application/*+json]
2025-07-30T21:53:20.287-03:00 DEBUG 4144 --- [tastemanager] [http-nio-8080-exec-5] o.s.w.s.m.m.a.HttpEntityMethodProcessor  : Writing [br.com.tastemanager.dto.response.MenuResponseDTO@3d311e91]
2025-07-30T21:53:20.293-03:00 DEBUG 4144 --- [tastemanager] [http-nio-8080-exec-5] o.s.web.servlet.DispatcherServlet        : Completed 201 CREATED
2025-07-30T21:55:23.304-03:00  INFO 4144 --- [tastemanager] [SpringApplicationShutdownHook] j.LocalContainerEntityManagerFactoryBean : Closing JPA EntityManagerFactory for persistence unit 'default'
2025-07-30T21:55:23.307-03:00  INFO 4144 --- [tastemanager] [SpringApplicationShutdownHook] com.zaxxer.hikari.HikariDataSource       : HikariPool-1 - Shutdown initiated...
2025-07-30T21:55:23.310-03:00  INFO 4144 --- [tastemanager] [SpringApplicationShutdownHook] com.zaxxer.hikari.HikariDataSource       : HikariPool-1 - Shutdown completed.
2025-07-30T21:55:31.699-03:00  INFO 25444 --- [tastemanager] [main] b.c.t.TasteManagerApplication            : Starting TasteManagerApplication using Java 21.0.7 with PID 25444 (C:\Users\silva\Projects\FIAP\tastemanager\target\classes started by silva in C:\Users\silva\Projects\FIAP\tastemanager)
2025-07-30T21:55:31.703-03:00  INFO 25444 --- [tastemanager] [main] b.c.t.TasteManagerApplication            : No active profile set, falling back to 1 default profile: "default"
2025-07-30T21:55:33.242-03:00  INFO 25444 --- [tastemanager] [main] .s.d.r.c.RepositoryConfigurationDelegate : Bootstrapping Spring Data JPA repositories in DEFAULT mode.
2025-07-30T21:55:33.433-03:00  INFO 25444 --- [tastemanager] [main] .s.d.r.c.RepositoryConfigurationDelegate : Finished Spring Data repository scanning in 173 ms. Found 4 JPA repository interfaces.
2025-07-30T21:55:34.708-03:00  INFO 25444 --- [tastemanager] [main] o.s.b.w.embedded.tomcat.TomcatWebServer  : Tomcat initialized with port 8080 (http)
2025-07-30T21:55:34.741-03:00  INFO 25444 --- [tastemanager] [main] o.apache.catalina.core.StandardService   : Starting service [Tomcat]
2025-07-30T21:55:34.741-03:00  INFO 25444 --- [tastemanager] [main] o.apache.catalina.core.StandardEngine    : Starting Servlet engine: [Apache Tomcat/10.1.20]
2025-07-30T21:55:34.857-03:00  INFO 25444 --- [tastemanager] [main] o.a.c.c.C.[Tomcat].[localhost].[/]       : Initializing Spring embedded WebApplicationContext
2025-07-30T21:55:34.857-03:00  INFO 25444 --- [tastemanager] [main] w.s.c.ServletWebServerApplicationContext : Root WebApplicationContext: initialization completed in 3074 ms
2025-07-30T21:55:34.949-03:00  INFO 25444 --- [tastemanager] [main] com.zaxxer.hikari.HikariDataSource       : HikariPool-1 - Starting...
2025-07-30T21:55:35.370-03:00  INFO 25444 --- [tastemanager] [main] com.zaxxer.hikari.pool.HikariPool        : HikariPool-1 - Added connection conn0: url=jdbc:h2:mem:tastmanagerdb user=SA
2025-07-30T21:55:35.370-03:00  INFO 25444 --- [tastemanager] [main] com.zaxxer.hikari.HikariDataSource       : HikariPool-1 - Start completed.
2025-07-30T21:55:35.387-03:00  INFO 25444 --- [tastemanager] [main] o.s.b.a.h2.H2ConsoleAutoConfiguration    : H2 console available at '/h2-console'. Database available at 'jdbc:h2:mem:tastmanagerdb'
2025-07-30T21:55:35.676-03:00  INFO 25444 --- [tastemanager] [main] o.hibernate.jpa.internal.util.LogHelper  : HHH000204: Processing PersistenceUnitInfo [name: default]
2025-07-30T21:55:35.831-03:00  INFO 25444 --- [tastemanager] [main] org.hibernate.Version                    : HHH000412: Hibernate ORM core version 6.4.4.Final
2025-07-30T21:55:35.913-03:00  INFO 25444 --- [tastemanager] [main] o.h.c.internal.RegionFactoryInitiator    : HHH000026: Second-level cache disabled
2025-07-30T21:55:36.444-03:00  INFO 25444 --- [tastemanager] [main] o.s.o.j.p.SpringPersistenceUnitInfo      : No LoadTimeWeaver setup: ignoring JPA class transformer
2025-07-30T21:55:36.547-03:00  WARN 25444 --- [tastemanager] [main] org.hibernate.orm.deprecation            : HHH90000025: H2Dialect does not need to be specified explicitly using 'hibernate.dialect' (remove the property setting and it will be selected by default)
2025-07-30T21:55:39.902-03:00  INFO 25444 --- [tastemanager] [main] o.h.e.t.j.p.i.JtaPlatformInitiator       : HHH000489: No JTA platform available (set 'hibernate.transaction.jta.platform' to enable JTA platform integration)
2025-07-30T21:55:40.521-03:00  INFO 25444 --- [tastemanager] [main] j.LocalContainerEntityManagerFactoryBean : Initialized JPA EntityManagerFactory for persistence unit 'default'
2025-07-30T21:55:43.863-03:00  INFO 25444 --- [tastemanager] [main] o.s.d.j.r.query.QueryEnhancerFactory     : Hibernate is in classpath; If applicable, HQL parser will be used.
2025-07-30T21:55:45.133-03:00  WARN 25444 --- [tastemanager] [main] JpaBaseConfiguration$JpaWebConfiguration : spring.jpa.open-in-view is enabled by default. Therefore, database queries may be performed during view rendering. Explicitly configure spring.jpa.open-in-view to disable this warning
2025-07-30T21:55:45.390-03:00 DEBUG 25444 --- [tastemanager] [main] s.w.s.m.m.a.RequestMappingHandlerMapping : 27 mappings in 'requestMappingHandlerMapping'
2025-07-30T21:55:45.542-03:00 DEBUG 25444 --- [tastemanager] [main] o.s.w.s.handler.SimpleUrlHandlerMapping  : Patterns [/webjars/**, /**, /swagger-ui*/*swagger-initializer.js, /swagger-ui*/**] in 'resourceHandlerMapping'
2025-07-30T21:55:45.614-03:00 DEBUG 25444 --- [tastemanager] [main] s.w.s.m.m.a.RequestMappingHandlerAdapter : ControllerAdvice beans: 0 @ModelAttribute, 0 @InitBinder, 1 RequestBodyAdvice, 1 ResponseBodyAdvice
2025-07-30T21:55:45.697-03:00 DEBUG 25444 --- [tastemanager] [main] .m.m.a.ExceptionHandlerExceptionResolver : ControllerAdvice beans: 2 @ExceptionHandler, 1 ResponseBodyAdvice
2025-07-30T21:55:46.057-03:00  INFO 25444 --- [tastemanager] [main] o.s.b.w.embedded.tomcat.TomcatWebServer  : Tomcat started on port 8080 (http) with context path ''
2025-07-30T21:55:46.071-03:00  INFO 25444 --- [tastemanager] [main] b.c.t.TasteManagerApplication            : Started TasteManagerApplication in 15.144 seconds (process running for 16.297)
2025-07-30T21:55:51.783-03:00  INFO 25444 --- [tastemanager] [http-nio-8080-exec-1] o.a.c.c.C.[Tomcat].[localhost].[/]       : Initializing Spring DispatcherServlet 'dispatcherServlet'
2025-07-30T21:55:51.783-03:00  INFO 25444 --- [tastemanager] [http-nio-8080-exec-1] o.s.web.servlet.DispatcherServlet        : Initializing Servlet 'dispatcherServlet'
2025-07-30T21:55:51.783-03:00 DEBUG 25444 --- [tastemanager] [http-nio-8080-exec-1] o.s.web.servlet.DispatcherServlet        : Detected StandardServletMultipartResolver
2025-07-30T21:55:51.783-03:00 DEBUG 25444 --- [tastemanager] [http-nio-8080-exec-1] o.s.web.servlet.DispatcherServlet        : Detected AcceptHeaderLocaleResolver
2025-07-30T21:55:51.783-03:00 DEBUG 25444 --- [tastemanager] [http-nio-8080-exec-1] o.s.web.servlet.DispatcherServlet        : Detected FixedThemeResolver
2025-07-30T21:55:51.783-03:00 DEBUG 25444 --- [tastemanager] [http-nio-8080-exec-1] o.s.web.servlet.DispatcherServlet        : Detected org.springframework.web.servlet.view.DefaultRequestToViewNameTranslator@1fc02a84
2025-07-30T21:55:51.783-03:00 DEBUG 25444 --- [tastemanager] [http-nio-8080-exec-1] o.s.web.servlet.DispatcherServlet        : Detected org.springframework.web.servlet.support.SessionFlashMapManager@5453b15d
2025-07-30T21:55:51.783-03:00 DEBUG 25444 --- [tastemanager] [http-nio-8080-exec-1] o.s.web.servlet.DispatcherServlet        : enableLoggingRequestDetails='false': request parameters and headers will be masked to prevent unsafe logging of potentially sensitive data
2025-07-30T21:55:51.783-03:00  INFO 25444 --- [tastemanager] [http-nio-8080-exec-1] o.s.web.servlet.DispatcherServlet        : Completed initialization in 0 ms
2025-07-30T21:55:51.804-03:00 DEBUG 25444 --- [tastemanager] [http-nio-8080-exec-1] o.s.web.servlet.DispatcherServlet        : POST "/menu/create/1", parameters={}
2025-07-30T21:55:51.832-03:00 DEBUG 25444 --- [tastemanager] [http-nio-8080-exec-1] s.w.s.m.m.a.RequestMappingHandlerMapping : Mapped to br.com.tastemanager.controller.MenuController#createMenu(Long, MenuRequestDTO)
2025-07-30T21:55:51.979-03:00 DEBUG 25444 --- [tastemanager] [http-nio-8080-exec-1] m.m.a.RequestResponseBodyMethodProcessor : Read "application/json;charset=UTF-8" to [br.com.tastemanager.dto.request.MenuRequestDTO@19b5278d]
2025-07-30T21:55:52.314-03:00 DEBUG 25444 --- [tastemanager] [http-nio-8080-exec-1] o.s.w.s.m.m.a.HttpEntityMethodProcessor  : Using 'application/json', given [*/*] and supported [application/json, application/*+json]
2025-07-30T21:55:52.314-03:00 DEBUG 25444 --- [tastemanager] [http-nio-8080-exec-1] o.s.w.s.m.m.a.HttpEntityMethodProcessor  : Writing [br.com.tastemanager.dto.response.MenuResponseDTO@77c56bff]
2025-07-30T21:55:52.364-03:00 DEBUG 25444 --- [tastemanager] [http-nio-8080-exec-1] o.s.web.servlet.DispatcherServlet        : Completed 201 CREATED
2025-07-30T21:56:02.884-03:00 DEBUG 25444 --- [tastemanager] [http-nio-8080-exec-4] o.s.web.servlet.DispatcherServlet        : POST "/menu/create/1", parameters={}
2025-07-30T21:56:02.884-03:00 DEBUG 25444 --- [tastemanager] [http-nio-8080-exec-4] s.w.s.m.m.a.RequestMappingHandlerMapping : Mapped to br.com.tastemanager.controller.MenuController#createMenu(Long, MenuRequestDTO)
2025-07-30T21:56:02.884-03:00 DEBUG 25444 --- [tastemanager] [http-nio-8080-exec-4] m.m.a.RequestResponseBodyMethodProcessor : Read "application/json;charset=UTF-8" to [br.com.tastemanager.dto.request.MenuRequestDTO@43d0fad]
2025-07-30T21:56:02.933-03:00 DEBUG 25444 --- [tastemanager] [http-nio-8080-exec-4] o.s.w.s.m.m.a.HttpEntityMethodProcessor  : Using 'application/json', given [*/*] and supported [application/json, application/*+json]
2025-07-30T21:56:02.933-03:00 DEBUG 25444 --- [tastemanager] [http-nio-8080-exec-4] o.s.w.s.m.m.a.HttpEntityMethodProcessor  : Writing [br.com.tastemanager.dto.response.MenuResponseDTO@30601c52]
2025-07-30T21:56:02.933-03:00 DEBUG 25444 --- [tastemanager] [http-nio-8080-exec-4] o.s.web.servlet.DispatcherServlet        : Completed 201 CREATED
2025-07-30T21:57:27.516-03:00 DEBUG 25444 --- [tastemanager] [http-nio-8080-exec-5] o.s.web.servlet.DispatcherServlet        : PUT "/menu/update/1", parameters={}
2025-07-30T21:57:27.520-03:00 DEBUG 25444 --- [tastemanager] [http-nio-8080-exec-5] s.w.s.m.m.a.RequestMappingHandlerMapping : Mapped to br.com.tastemanager.controller.MenuController#updateMenu(Long, MenuItemUpdateRequestDTO)
2025-07-30T21:57:27.578-03:00 DEBUG 25444 --- [tastemanager] [http-nio-8080-exec-5] m.m.a.RequestResponseBodyMethodProcessor : Read "application/json;charset=UTF-8" to [br.com.tastemanager.dto.request.MenuItemUpdateRequestDTO@423d6c33]
2025-07-30T21:57:27.801-03:00 DEBUG 25444 --- [tastemanager] [http-nio-8080-exec-5] o.s.w.s.m.m.a.HttpEntityMethodProcessor  : Using 'application/json', given [*/*] and supported [application/json, application/*+json]
2025-07-30T21:57:27.801-03:00 DEBUG 25444 --- [tastemanager] [http-nio-8080-exec-5] o.s.w.s.m.m.a.HttpEntityMethodProcessor  : Writing [br.com.tastemanager.dto.response.MenuResponseDTO@7108d67a]
2025-07-30T21:57:27.810-03:00 DEBUG 25444 --- [tastemanager] [http-nio-8080-exec-5] o.s.web.servlet.DispatcherServlet        : Completed 200 OK
2025-07-30T21:57:46.624-03:00 DEBUG 25444 --- [tastemanager] [http-nio-8080-exec-2] o.s.web.servlet.DispatcherServlet        : PUT "/menu/update/1", parameters={}
2025-07-30T21:57:46.634-03:00 DEBUG 25444 --- [tastemanager] [http-nio-8080-exec-2] s.w.s.m.m.a.RequestMappingHandlerMapping : Mapped to br.com.tastemanager.controller.MenuController#updateMenu(Long, MenuItemUpdateRequestDTO)
2025-07-30T21:57:46.651-03:00 DEBUG 25444 --- [tastemanager] [http-nio-8080-exec-2] m.m.a.RequestResponseBodyMethodProcessor : Read "application/json;charset=UTF-8" to [br.com.tastemanager.dto.request.MenuItemUpdateRequestDTO@229cc306]
2025-07-30T21:57:46.765-03:00 DEBUG 25444 --- [tastemanager] [http-nio-8080-exec-2] o.s.w.s.m.m.a.HttpEntityMethodProcessor  : Using 'application/json', given [*/*] and supported [application/json, application/*+json]
2025-07-30T21:57:46.778-03:00 DEBUG 25444 --- [tastemanager] [http-nio-8080-exec-2] o.s.w.s.m.m.a.HttpEntityMethodProcessor  : Writing [br.com.tastemanager.dto.response.MenuResponseDTO@83c262]
2025-07-30T21:57:46.784-03:00 DEBUG 25444 --- [tastemanager] [http-nio-8080-exec-2] o.s.web.servlet.DispatcherServlet        : Completed 200 OK
2025-07-30T21:58:09.697-03:00 DEBUG 25444 --- [tastemanager] [http-nio-8080-exec-1] o.s.web.servlet.DispatcherServlet        : POST "/menu/create/2", parameters={}
2025-07-30T21:58:09.697-03:00 DEBUG 25444 --- [tastemanager] [http-nio-8080-exec-1] s.w.s.m.m.a.RequestMappingHandlerMapping : Mapped to br.com.tastemanager.controller.MenuController#createMenu(Long, MenuRequestDTO)
2025-07-30T21:58:09.705-03:00 DEBUG 25444 --- [tastemanager] [http-nio-8080-exec-1] m.m.a.RequestResponseBodyMethodProcessor : Read "application/json;charset=UTF-8" to [br.com.tastemanager.dto.request.MenuRequestDTO@6bcdb48b]
2025-07-30T21:58:09.723-03:00 DEBUG 25444 --- [tastemanager] [http-nio-8080-exec-1] o.s.w.s.m.m.a.HttpEntityMethodProcessor  : Using 'application/json', given [*/*] and supported [application/json, application/*+json]
2025-07-30T21:58:09.723-03:00 DEBUG 25444 --- [tastemanager] [http-nio-8080-exec-1] o.s.w.s.m.m.a.HttpEntityMethodProcessor  : Writing [br.com.tastemanager.dto.response.MenuResponseDTO@7dbe63d]
2025-07-30T21:58:09.723-03:00 DEBUG 25444 --- [tastemanager] [http-nio-8080-exec-1] o.s.web.servlet.DispatcherServlet        : Completed 201 CREATED
2025-07-30T21:58:18.671-03:00 DEBUG 25444 --- [tastemanager] [http-nio-8080-exec-9] o.s.web.servlet.DispatcherServlet        : PUT "/menu/update/2", parameters={}
2025-07-30T21:58:18.674-03:00 DEBUG 25444 --- [tastemanager] [http-nio-8080-exec-9] s.w.s.m.m.a.RequestMappingHandlerMapping : Mapped to br.com.tastemanager.controller.MenuController#updateMenu(Long, MenuItemUpdateRequestDTO)
2025-07-30T21:58:18.675-03:00 DEBUG 25444 --- [tastemanager] [http-nio-8080-exec-9] m.m.a.RequestResponseBodyMethodProcessor : Read "application/json;charset=UTF-8" to [br.com.tastemanager.dto.request.MenuItemUpdateRequestDTO@15f1258c]
2025-07-30T21:58:18.688-03:00 DEBUG 25444 --- [tastemanager] [http-nio-8080-exec-9] .m.m.a.ExceptionHandlerExceptionResolver : Using @ExceptionHandler br.com.tastemanager.exception.GlobalExceptionHandler#handleIllegalArgumentException(IllegalArgumentException)
2025-07-30T21:58:18.692-03:00 DEBUG 25444 --- [tastemanager] [http-nio-8080-exec-9] o.s.w.s.m.m.a.HttpEntityMethodProcessor  : Using 'text/plain', given [*/*] and supported [text/plain, */*, application/json, application/*+json]
2025-07-30T21:58:18.692-03:00 DEBUG 25444 --- [tastemanager] [http-nio-8080-exec-9] o.s.w.s.m.m.a.HttpEntityMethodProcessor  : Writing ["Could not found this item in the menu"]
2025-07-30T21:58:18.695-03:00 DEBUG 25444 --- [tastemanager] [http-nio-8080-exec-9] .m.m.a.ExceptionHandlerExceptionResolver : Resolved [java.lang.IllegalArgumentException: Could not found this item in the menu]
2025-07-30T21:58:18.695-03:00 DEBUG 25444 --- [tastemanager] [http-nio-8080-exec-9] o.s.web.servlet.DispatcherServlet        : Completed 400 BAD_REQUEST
2025-07-30T21:58:33.506-03:00 DEBUG 25444 --- [tastemanager] [http-nio-8080-exec-4] o.s.web.servlet.DispatcherServlet        : PUT "/menu/update/2", parameters={}
2025-07-30T21:58:33.508-03:00 DEBUG 25444 --- [tastemanager] [http-nio-8080-exec-4] s.w.s.m.m.a.RequestMappingHandlerMapping : Mapped to br.com.tastemanager.controller.MenuController#updateMenu(Long, MenuItemUpdateRequestDTO)
2025-07-30T21:58:33.525-03:00 DEBUG 25444 --- [tastemanager] [http-nio-8080-exec-4] m.m.a.RequestResponseBodyMethodProcessor : Read "application/json;charset=UTF-8" to [br.com.tastemanager.dto.request.MenuItemUpdateRequestDTO@61b0b6ad]
2025-07-30T21:58:33.556-03:00 DEBUG 25444 --- [tastemanager] [http-nio-8080-exec-4] .m.m.a.ExceptionHandlerExceptionResolver : Using @ExceptionHandler br.com.tastemanager.exception.GlobalExceptionHandler#handleIllegalArgumentException(IllegalArgumentException)
2025-07-30T21:58:33.566-03:00 DEBUG 25444 --- [tastemanager] [http-nio-8080-exec-4] o.s.w.s.m.m.a.HttpEntityMethodProcessor  : Using 'text/plain', given [*/*] and supported [text/plain, */*, application/json, application/*+json]
2025-07-30T21:58:33.579-03:00 DEBUG 25444 --- [tastemanager] [http-nio-8080-exec-4] o.s.w.s.m.m.a.HttpEntityMethodProcessor  : Writing ["Could not found this item in the menu"]
2025-07-30T21:58:33.608-03:00 DEBUG 25444 --- [tastemanager] [http-nio-8080-exec-4] .m.m.a.ExceptionHandlerExceptionResolver : Resolved [java.lang.IllegalArgumentException: Could not found this item in the menu]
2025-07-30T21:58:33.610-03:00 DEBUG 25444 --- [tastemanager] [http-nio-8080-exec-4] o.s.web.servlet.DispatcherServlet        : Completed 400 BAD_REQUEST
2025-07-30T21:58:47.200-03:00 DEBUG 25444 --- [tastemanager] [http-nio-8080-exec-6] o.s.web.servlet.DispatcherServlet        : GET "/menu/find-all-by-restaurant/2", parameters={}
2025-07-30T21:58:47.200-03:00 DEBUG 25444 --- [tastemanager] [http-nio-8080-exec-6] s.w.s.m.m.a.RequestMappingHandlerMapping : Mapped to br.com.tastemanager.controller.MenuController#getMenusByRestaurant(Long)
2025-07-30T21:58:47.215-03:00 DEBUG 25444 --- [tastemanager] [http-nio-8080-exec-6] o.s.w.s.m.m.a.HttpEntityMethodProcessor  : Using 'application/json', given [*/*] and supported [application/json, application/*+json]
2025-07-30T21:58:47.215-03:00 DEBUG 25444 --- [tastemanager] [http-nio-8080-exec-6] o.s.w.s.m.m.a.HttpEntityMethodProcessor  : Writing [[br.com.tastemanager.dto.response.MenuResponseDTO@1703dc0f]]
2025-07-30T21:58:47.223-03:00 DEBUG 25444 --- [tastemanager] [http-nio-8080-exec-6] o.s.web.servlet.DispatcherServlet        : Completed 201 CREATED
2025-07-30T21:59:01.581-03:00 DEBUG 25444 --- [tastemanager] [http-nio-8080-exec-8] o.s.web.servlet.DispatcherServlet        : PUT "/menu/update/2", parameters={}
2025-07-30T21:59:01.583-03:00 DEBUG 25444 --- [tastemanager] [http-nio-8080-exec-8] s.w.s.m.m.a.RequestMappingHandlerMapping : Mapped to br.com.tastemanager.controller.MenuController#updateMenu(Long, MenuItemUpdateRequestDTO)
2025-07-30T21:59:01.590-03:00 DEBUG 25444 --- [tastemanager] [http-nio-8080-exec-8] m.m.a.RequestResponseBodyMethodProcessor : Read "application/json;charset=UTF-8" to [br.com.tastemanager.dto.request.MenuItemUpdateRequestDTO@23fd193a]
2025-07-30T21:59:01.609-03:00 DEBUG 25444 --- [tastemanager] [http-nio-8080-exec-8] .m.m.a.ExceptionHandlerExceptionResolver : Using @ExceptionHandler br.com.tastemanager.exception.GlobalExceptionHandler#handleIllegalArgumentException(IllegalArgumentException)
2025-07-30T21:59:01.611-03:00 DEBUG 25444 --- [tastemanager] [http-nio-8080-exec-8] o.s.w.s.m.m.a.HttpEntityMethodProcessor  : Using 'text/plain', given [*/*] and supported [text/plain, */*, application/json, application/*+json]
2025-07-30T21:59:01.613-03:00 DEBUG 25444 --- [tastemanager] [http-nio-8080-exec-8] o.s.w.s.m.m.a.HttpEntityMethodProcessor  : Writing ["Could not found this item in the menu"]
2025-07-30T21:59:01.615-03:00 DEBUG 25444 --- [tastemanager] [http-nio-8080-exec-8] .m.m.a.ExceptionHandlerExceptionResolver : Resolved [java.lang.IllegalArgumentException: Could not found this item in the menu]
2025-07-30T21:59:01.622-03:00 DEBUG 25444 --- [tastemanager] [http-nio-8080-exec-8] o.s.web.servlet.DispatcherServlet        : Completed 400 BAD_REQUEST
2025-07-30T22:02:50.319-03:00  INFO 25444 --- [tastemanager] [SpringApplicationShutdownHook] j.LocalContainerEntityManagerFactoryBean : Closing JPA EntityManagerFactory for persistence unit 'default'
2025-07-30T22:02:50.322-03:00  INFO 25444 --- [tastemanager] [SpringApplicationShutdownHook] com.zaxxer.hikari.HikariDataSource       : HikariPool-1 - Shutdown initiated...
2025-07-30T22:02:50.327-03:00  INFO 25444 --- [tastemanager] [SpringApplicationShutdownHook] com.zaxxer.hikari.HikariDataSource       : HikariPool-1 - Shutdown completed.
2025-07-30T22:02:57.339-03:00  INFO 30048 --- [tastemanager] [main] b.c.t.TasteManagerApplication            : Starting TasteManagerApplication using Java 21.0.7 with PID 30048 (C:\Users\silva\Projects\FIAP\tastemanager\target\classes started by silva in C:\Users\silva\Projects\FIAP\tastemanager)
2025-07-30T22:02:57.344-03:00  INFO 30048 --- [tastemanager] [main] b.c.t.TasteManagerApplication            : No active profile set, falling back to 1 default profile: "default"
2025-07-30T22:02:59.075-03:00  INFO 30048 --- [tastemanager] [main] .s.d.r.c.RepositoryConfigurationDelegate : Bootstrapping Spring Data JPA repositories in DEFAULT mode.
2025-07-30T22:02:59.244-03:00  INFO 30048 --- [tastemanager] [main] .s.d.r.c.RepositoryConfigurationDelegate : Finished Spring Data repository scanning in 151 ms. Found 4 JPA repository interfaces.
2025-07-30T22:03:00.483-03:00  INFO 30048 --- [tastemanager] [main] o.s.b.w.embedded.tomcat.TomcatWebServer  : Tomcat initialized with port 8080 (http)
2025-07-30T22:03:00.516-03:00  INFO 30048 --- [tastemanager] [main] o.apache.catalina.core.StandardService   : Starting service [Tomcat]
2025-07-30T22:03:00.527-03:00  INFO 30048 --- [tastemanager] [main] o.apache.catalina.core.StandardEngine    : Starting Servlet engine: [Apache Tomcat/10.1.20]
2025-07-30T22:03:00.652-03:00  INFO 30048 --- [tastemanager] [main] o.a.c.c.C.[Tomcat].[localhost].[/]       : Initializing Spring embedded WebApplicationContext
2025-07-30T22:03:00.653-03:00  INFO 30048 --- [tastemanager] [main] w.s.c.ServletWebServerApplicationContext : Root WebApplicationContext: initialization completed in 3205 ms
2025-07-30T22:03:00.718-03:00  INFO 30048 --- [tastemanager] [main] com.zaxxer.hikari.HikariDataSource       : HikariPool-1 - Starting...
2025-07-30T22:03:01.136-03:00  INFO 30048 --- [tastemanager] [main] com.zaxxer.hikari.pool.HikariPool        : HikariPool-1 - Added connection conn0: url=jdbc:h2:mem:tastmanagerdb user=SA
2025-07-30T22:03:01.140-03:00  INFO 30048 --- [tastemanager] [main] com.zaxxer.hikari.HikariDataSource       : HikariPool-1 - Start completed.
2025-07-30T22:03:01.162-03:00  INFO 30048 --- [tastemanager] [main] o.s.b.a.h2.H2ConsoleAutoConfiguration    : H2 console available at '/h2-console'. Database available at 'jdbc:h2:mem:tastmanagerdb'
2025-07-30T22:03:01.426-03:00  INFO 30048 --- [tastemanager] [main] o.hibernate.jpa.internal.util.LogHelper  : HHH000204: Processing PersistenceUnitInfo [name: default]
2025-07-30T22:03:01.553-03:00  INFO 30048 --- [tastemanager] [main] org.hibernate.Version                    : HHH000412: Hibernate ORM core version 6.4.4.Final
2025-07-30T22:03:01.629-03:00  INFO 30048 --- [tastemanager] [main] o.h.c.internal.RegionFactoryInitiator    : HHH000026: Second-level cache disabled
2025-07-30T22:03:02.119-03:00  INFO 30048 --- [tastemanager] [main] o.s.o.j.p.SpringPersistenceUnitInfo      : No LoadTimeWeaver setup: ignoring JPA class transformer
2025-07-30T22:03:02.208-03:00  WARN 30048 --- [tastemanager] [main] org.hibernate.orm.deprecation            : HHH90000025: H2Dialect does not need to be specified explicitly using 'hibernate.dialect' (remove the property setting and it will be selected by default)
2025-07-30T22:03:03.896-03:00  INFO 30048 --- [tastemanager] [main] o.h.e.t.j.p.i.JtaPlatformInitiator       : HHH000489: No JTA platform available (set 'hibernate.transaction.jta.platform' to enable JTA platform integration)
2025-07-30T22:03:04.064-03:00  INFO 30048 --- [tastemanager] [main] j.LocalContainerEntityManagerFactoryBean : Initialized JPA EntityManagerFactory for persistence unit 'default'
2025-07-30T22:03:04.761-03:00  INFO 30048 --- [tastemanager] [main] o.s.d.j.r.query.QueryEnhancerFactory     : Hibernate is in classpath; If applicable, HQL parser will be used.
2025-07-30T22:03:05.945-03:00  WARN 30048 --- [tastemanager] [main] JpaBaseConfiguration$JpaWebConfiguration : spring.jpa.open-in-view is enabled by default. Therefore, database queries may be performed during view rendering. Explicitly configure spring.jpa.open-in-view to disable this warning
2025-07-30T22:03:06.228-03:00 DEBUG 30048 --- [tastemanager] [main] s.w.s.m.m.a.RequestMappingHandlerMapping : 27 mappings in 'requestMappingHandlerMapping'
2025-07-30T22:03:06.380-03:00 DEBUG 30048 --- [tastemanager] [main] o.s.w.s.handler.SimpleUrlHandlerMapping  : Patterns [/webjars/**, /**, /swagger-ui*/*swagger-initializer.js, /swagger-ui*/**] in 'resourceHandlerMapping'
2025-07-30T22:03:06.468-03:00 DEBUG 30048 --- [tastemanager] [main] s.w.s.m.m.a.RequestMappingHandlerAdapter : ControllerAdvice beans: 0 @ModelAttribute, 0 @InitBinder, 1 RequestBodyAdvice, 1 ResponseBodyAdvice
2025-07-30T22:03:06.539-03:00 DEBUG 30048 --- [tastemanager] [main] .m.m.a.ExceptionHandlerExceptionResolver : ControllerAdvice beans: 2 @ExceptionHandler, 1 ResponseBodyAdvice
2025-07-30T22:03:06.984-03:00  INFO 30048 --- [tastemanager] [main] o.s.b.w.embedded.tomcat.TomcatWebServer  : Tomcat started on port 8080 (http) with context path ''
2025-07-30T22:03:07.007-03:00  INFO 30048 --- [tastemanager] [main] b.c.t.TasteManagerApplication            : Started TasteManagerApplication in 10.494 seconds (process running for 11.294)
2025-07-30T22:03:18.826-03:00  INFO 30048 --- [tastemanager] [http-nio-8080-exec-1] o.a.c.c.C.[Tomcat].[localhost].[/]       : Initializing Spring DispatcherServlet 'dispatcherServlet'
2025-07-30T22:03:18.829-03:00  INFO 30048 --- [tastemanager] [http-nio-8080-exec-1] o.s.web.servlet.DispatcherServlet        : Initializing Servlet 'dispatcherServlet'
2025-07-30T22:03:18.829-03:00 DEBUG 30048 --- [tastemanager] [http-nio-8080-exec-1] o.s.web.servlet.DispatcherServlet        : Detected StandardServletMultipartResolver
2025-07-30T22:03:18.829-03:00 DEBUG 30048 --- [tastemanager] [http-nio-8080-exec-1] o.s.web.servlet.DispatcherServlet        : Detected AcceptHeaderLocaleResolver
2025-07-30T22:03:18.829-03:00 DEBUG 30048 --- [tastemanager] [http-nio-8080-exec-1] o.s.web.servlet.DispatcherServlet        : Detected FixedThemeResolver
2025-07-30T22:03:18.833-03:00 DEBUG 30048 --- [tastemanager] [http-nio-8080-exec-1] o.s.web.servlet.DispatcherServlet        : Detected org.springframework.web.servlet.view.DefaultRequestToViewNameTranslator@61cf142f
2025-07-30T22:03:18.833-03:00 DEBUG 30048 --- [tastemanager] [http-nio-8080-exec-1] o.s.web.servlet.DispatcherServlet        : Detected org.springframework.web.servlet.support.SessionFlashMapManager@6b334a1
2025-07-30T22:03:18.835-03:00 DEBUG 30048 --- [tastemanager] [http-nio-8080-exec-1] o.s.web.servlet.DispatcherServlet        : enableLoggingRequestDetails='false': request parameters and headers will be masked to prevent unsafe logging of potentially sensitive data
2025-07-30T22:03:18.836-03:00  INFO 30048 --- [tastemanager] [http-nio-8080-exec-1] o.s.web.servlet.DispatcherServlet        : Completed initialization in 6 ms
2025-07-30T22:03:18.860-03:00 DEBUG 30048 --- [tastemanager] [http-nio-8080-exec-1] o.s.web.servlet.DispatcherServlet        : POST "/menu/create/2", parameters={}
2025-07-30T22:03:18.893-03:00 DEBUG 30048 --- [tastemanager] [http-nio-8080-exec-1] s.w.s.m.m.a.RequestMappingHandlerMapping : Mapped to br.com.tastemanager.controller.MenuController#createMenu(Long, MenuRequestDTO)
2025-07-30T22:03:19.185-03:00 DEBUG 30048 --- [tastemanager] [http-nio-8080-exec-1] m.m.a.RequestResponseBodyMethodProcessor : Read "application/json;charset=UTF-8" to [br.com.tastemanager.dto.request.MenuRequestDTO@11b06e7e]
2025-07-30T22:03:19.807-03:00 DEBUG 30048 --- [tastemanager] [http-nio-8080-exec-1] o.s.w.s.m.m.a.HttpEntityMethodProcessor  : Using 'application/json', given [*/*] and supported [application/json, application/*+json]
2025-07-30T22:03:19.809-03:00 DEBUG 30048 --- [tastemanager] [http-nio-8080-exec-1] o.s.w.s.m.m.a.HttpEntityMethodProcessor  : Writing [br.com.tastemanager.dto.response.MenuResponseDTO@68fa72c1]
2025-07-30T22:03:19.859-03:00 DEBUG 30048 --- [tastemanager] [http-nio-8080-exec-1] o.s.web.servlet.DispatcherServlet        : Completed 201 CREATED
2025-07-30T22:03:27.446-03:00 DEBUG 30048 --- [tastemanager] [http-nio-8080-exec-5] o.s.web.servlet.DispatcherServlet        : POST "/menu/create/1", parameters={}
2025-07-30T22:03:27.446-03:00 DEBUG 30048 --- [tastemanager] [http-nio-8080-exec-5] s.w.s.m.m.a.RequestMappingHandlerMapping : Mapped to br.com.tastemanager.controller.MenuController#createMenu(Long, MenuRequestDTO)
2025-07-30T22:03:27.450-03:00 DEBUG 30048 --- [tastemanager] [http-nio-8080-exec-5] m.m.a.RequestResponseBodyMethodProcessor : Read "application/json;charset=UTF-8" to [br.com.tastemanager.dto.request.MenuRequestDTO@68158a04]
2025-07-30T22:03:27.469-03:00 DEBUG 30048 --- [tastemanager] [http-nio-8080-exec-5] o.s.w.s.m.m.a.HttpEntityMethodProcessor  : Using 'application/json', given [*/*] and supported [application/json, application/*+json]
2025-07-30T22:03:27.472-03:00 DEBUG 30048 --- [tastemanager] [http-nio-8080-exec-5] o.s.w.s.m.m.a.HttpEntityMethodProcessor  : Writing [br.com.tastemanager.dto.response.MenuResponseDTO@77509d]
2025-07-30T22:03:27.475-03:00 DEBUG 30048 --- [tastemanager] [http-nio-8080-exec-5] o.s.web.servlet.DispatcherServlet        : Completed 201 CREATED
2025-07-30T22:03:30.263-03:00 DEBUG 30048 --- [tastemanager] [http-nio-8080-exec-6] o.s.web.servlet.DispatcherServlet        : POST "/menu/create/1", parameters={}
2025-07-30T22:03:30.272-03:00 DEBUG 30048 --- [tastemanager] [http-nio-8080-exec-6] s.w.s.m.m.a.RequestMappingHandlerMapping : Mapped to br.com.tastemanager.controller.MenuController#createMenu(Long, MenuRequestDTO)
2025-07-30T22:03:30.274-03:00 DEBUG 30048 --- [tastemanager] [http-nio-8080-exec-6] m.m.a.RequestResponseBodyMethodProcessor : Read "application/json;charset=UTF-8" to [br.com.tastemanager.dto.request.MenuRequestDTO@523e129]
2025-07-30T22:03:30.350-03:00 DEBUG 30048 --- [tastemanager] [http-nio-8080-exec-6] o.s.w.s.m.m.a.HttpEntityMethodProcessor  : Using 'application/json', given [*/*] and supported [application/json, application/*+json]
2025-07-30T22:03:30.350-03:00 DEBUG 30048 --- [tastemanager] [http-nio-8080-exec-6] o.s.w.s.m.m.a.HttpEntityMethodProcessor  : Writing [br.com.tastemanager.dto.response.MenuResponseDTO@fb5f9aa]
2025-07-30T22:03:30.350-03:00 DEBUG 30048 --- [tastemanager] [http-nio-8080-exec-6] o.s.web.servlet.DispatcherServlet        : Completed 201 CREATED
2025-07-30T22:03:36.114-03:00 DEBUG 30048 --- [tastemanager] [http-nio-8080-exec-2] o.s.web.servlet.DispatcherServlet        : GET "/menu/find-all-by-restaurant/2", parameters={}
2025-07-30T22:03:36.114-03:00 DEBUG 30048 --- [tastemanager] [http-nio-8080-exec-2] s.w.s.m.m.a.RequestMappingHandlerMapping : Mapped to br.com.tastemanager.controller.MenuController#getMenusByRestaurant(Long)
2025-07-30T22:03:36.131-03:00 DEBUG 30048 --- [tastemanager] [http-nio-8080-exec-2] o.s.w.s.m.m.a.HttpEntityMethodProcessor  : Using 'application/json', given [*/*] and supported [application/json, application/*+json]
2025-07-30T22:03:36.132-03:00 DEBUG 30048 --- [tastemanager] [http-nio-8080-exec-2] o.s.w.s.m.m.a.HttpEntityMethodProcessor  : Writing [[br.com.tastemanager.dto.response.MenuResponseDTO@25f7e78c]]
2025-07-30T22:03:36.141-03:00 DEBUG 30048 --- [tastemanager] [http-nio-8080-exec-2] o.s.web.servlet.DispatcherServlet        : Completed 201 CREATED
2025-07-30T22:03:48.800-03:00 DEBUG 30048 --- [tastemanager] [http-nio-8080-exec-3] o.s.web.servlet.DispatcherServlet        : PUT "/menu/update/2", parameters={}
2025-07-30T22:03:48.805-03:00 DEBUG 30048 --- [tastemanager] [http-nio-8080-exec-3] s.w.s.m.m.a.RequestMappingHandlerMapping : Mapped to br.com.tastemanager.controller.MenuController#updateMenu(Long, MenuItemUpdateRequestDTO)
2025-07-30T22:03:48.816-03:00 DEBUG 30048 --- [tastemanager] [http-nio-8080-exec-3] m.m.a.RequestResponseBodyMethodProcessor : Read "application/json;charset=UTF-8" to [br.com.tastemanager.dto.request.MenuItemUpdateRequestDTO@67b6ee1c]
2025-07-30T22:03:48.832-03:00 DEBUG 30048 --- [tastemanager] [http-nio-8080-exec-3] .m.m.a.ExceptionHandlerExceptionResolver : Using @ExceptionHandler br.com.tastemanager.exception.GlobalExceptionHandler#handleIllegalArgumentException(IllegalArgumentException)
2025-07-30T22:03:48.838-03:00 DEBUG 30048 --- [tastemanager] [http-nio-8080-exec-3] o.s.w.s.m.m.a.HttpEntityMethodProcessor  : Using 'text/plain', given [*/*] and supported [text/plain, */*, application/json, application/*+json]
2025-07-30T22:03:48.838-03:00 DEBUG 30048 --- [tastemanager] [http-nio-8080-exec-3] o.s.w.s.m.m.a.HttpEntityMethodProcessor  : Writing ["Could not found this item in the menu"]
2025-07-30T22:03:48.843-03:00 DEBUG 30048 --- [tastemanager] [http-nio-8080-exec-3] .m.m.a.ExceptionHandlerExceptionResolver : Resolved [java.lang.IllegalArgumentException: Could not found this item in the menu]
2025-07-30T22:03:48.846-03:00 DEBUG 30048 --- [tastemanager] [http-nio-8080-exec-3] o.s.web.servlet.DispatcherServlet        : Completed 400 BAD_REQUEST
2025-07-30T22:04:42.435-03:00 DEBUG 30048 --- [tastemanager] [http-nio-8080-exec-8] o.s.web.servlet.DispatcherServlet        : PUT "/menu/update/2", parameters={}
2025-07-30T22:04:42.437-03:00 DEBUG 30048 --- [tastemanager] [http-nio-8080-exec-8] s.w.s.m.m.a.RequestMappingHandlerMapping : Mapped to br.com.tastemanager.controller.MenuController#updateMenu(Long, MenuItemUpdateRequestDTO)
2025-07-30T22:04:42.439-03:00 DEBUG 30048 --- [tastemanager] [http-nio-8080-exec-8] m.m.a.RequestResponseBodyMethodProcessor : Read "application/json;charset=UTF-8" to [br.com.tastemanager.dto.request.MenuItemUpdateRequestDTO@39133eea]
2025-07-30T22:04:42.446-03:00 DEBUG 30048 --- [tastemanager] [http-nio-8080-exec-8] .m.m.a.ExceptionHandlerExceptionResolver : Using @ExceptionHandler br.com.tastemanager.exception.GlobalExceptionHandler#handleIllegalArgumentException(IllegalArgumentException)
2025-07-30T22:04:42.446-03:00 DEBUG 30048 --- [tastemanager] [http-nio-8080-exec-8] o.s.w.s.m.m.a.HttpEntityMethodProcessor  : Using 'text/plain', given [*/*] and supported [text/plain, */*, application/json, application/*+json]
2025-07-30T22:04:42.446-03:00 DEBUG 30048 --- [tastemanager] [http-nio-8080-exec-8] o.s.w.s.m.m.a.HttpEntityMethodProcessor  : Writing ["Could not found this item in the menu"]
2025-07-30T22:04:42.448-03:00 DEBUG 30048 --- [tastemanager] [http-nio-8080-exec-8] .m.m.a.ExceptionHandlerExceptionResolver : Resolved [java.lang.IllegalArgumentException: Could not found this item in the menu]
2025-07-30T22:04:42.452-03:00 DEBUG 30048 --- [tastemanager] [http-nio-8080-exec-8] o.s.web.servlet.DispatcherServlet        : Completed 400 BAD_REQUEST
2025-07-30T22:08:51.778-03:00  INFO 30048 --- [tastemanager] [SpringApplicationShutdownHook] j.LocalContainerEntityManagerFactoryBean : Closing JPA EntityManagerFactory for persistence unit 'default'
2025-07-30T22:08:51.783-03:00  INFO 30048 --- [tastemanager] [SpringApplicationShutdownHook] com.zaxxer.hikari.HikariDataSource       : HikariPool-1 - Shutdown initiated...
2025-07-30T22:08:51.805-03:00  INFO 30048 --- [tastemanager] [SpringApplicationShutdownHook] com.zaxxer.hikari.HikariDataSource       : HikariPool-1 - Shutdown completed.
2025-07-30T22:09:09.010-03:00  INFO 26184 --- [tastemanager] [main] b.c.t.TasteManagerApplication            : Starting TasteManagerApplication using Java 21.0.7 with PID 26184 (C:\Users\silva\Projects\FIAP\tastemanager\target\classes started by silva in C:\Users\silva\Projects\FIAP\tastemanager)
2025-07-30T22:09:09.014-03:00  INFO 26184 --- [tastemanager] [main] b.c.t.TasteManagerApplication            : No active profile set, falling back to 1 default profile: "default"
2025-07-30T22:09:10.577-03:00  INFO 26184 --- [tastemanager] [main] .s.d.r.c.RepositoryConfigurationDelegate : Bootstrapping Spring Data JPA repositories in DEFAULT mode.
2025-07-30T22:09:10.746-03:00  INFO 26184 --- [tastemanager] [main] .s.d.r.c.RepositoryConfigurationDelegate : Finished Spring Data repository scanning in 150 ms. Found 4 JPA repository interfaces.
2025-07-30T22:09:12.059-03:00  INFO 26184 --- [tastemanager] [main] o.s.b.w.embedded.tomcat.TomcatWebServer  : Tomcat initialized with port 8080 (http)
2025-07-30T22:09:12.090-03:00  INFO 26184 --- [tastemanager] [main] o.apache.catalina.core.StandardService   : Starting service [Tomcat]
2025-07-30T22:09:12.091-03:00  INFO 26184 --- [tastemanager] [main] o.apache.catalina.core.StandardEngine    : Starting Servlet engine: [Apache Tomcat/10.1.20]
2025-07-30T22:09:12.198-03:00  INFO 26184 --- [tastemanager] [main] o.a.c.c.C.[Tomcat].[localhost].[/]       : Initializing Spring embedded WebApplicationContext
2025-07-30T22:09:12.198-03:00  INFO 26184 --- [tastemanager] [main] w.s.c.ServletWebServerApplicationContext : Root WebApplicationContext: initialization completed in 3098 ms
2025-07-30T22:09:12.276-03:00  INFO 26184 --- [tastemanager] [main] com.zaxxer.hikari.HikariDataSource       : HikariPool-1 - Starting...
2025-07-30T22:09:12.767-03:00  INFO 26184 --- [tastemanager] [main] com.zaxxer.hikari.pool.HikariPool        : HikariPool-1 - Added connection conn0: url=jdbc:h2:mem:tastmanagerdb user=SA
2025-07-30T22:09:12.771-03:00  INFO 26184 --- [tastemanager] [main] com.zaxxer.hikari.HikariDataSource       : HikariPool-1 - Start completed.
2025-07-30T22:09:12.793-03:00  INFO 26184 --- [tastemanager] [main] o.s.b.a.h2.H2ConsoleAutoConfiguration    : H2 console available at '/h2-console'. Database available at 'jdbc:h2:mem:tastmanagerdb'
2025-07-30T22:09:13.099-03:00  INFO 26184 --- [tastemanager] [main] o.hibernate.jpa.internal.util.LogHelper  : HHH000204: Processing PersistenceUnitInfo [name: default]
2025-07-30T22:09:13.248-03:00  INFO 26184 --- [tastemanager] [main] org.hibernate.Version                    : HHH000412: Hibernate ORM core version 6.4.4.Final
2025-07-30T22:09:13.328-03:00  INFO 26184 --- [tastemanager] [main] o.h.c.internal.RegionFactoryInitiator    : HHH000026: Second-level cache disabled
2025-07-30T22:09:13.860-03:00  INFO 26184 --- [tastemanager] [main] o.s.o.j.p.SpringPersistenceUnitInfo      : No LoadTimeWeaver setup: ignoring JPA class transformer
2025-07-30T22:09:13.926-03:00  WARN 26184 --- [tastemanager] [main] org.hibernate.orm.deprecation            : HHH90000025: H2Dialect does not need to be specified explicitly using 'hibernate.dialect' (remove the property setting and it will be selected by default)
2025-07-30T22:09:16.006-03:00  INFO 26184 --- [tastemanager] [main] o.h.e.t.j.p.i.JtaPlatformInitiator       : HHH000489: No JTA platform available (set 'hibernate.transaction.jta.platform' to enable JTA platform integration)
2025-07-30T22:09:16.251-03:00  INFO 26184 --- [tastemanager] [main] j.LocalContainerEntityManagerFactoryBean : Initialized JPA EntityManagerFactory for persistence unit 'default'
2025-07-30T22:09:17.268-03:00  INFO 26184 --- [tastemanager] [main] o.s.d.j.r.query.QueryEnhancerFactory     : Hibernate is in classpath; If applicable, HQL parser will be used.
2025-07-30T22:09:19.023-03:00  WARN 26184 --- [tastemanager] [main] JpaBaseConfiguration$JpaWebConfiguration : spring.jpa.open-in-view is enabled by default. Therefore, database queries may be performed during view rendering. Explicitly configure spring.jpa.open-in-view to disable this warning
2025-07-30T22:09:19.397-03:00 DEBUG 26184 --- [tastemanager] [main] s.w.s.m.m.a.RequestMappingHandlerMapping : 27 mappings in 'requestMappingHandlerMapping'
2025-07-30T22:09:19.670-03:00 DEBUG 26184 --- [tastemanager] [main] o.s.w.s.handler.SimpleUrlHandlerMapping  : Patterns [/webjars/**, /**, /swagger-ui*/*swagger-initializer.js, /swagger-ui*/**] in 'resourceHandlerMapping'
2025-07-30T22:09:19.778-03:00 DEBUG 26184 --- [tastemanager] [main] s.w.s.m.m.a.RequestMappingHandlerAdapter : ControllerAdvice beans: 0 @ModelAttribute, 0 @InitBinder, 1 RequestBodyAdvice, 1 ResponseBodyAdvice
2025-07-30T22:09:19.878-03:00 DEBUG 26184 --- [tastemanager] [main] .m.m.a.ExceptionHandlerExceptionResolver : ControllerAdvice beans: 2 @ExceptionHandler, 1 ResponseBodyAdvice
2025-07-30T22:09:20.467-03:00  INFO 26184 --- [tastemanager] [main] o.s.b.w.embedded.tomcat.TomcatWebServer  : Tomcat started on port 8080 (http) with context path ''
2025-07-30T22:09:20.496-03:00  INFO 26184 --- [tastemanager] [main] b.c.t.TasteManagerApplication            : Started TasteManagerApplication in 12.263 seconds (process running for 13.065)
2025-07-30T22:09:22.739-03:00  INFO 26184 --- [tastemanager] [http-nio-8080-exec-1] o.a.c.c.C.[Tomcat].[localhost].[/]       : Initializing Spring DispatcherServlet 'dispatcherServlet'
2025-07-30T22:09:22.740-03:00  INFO 26184 --- [tastemanager] [http-nio-8080-exec-1] o.s.web.servlet.DispatcherServlet        : Initializing Servlet 'dispatcherServlet'
2025-07-30T22:09:22.741-03:00 DEBUG 26184 --- [tastemanager] [http-nio-8080-exec-1] o.s.web.servlet.DispatcherServlet        : Detected StandardServletMultipartResolver
2025-07-30T22:09:22.745-03:00 DEBUG 26184 --- [tastemanager] [http-nio-8080-exec-1] o.s.web.servlet.DispatcherServlet        : Detected AcceptHeaderLocaleResolver
2025-07-30T22:09:22.746-03:00 DEBUG 26184 --- [tastemanager] [http-nio-8080-exec-1] o.s.web.servlet.DispatcherServlet        : Detected FixedThemeResolver
2025-07-30T22:09:22.750-03:00 DEBUG 26184 --- [tastemanager] [http-nio-8080-exec-1] o.s.web.servlet.DispatcherServlet        : Detected org.springframework.web.servlet.view.DefaultRequestToViewNameTranslator@6f823df7
2025-07-30T22:09:22.752-03:00 DEBUG 26184 --- [tastemanager] [http-nio-8080-exec-1] o.s.web.servlet.DispatcherServlet        : Detected org.springframework.web.servlet.support.SessionFlashMapManager@4ce1ab4c
2025-07-30T22:09:22.752-03:00 DEBUG 26184 --- [tastemanager] [http-nio-8080-exec-1] o.s.web.servlet.DispatcherServlet        : enableLoggingRequestDetails='false': request parameters and headers will be masked to prevent unsafe logging of potentially sensitive data
2025-07-30T22:09:22.753-03:00  INFO 26184 --- [tastemanager] [http-nio-8080-exec-1] o.s.web.servlet.DispatcherServlet        : Completed initialization in 13 ms
2025-07-30T22:09:22.821-03:00 DEBUG 26184 --- [tastemanager] [http-nio-8080-exec-1] o.s.web.servlet.DispatcherServlet        : POST "/menu/create/1", parameters={}
2025-07-30T22:09:22.849-03:00 DEBUG 26184 --- [tastemanager] [http-nio-8080-exec-1] s.w.s.m.m.a.RequestMappingHandlerMapping : Mapped to br.com.tastemanager.controller.MenuController#createMenu(Long, MenuRequestDTO)
2025-07-30T22:09:23.093-03:00 DEBUG 26184 --- [tastemanager] [http-nio-8080-exec-1] m.m.a.RequestResponseBodyMethodProcessor : Read "application/json;charset=UTF-8" to [br.com.tastemanager.dto.request.MenuRequestDTO@5575a8ef]
2025-07-30T22:09:23.582-03:00 DEBUG 26184 --- [tastemanager] [http-nio-8080-exec-1] o.s.w.s.m.m.a.HttpEntityMethodProcessor  : Using 'application/json', given [*/*] and supported [application/json, application/*+json]
2025-07-30T22:09:23.586-03:00 DEBUG 26184 --- [tastemanager] [http-nio-8080-exec-1] o.s.w.s.m.m.a.HttpEntityMethodProcessor  : Writing [br.com.tastemanager.dto.response.MenuResponseDTO@3321d5a2]
2025-07-30T22:09:23.635-03:00 DEBUG 26184 --- [tastemanager] [http-nio-8080-exec-1] o.s.web.servlet.DispatcherServlet        : Completed 201 CREATED
2025-07-30T22:09:37.388-03:00 DEBUG 26184 --- [tastemanager] [http-nio-8080-exec-3] o.s.web.servlet.DispatcherServlet        : PUT "/menu/update/1", parameters={}
2025-07-30T22:09:37.391-03:00 DEBUG 26184 --- [tastemanager] [http-nio-8080-exec-3] s.w.s.m.m.a.RequestMappingHandlerMapping : Mapped to br.com.tastemanager.controller.MenuController#updateMenu(Long, MenuItemUpdateRequestDTO)
2025-07-30T22:09:37.407-03:00 DEBUG 26184 --- [tastemanager] [http-nio-8080-exec-3] m.m.a.RequestResponseBodyMethodProcessor : Read "application/json;charset=UTF-8" to [br.com.tastemanager.dto.request.MenuItemUpdateRequestDTO@544deb82]
2025-07-30T22:09:37.489-03:00 DEBUG 26184 --- [tastemanager] [http-nio-8080-exec-3] o.s.w.s.m.m.a.HttpEntityMethodProcessor  : Using 'application/json', given [*/*] and supported [application/json, application/*+json]
2025-07-30T22:09:37.490-03:00 DEBUG 26184 --- [tastemanager] [http-nio-8080-exec-3] o.s.w.s.m.m.a.HttpEntityMethodProcessor  : Writing [br.com.tastemanager.dto.response.MenuResponseDTO@6751ee07]
2025-07-30T22:09:37.492-03:00 DEBUG 26184 --- [tastemanager] [http-nio-8080-exec-3] o.s.web.servlet.DispatcherServlet        : Completed 200 OK
2025-07-30T22:09:46.961-03:00 DEBUG 26184 --- [tastemanager] [http-nio-8080-exec-4] o.s.web.servlet.DispatcherServlet        : GET "/menu/find-all-by-restaurant/2", parameters={}
2025-07-30T22:09:46.963-03:00 DEBUG 26184 --- [tastemanager] [http-nio-8080-exec-4] s.w.s.m.m.a.RequestMappingHandlerMapping : Mapped to br.com.tastemanager.controller.MenuController#getMenusByRestaurant(Long)
2025-07-30T22:09:46.976-03:00 DEBUG 26184 --- [tastemanager] [http-nio-8080-exec-4] o.s.w.s.m.m.a.HttpEntityMethodProcessor  : Using 'application/json', given [*/*] and supported [application/json, application/*+json]
2025-07-30T22:09:46.977-03:00 DEBUG 26184 --- [tastemanager] [http-nio-8080-exec-4] o.s.w.s.m.m.a.HttpEntityMethodProcessor  : Writing [[]]
2025-07-30T22:09:46.980-03:00 DEBUG 26184 --- [tastemanager] [http-nio-8080-exec-4] o.s.web.servlet.DispatcherServlet        : Completed 201 CREATED
2025-07-30T22:09:54.087-03:00 DEBUG 26184 --- [tastemanager] [http-nio-8080-exec-5] o.s.web.servlet.DispatcherServlet        : GET "/menu/find-all-by-restaurant/1", parameters={}
2025-07-30T22:09:54.089-03:00 DEBUG 26184 --- [tastemanager] [http-nio-8080-exec-5] s.w.s.m.m.a.RequestMappingHandlerMapping : Mapped to br.com.tastemanager.controller.MenuController#getMenusByRestaurant(Long)
2025-07-30T22:09:54.105-03:00 DEBUG 26184 --- [tastemanager] [http-nio-8080-exec-5] o.s.w.s.m.m.a.HttpEntityMethodProcessor  : Using 'application/json', given [*/*] and supported [application/json, application/*+json]
2025-07-30T22:09:54.106-03:00 DEBUG 26184 --- [tastemanager] [http-nio-8080-exec-5] o.s.w.s.m.m.a.HttpEntityMethodProcessor  : Writing [[br.com.tastemanager.dto.response.MenuResponseDTO@46e942bf]]
2025-07-30T22:09:54.108-03:00 DEBUG 26184 --- [tastemanager] [http-nio-8080-exec-5] o.s.web.servlet.DispatcherServlet        : Completed 201 CREATED
2025-07-30T22:10:18.250-03:00 DEBUG 26184 --- [tastemanager] [http-nio-8080-exec-6] o.s.web.servlet.DispatcherServlet        : POST "/menu/create/2", parameters={}
2025-07-30T22:10:18.253-03:00 DEBUG 26184 --- [tastemanager] [http-nio-8080-exec-6] s.w.s.m.m.a.RequestMappingHandlerMapping : Mapped to br.com.tastemanager.controller.MenuController#createMenu(Long, MenuRequestDTO)
2025-07-30T22:10:18.255-03:00 DEBUG 26184 --- [tastemanager] [http-nio-8080-exec-6] m.m.a.RequestResponseBodyMethodProcessor : Read "application/json;charset=UTF-8" to [br.com.tastemanager.dto.request.MenuRequestDTO@7e52ea3e]
2025-07-30T22:10:18.275-03:00 DEBUG 26184 --- [tastemanager] [http-nio-8080-exec-6] o.s.w.s.m.m.a.HttpEntityMethodProcessor  : Using 'application/json', given [*/*] and supported [application/json, application/*+json]
2025-07-30T22:10:18.276-03:00 DEBUG 26184 --- [tastemanager] [http-nio-8080-exec-6] o.s.w.s.m.m.a.HttpEntityMethodProcessor  : Writing [br.com.tastemanager.dto.response.MenuResponseDTO@447302c2]
2025-07-30T22:10:18.280-03:00 DEBUG 26184 --- [tastemanager] [http-nio-8080-exec-6] o.s.web.servlet.DispatcherServlet        : Completed 201 CREATED
2025-07-30T22:10:29.594-03:00 DEBUG 26184 --- [tastemanager] [http-nio-8080-exec-7] o.s.web.servlet.DispatcherServlet        : POST "/menu/create/2", parameters={}
2025-07-30T22:10:29.595-03:00 DEBUG 26184 --- [tastemanager] [http-nio-8080-exec-7] s.w.s.m.m.a.RequestMappingHandlerMapping : Mapped to br.com.tastemanager.controller.MenuController#createMenu(Long, MenuRequestDTO)
2025-07-30T22:10:29.598-03:00 DEBUG 26184 --- [tastemanager] [http-nio-8080-exec-7] m.m.a.RequestResponseBodyMethodProcessor : Read "application/json;charset=UTF-8" to [br.com.tastemanager.dto.request.MenuRequestDTO@34fe369c]
2025-07-30T22:10:29.633-03:00 DEBUG 26184 --- [tastemanager] [http-nio-8080-exec-7] o.s.w.s.m.m.a.HttpEntityMethodProcessor  : Using 'application/json', given [*/*] and supported [application/json, application/*+json]
2025-07-30T22:10:29.633-03:00 DEBUG 26184 --- [tastemanager] [http-nio-8080-exec-7] o.s.w.s.m.m.a.HttpEntityMethodProcessor  : Writing [br.com.tastemanager.dto.response.MenuResponseDTO@7999b80f]
2025-07-30T22:10:29.635-03:00 DEBUG 26184 --- [tastemanager] [http-nio-8080-exec-7] o.s.web.servlet.DispatcherServlet        : Completed 201 CREATED
2025-07-30T22:10:37.192-03:00 DEBUG 26184 --- [tastemanager] [http-nio-8080-exec-8] o.s.web.servlet.DispatcherServlet        : GET "/menu/find-all-by-restaurant/2", parameters={}
2025-07-30T22:10:37.193-03:00 DEBUG 26184 --- [tastemanager] [http-nio-8080-exec-8] s.w.s.m.m.a.RequestMappingHandlerMapping : Mapped to br.com.tastemanager.controller.MenuController#getMenusByRestaurant(Long)
2025-07-30T22:10:37.202-03:00 DEBUG 26184 --- [tastemanager] [http-nio-8080-exec-8] o.s.w.s.m.m.a.HttpEntityMethodProcessor  : Using 'application/json', given [*/*] and supported [application/json, application/*+json]
2025-07-30T22:10:37.202-03:00 DEBUG 26184 --- [tastemanager] [http-nio-8080-exec-8] o.s.w.s.m.m.a.HttpEntityMethodProcessor  : Writing [[br.com.tastemanager.dto.response.MenuResponseDTO@3953611b]]
2025-07-30T22:10:37.207-03:00 DEBUG 26184 --- [tastemanager] [http-nio-8080-exec-8] o.s.web.servlet.DispatcherServlet        : Completed 201 CREATED
2025-07-30T22:10:59.989-03:00 DEBUG 26184 --- [tastemanager] [http-nio-8080-exec-9] o.s.web.servlet.DispatcherServlet        : PUT "/menu/update/2", parameters={}
2025-07-30T22:10:59.990-03:00 DEBUG 26184 --- [tastemanager] [http-nio-8080-exec-9] s.w.s.m.m.a.RequestMappingHandlerMapping : Mapped to br.com.tastemanager.controller.MenuController#updateMenu(Long, MenuItemUpdateRequestDTO)
2025-07-30T22:10:59.992-03:00 DEBUG 26184 --- [tastemanager] [http-nio-8080-exec-9] m.m.a.RequestResponseBodyMethodProcessor : Read "application/json;charset=UTF-8" to [br.com.tastemanager.dto.request.MenuItemUpdateRequestDTO@58a64f1e]
2025-07-30T22:11:00.007-03:00 DEBUG 26184 --- [tastemanager] [http-nio-8080-exec-9] o.s.w.s.m.m.a.HttpEntityMethodProcessor  : Using 'application/json', given [*/*] and supported [application/json, application/*+json]
2025-07-30T22:11:00.007-03:00 DEBUG 26184 --- [tastemanager] [http-nio-8080-exec-9] o.s.w.s.m.m.a.HttpEntityMethodProcessor  : Writing [br.com.tastemanager.dto.response.MenuResponseDTO@3c805f25]
2025-07-30T22:11:00.016-03:00 DEBUG 26184 --- [tastemanager] [http-nio-8080-exec-9] o.s.web.servlet.DispatcherServlet        : Completed 200 OK
2025-07-30T22:11:06.022-03:00 DEBUG 26184 --- [tastemanager] [http-nio-8080-exec-10] o.s.web.servlet.DispatcherServlet        : GET "/menu/find-all-by-restaurant/2", parameters={}
2025-07-30T22:11:06.024-03:00 DEBUG 26184 --- [tastemanager] [http-nio-8080-exec-10] s.w.s.m.m.a.RequestMappingHandlerMapping : Mapped to br.com.tastemanager.controller.MenuController#getMenusByRestaurant(Long)
2025-07-30T22:11:06.036-03:00 DEBUG 26184 --- [tastemanager] [http-nio-8080-exec-10] o.s.w.s.m.m.a.HttpEntityMethodProcessor  : Using 'application/json', given [*/*] and supported [application/json, application/*+json]
2025-07-30T22:11:06.036-03:00 DEBUG 26184 --- [tastemanager] [http-nio-8080-exec-10] o.s.w.s.m.m.a.HttpEntityMethodProcessor  : Writing [[br.com.tastemanager.dto.response.MenuResponseDTO@6280c838]]
2025-07-30T22:11:06.039-03:00 DEBUG 26184 --- [tastemanager] [http-nio-8080-exec-10] o.s.web.servlet.DispatcherServlet        : Completed 201 CREATED
2025-07-30T22:11:24.267-03:00 DEBUG 26184 --- [tastemanager] [http-nio-8080-exec-2] o.s.web.servlet.DispatcherServlet        : PUT "/menu/update/2", parameters={}
2025-07-30T22:11:24.268-03:00 DEBUG 26184 --- [tastemanager] [http-nio-8080-exec-2] s.w.s.m.m.a.RequestMappingHandlerMapping : Mapped to br.com.tastemanager.controller.MenuController#updateMenu(Long, MenuItemUpdateRequestDTO)
2025-07-30T22:11:24.271-03:00 DEBUG 26184 --- [tastemanager] [http-nio-8080-exec-2] m.m.a.RequestResponseBodyMethodProcessor : Read "application/json;charset=UTF-8" to [br.com.tastemanager.dto.request.MenuItemUpdateRequestDTO@51531101]
2025-07-30T22:11:24.284-03:00 DEBUG 26184 --- [tastemanager] [http-nio-8080-exec-2] o.s.w.s.m.m.a.HttpEntityMethodProcessor  : Using 'application/json', given [*/*] and supported [application/json, application/*+json]
2025-07-30T22:11:24.284-03:00 DEBUG 26184 --- [tastemanager] [http-nio-8080-exec-2] o.s.w.s.m.m.a.HttpEntityMethodProcessor  : Writing [br.com.tastemanager.dto.response.MenuResponseDTO@2f2893e]
2025-07-30T22:11:24.289-03:00 DEBUG 26184 --- [tastemanager] [http-nio-8080-exec-2] o.s.web.servlet.DispatcherServlet        : Completed 200 OK
2025-07-30T22:11:30.987-03:00 DEBUG 26184 --- [tastemanager] [http-nio-8080-exec-1] o.s.web.servlet.DispatcherServlet        : GET "/menu/find-all-by-restaurant/2", parameters={}
2025-07-30T22:11:30.988-03:00 DEBUG 26184 --- [tastemanager] [http-nio-8080-exec-1] s.w.s.m.m.a.RequestMappingHandlerMapping : Mapped to br.com.tastemanager.controller.MenuController#getMenusByRestaurant(Long)
2025-07-30T22:11:30.999-03:00 DEBUG 26184 --- [tastemanager] [http-nio-8080-exec-1] o.s.w.s.m.m.a.HttpEntityMethodProcessor  : Using 'application/json', given [*/*] and supported [application/json, application/*+json]
2025-07-30T22:11:30.999-03:00 DEBUG 26184 --- [tastemanager] [http-nio-8080-exec-1] o.s.w.s.m.m.a.HttpEntityMethodProcessor  : Writing [[br.com.tastemanager.dto.response.MenuResponseDTO@ec3d03d]]
2025-07-30T22:11:31.001-03:00 DEBUG 26184 --- [tastemanager] [http-nio-8080-exec-1] o.s.web.servlet.DispatcherServlet        : Completed 201 CREATED
2025-07-30T22:11:48.173-03:00 DEBUG 26184 --- [tastemanager] [http-nio-8080-exec-3] o.s.web.servlet.DispatcherServlet        : PUT "/menu/update/2", parameters={}
2025-07-30T22:11:48.174-03:00 DEBUG 26184 --- [tastemanager] [http-nio-8080-exec-3] s.w.s.m.m.a.RequestMappingHandlerMapping : Mapped to br.com.tastemanager.controller.MenuController#updateMenu(Long, MenuItemUpdateRequestDTO)
2025-07-30T22:11:48.177-03:00 DEBUG 26184 --- [tastemanager] [http-nio-8080-exec-3] m.m.a.RequestResponseBodyMethodProcessor : Read "application/json;charset=UTF-8" to [br.com.tastemanager.dto.request.MenuItemUpdateRequestDTO@4792b96]
2025-07-30T22:11:48.188-03:00 DEBUG 26184 --- [tastemanager] [http-nio-8080-exec-3] o.s.w.s.m.m.a.HttpEntityMethodProcessor  : Using 'application/json', given [*/*] and supported [application/json, application/*+json]
2025-07-30T22:11:48.188-03:00 DEBUG 26184 --- [tastemanager] [http-nio-8080-exec-3] o.s.w.s.m.m.a.HttpEntityMethodProcessor  : Writing [br.com.tastemanager.dto.response.MenuResponseDTO@44747d57]
2025-07-30T22:11:48.191-03:00 DEBUG 26184 --- [tastemanager] [http-nio-8080-exec-3] o.s.web.servlet.DispatcherServlet        : Completed 200 OK
2025-07-30T22:11:57.004-03:00 DEBUG 26184 --- [tastemanager] [http-nio-8080-exec-4] o.s.web.servlet.DispatcherServlet        : GET "/menu/find-all-by-restaurant/2", parameters={}
2025-07-30T22:11:57.006-03:00 DEBUG 26184 --- [tastemanager] [http-nio-8080-exec-4] s.w.s.m.m.a.RequestMappingHandlerMapping : Mapped to br.com.tastemanager.controller.MenuController#getMenusByRestaurant(Long)
2025-07-30T22:11:57.018-03:00 DEBUG 26184 --- [tastemanager] [http-nio-8080-exec-4] o.s.w.s.m.m.a.HttpEntityMethodProcessor  : Using 'application/json', given [*/*] and supported [application/json, application/*+json]
2025-07-30T22:11:57.018-03:00 DEBUG 26184 --- [tastemanager] [http-nio-8080-exec-4] o.s.w.s.m.m.a.HttpEntityMethodProcessor  : Writing [[br.com.tastemanager.dto.response.MenuResponseDTO@49a35225]]
2025-07-30T22:11:57.022-03:00 DEBUG 26184 --- [tastemanager] [http-nio-8080-exec-4] o.s.web.servlet.DispatcherServlet        : Completed 201 CREATED
2025-07-30T22:13:02.802-03:00  INFO 26184 --- [tastemanager] [SpringApplicationShutdownHook] j.LocalContainerEntityManagerFactoryBean : Closing JPA EntityManagerFactory for persistence unit 'default'
2025-07-30T22:13:02.804-03:00  INFO 26184 --- [tastemanager] [SpringApplicationShutdownHook] com.zaxxer.hikari.HikariDataSource       : HikariPool-1 - Shutdown initiated...
2025-07-30T22:13:02.810-03:00  INFO 26184 --- [tastemanager] [SpringApplicationShutdownHook] com.zaxxer.hikari.HikariDataSource       : HikariPool-1 - Shutdown completed.
2025-07-30T22:13:10.751-03:00  INFO 11052 --- [tastemanager] [main] b.c.t.TasteManagerApplication            : Starting TasteManagerApplication using Java 21.0.7 with PID 11052 (C:\Users\silva\Projects\FIAP\tastemanager\target\classes started by silva in C:\Users\silva\Projects\FIAP\tastemanager)
2025-07-30T22:13:10.755-03:00  INFO 11052 --- [tastemanager] [main] b.c.t.TasteManagerApplication            : No active profile set, falling back to 1 default profile: "default"
2025-07-30T22:13:12.476-03:00  INFO 11052 --- [tastemanager] [main] .s.d.r.c.RepositoryConfigurationDelegate : Bootstrapping Spring Data JPA repositories in DEFAULT mode.
2025-07-30T22:13:12.649-03:00  INFO 11052 --- [tastemanager] [main] .s.d.r.c.RepositoryConfigurationDelegate : Finished Spring Data repository scanning in 154 ms. Found 4 JPA repository interfaces.
2025-07-30T22:13:13.919-03:00  INFO 11052 --- [tastemanager] [main] o.s.b.w.embedded.tomcat.TomcatWebServer  : Tomcat initialized with port 8080 (http)
2025-07-30T22:13:13.946-03:00  INFO 11052 --- [tastemanager] [main] o.apache.catalina.core.StandardService   : Starting service [Tomcat]
2025-07-30T22:13:13.947-03:00  INFO 11052 --- [tastemanager] [main] o.apache.catalina.core.StandardEngine    : Starting Servlet engine: [Apache Tomcat/10.1.20]
2025-07-30T22:13:14.073-03:00  INFO 11052 --- [tastemanager] [main] o.a.c.c.C.[Tomcat].[localhost].[/]       : Initializing Spring embedded WebApplicationContext
2025-07-30T22:13:14.074-03:00  INFO 11052 --- [tastemanager] [main] w.s.c.ServletWebServerApplicationContext : Root WebApplicationContext: initialization completed in 3236 ms
2025-07-30T22:13:14.145-03:00  INFO 11052 --- [tastemanager] [main] com.zaxxer.hikari.HikariDataSource       : HikariPool-1 - Starting...
2025-07-30T22:13:14.550-03:00  INFO 11052 --- [tastemanager] [main] com.zaxxer.hikari.pool.HikariPool        : HikariPool-1 - Added connection conn0: url=jdbc:h2:mem:tastmanagerdb user=SA
2025-07-30T22:13:14.561-03:00  INFO 11052 --- [tastemanager] [main] com.zaxxer.hikari.HikariDataSource       : HikariPool-1 - Start completed.
2025-07-30T22:13:14.583-03:00  INFO 11052 --- [tastemanager] [main] o.s.b.a.h2.H2ConsoleAutoConfiguration    : H2 console available at '/h2-console'. Database available at 'jdbc:h2:mem:tastmanagerdb'
2025-07-30T22:13:14.844-03:00  INFO 11052 --- [tastemanager] [main] o.hibernate.jpa.internal.util.LogHelper  : HHH000204: Processing PersistenceUnitInfo [name: default]
2025-07-30T22:13:14.987-03:00  INFO 11052 --- [tastemanager] [main] org.hibernate.Version                    : HHH000412: Hibernate ORM core version 6.4.4.Final
2025-07-30T22:13:15.057-03:00  INFO 11052 --- [tastemanager] [main] o.h.c.internal.RegionFactoryInitiator    : HHH000026: Second-level cache disabled
2025-07-30T22:13:15.623-03:00  INFO 11052 --- [tastemanager] [main] o.s.o.j.p.SpringPersistenceUnitInfo      : No LoadTimeWeaver setup: ignoring JPA class transformer
2025-07-30T22:13:15.703-03:00  WARN 11052 --- [tastemanager] [main] org.hibernate.orm.deprecation            : HHH90000025: H2Dialect does not need to be specified explicitly using 'hibernate.dialect' (remove the property setting and it will be selected by default)
2025-07-30T22:13:17.349-03:00  INFO 11052 --- [tastemanager] [main] o.h.e.t.j.p.i.JtaPlatformInitiator       : HHH000489: No JTA platform available (set 'hibernate.transaction.jta.platform' to enable JTA platform integration)
2025-07-30T22:13:17.504-03:00  INFO 11052 --- [tastemanager] [main] j.LocalContainerEntityManagerFactoryBean : Initialized JPA EntityManagerFactory for persistence unit 'default'
2025-07-30T22:13:18.160-03:00  INFO 11052 --- [tastemanager] [main] o.s.d.j.r.query.QueryEnhancerFactory     : Hibernate is in classpath; If applicable, HQL parser will be used.
2025-07-30T22:13:19.126-03:00  WARN 11052 --- [tastemanager] [main] JpaBaseConfiguration$JpaWebConfiguration : spring.jpa.open-in-view is enabled by default. Therefore, database queries may be performed during view rendering. Explicitly configure spring.jpa.open-in-view to disable this warning
2025-07-30T22:13:19.346-03:00 DEBUG 11052 --- [tastemanager] [main] s.w.s.m.m.a.RequestMappingHandlerMapping : 27 mappings in 'requestMappingHandlerMapping'
2025-07-30T22:13:19.561-03:00 DEBUG 11052 --- [tastemanager] [main] o.s.w.s.handler.SimpleUrlHandlerMapping  : Patterns [/webjars/**, /**, /swagger-ui*/*swagger-initializer.js, /swagger-ui*/**] in 'resourceHandlerMapping'
2025-07-30T22:13:19.648-03:00 DEBUG 11052 --- [tastemanager] [main] s.w.s.m.m.a.RequestMappingHandlerAdapter : ControllerAdvice beans: 0 @ModelAttribute, 0 @InitBinder, 1 RequestBodyAdvice, 1 ResponseBodyAdvice
2025-07-30T22:13:19.717-03:00 DEBUG 11052 --- [tastemanager] [main] .m.m.a.ExceptionHandlerExceptionResolver : ControllerAdvice beans: 2 @ExceptionHandler, 1 ResponseBodyAdvice
2025-07-30T22:13:20.276-03:00  INFO 11052 --- [tastemanager] [main] o.s.b.w.embedded.tomcat.TomcatWebServer  : Tomcat started on port 8080 (http) with context path ''
2025-07-30T22:13:20.292-03:00  INFO 11052 --- [tastemanager] [main] b.c.t.TasteManagerApplication            : Started TasteManagerApplication in 10.408 seconds (process running for 11.23)
2025-07-30T22:13:25.530-03:00  INFO 11052 --- [tastemanager] [SpringApplicationShutdownHook] j.LocalContainerEntityManagerFactoryBean : Closing JPA EntityManagerFactory for persistence unit 'default'
2025-07-30T22:13:25.533-03:00  INFO 11052 --- [tastemanager] [SpringApplicationShutdownHook] com.zaxxer.hikari.HikariDataSource       : HikariPool-1 - Shutdown initiated...
2025-07-30T22:13:25.546-03:00  INFO 11052 --- [tastemanager] [SpringApplicationShutdownHook] com.zaxxer.hikari.HikariDataSource       : HikariPool-1 - Shutdown completed.
2025-07-30T22:13:30.346-03:00  INFO 23244 --- [tastemanager] [main] b.c.t.TasteManagerApplication            : Starting TasteManagerApplication using Java 21.0.7 with PID 23244 (C:\Users\silva\Projects\FIAP\tastemanager\target\classes started by silva in C:\Users\silva\Projects\FIAP\tastemanager)
2025-07-30T22:13:30.351-03:00  INFO 23244 --- [tastemanager] [main] b.c.t.TasteManagerApplication            : No active profile set, falling back to 1 default profile: "default"
2025-07-30T22:13:32.227-03:00  INFO 23244 --- [tastemanager] [main] .s.d.r.c.RepositoryConfigurationDelegate : Bootstrapping Spring Data JPA repositories in DEFAULT mode.
2025-07-30T22:13:32.453-03:00  INFO 23244 --- [tastemanager] [main] .s.d.r.c.RepositoryConfigurationDelegate : Finished Spring Data repository scanning in 197 ms. Found 4 JPA repository interfaces.
2025-07-30T22:13:33.967-03:00  INFO 23244 --- [tastemanager] [main] o.s.b.w.embedded.tomcat.TomcatWebServer  : Tomcat initialized with port 8080 (http)
2025-07-30T22:13:34.000-03:00  INFO 23244 --- [tastemanager] [main] o.apache.catalina.core.StandardService   : Starting service [Tomcat]
2025-07-30T22:13:34.001-03:00  INFO 23244 --- [tastemanager] [main] o.apache.catalina.core.StandardEngine    : Starting Servlet engine: [Apache Tomcat/10.1.20]
2025-07-30T22:13:34.117-03:00  INFO 23244 --- [tastemanager] [main] o.a.c.c.C.[Tomcat].[localhost].[/]       : Initializing Spring embedded WebApplicationContext
2025-07-30T22:13:34.118-03:00  INFO 23244 --- [tastemanager] [main] w.s.c.ServletWebServerApplicationContext : Root WebApplicationContext: initialization completed in 3663 ms
2025-07-30T22:13:34.197-03:00  INFO 23244 --- [tastemanager] [main] com.zaxxer.hikari.HikariDataSource       : HikariPool-1 - Starting...
2025-07-30T22:13:34.605-03:00  INFO 23244 --- [tastemanager] [main] com.zaxxer.hikari.pool.HikariPool        : HikariPool-1 - Added connection conn0: url=jdbc:h2:mem:tastmanagerdb user=SA
2025-07-30T22:13:34.610-03:00  INFO 23244 --- [tastemanager] [main] com.zaxxer.hikari.HikariDataSource       : HikariPool-1 - Start completed.
2025-07-30T22:13:34.629-03:00  INFO 23244 --- [tastemanager] [main] o.s.b.a.h2.H2ConsoleAutoConfiguration    : H2 console available at '/h2-console'. Database available at 'jdbc:h2:mem:tastmanagerdb'
2025-07-30T22:13:34.932-03:00  INFO 23244 --- [tastemanager] [main] o.hibernate.jpa.internal.util.LogHelper  : HHH000204: Processing PersistenceUnitInfo [name: default]
2025-07-30T22:13:35.066-03:00  INFO 23244 --- [tastemanager] [main] org.hibernate.Version                    : HHH000412: Hibernate ORM core version 6.4.4.Final
2025-07-30T22:13:35.125-03:00  INFO 23244 --- [tastemanager] [main] o.h.c.internal.RegionFactoryInitiator    : HHH000026: Second-level cache disabled
2025-07-30T22:13:35.623-03:00  INFO 23244 --- [tastemanager] [main] o.s.o.j.p.SpringPersistenceUnitInfo      : No LoadTimeWeaver setup: ignoring JPA class transformer
2025-07-30T22:13:35.697-03:00  WARN 23244 --- [tastemanager] [main] org.hibernate.orm.deprecation            : HHH90000025: H2Dialect does not need to be specified explicitly using 'hibernate.dialect' (remove the property setting and it will be selected by default)
2025-07-30T22:13:39.195-03:00  INFO 23244 --- [tastemanager] [main] o.h.e.t.j.p.i.JtaPlatformInitiator       : HHH000489: No JTA platform available (set 'hibernate.transaction.jta.platform' to enable JTA platform integration)
2025-07-30T22:13:40.137-03:00  INFO 23244 --- [tastemanager] [main] j.LocalContainerEntityManagerFactoryBean : Initialized JPA EntityManagerFactory for persistence unit 'default'
2025-07-30T22:13:46.394-03:00  INFO 23244 --- [tastemanager] [main] o.s.d.j.r.query.QueryEnhancerFactory     : Hibernate is in classpath; If applicable, HQL parser will be used.
2025-07-30T22:13:49.815-03:00  WARN 23244 --- [tastemanager] [main] JpaBaseConfiguration$JpaWebConfiguration : spring.jpa.open-in-view is enabled by default. Therefore, database queries may be performed during view rendering. Explicitly configure spring.jpa.open-in-view to disable this warning
2025-07-30T22:13:50.300-03:00 DEBUG 23244 --- [tastemanager] [main] s.w.s.m.m.a.RequestMappingHandlerMapping : 27 mappings in 'requestMappingHandlerMapping'
2025-07-30T22:13:50.684-03:00 DEBUG 23244 --- [tastemanager] [main] o.s.w.s.handler.SimpleUrlHandlerMapping  : Patterns [/webjars/**, /**, /swagger-ui*/*swagger-initializer.js, /swagger-ui*/**] in 'resourceHandlerMapping'
2025-07-30T22:13:50.817-03:00 DEBUG 23244 --- [tastemanager] [main] s.w.s.m.m.a.RequestMappingHandlerAdapter : ControllerAdvice beans: 0 @ModelAttribute, 0 @InitBinder, 1 RequestBodyAdvice, 1 ResponseBodyAdvice
2025-07-30T22:13:51.030-03:00 DEBUG 23244 --- [tastemanager] [main] .m.m.a.ExceptionHandlerExceptionResolver : ControllerAdvice beans: 2 @ExceptionHandler, 1 ResponseBodyAdvice
2025-07-30T22:13:52.042-03:00  INFO 23244 --- [tastemanager] [main] o.s.b.w.embedded.tomcat.TomcatWebServer  : Tomcat started on port 8080 (http) with context path ''
2025-07-30T22:13:52.076-03:00  INFO 23244 --- [tastemanager] [main] b.c.t.TasteManagerApplication            : Started TasteManagerApplication in 22.632 seconds (process running for 23.447)
2025-07-30T22:17:56.694-03:00  INFO 23244 --- [tastemanager] [http-nio-8080-exec-1] o.a.c.c.C.[Tomcat].[localhost].[/]       : Initializing Spring DispatcherServlet 'dispatcherServlet'
2025-07-30T22:17:56.696-03:00  INFO 23244 --- [tastemanager] [http-nio-8080-exec-1] o.s.web.servlet.DispatcherServlet        : Initializing Servlet 'dispatcherServlet'
2025-07-30T22:17:56.699-03:00 DEBUG 23244 --- [tastemanager] [http-nio-8080-exec-1] o.s.web.servlet.DispatcherServlet        : Detected StandardServletMultipartResolver
2025-07-30T22:17:56.700-03:00 DEBUG 23244 --- [tastemanager] [http-nio-8080-exec-1] o.s.web.servlet.DispatcherServlet        : Detected AcceptHeaderLocaleResolver
2025-07-30T22:17:56.701-03:00 DEBUG 23244 --- [tastemanager] [http-nio-8080-exec-1] o.s.web.servlet.DispatcherServlet        : Detected FixedThemeResolver
2025-07-30T22:17:56.704-03:00 DEBUG 23244 --- [tastemanager] [http-nio-8080-exec-1] o.s.web.servlet.DispatcherServlet        : Detected org.springframework.web.servlet.view.DefaultRequestToViewNameTranslator@1435b17
2025-07-30T22:17:56.705-03:00 DEBUG 23244 --- [tastemanager] [http-nio-8080-exec-1] o.s.web.servlet.DispatcherServlet        : Detected org.springframework.web.servlet.support.SessionFlashMapManager@4a6dd88e
2025-07-30T22:17:56.706-03:00 DEBUG 23244 --- [tastemanager] [http-nio-8080-exec-1] o.s.web.servlet.DispatcherServlet        : enableLoggingRequestDetails='false': request parameters and headers will be masked to prevent unsafe logging of potentially sensitive data
2025-07-30T22:17:56.706-03:00  INFO 23244 --- [tastemanager] [http-nio-8080-exec-1] o.s.web.servlet.DispatcherServlet        : Completed initialization in 10 ms
2025-07-30T22:17:56.735-03:00 DEBUG 23244 --- [tastemanager] [http-nio-8080-exec-1] o.s.web.servlet.DispatcherServlet        : POST "/menu/create/2", parameters={}
2025-07-30T22:17:56.796-03:00 DEBUG 23244 --- [tastemanager] [http-nio-8080-exec-1] s.w.s.m.m.a.RequestMappingHandlerMapping : Mapped to br.com.tastemanager.controller.MenuController#createMenu(Long, MenuRequestDTO)
2025-07-30T22:17:57.136-03:00 DEBUG 23244 --- [tastemanager] [http-nio-8080-exec-1] m.m.a.RequestResponseBodyMethodProcessor : Read "application/json;charset=UTF-8" to [br.com.tastemanager.dto.request.MenuRequestDTO@23d8b76d]
2025-07-30T22:17:57.649-03:00 DEBUG 23244 --- [tastemanager] [http-nio-8080-exec-1] o.s.w.s.m.m.a.HttpEntityMethodProcessor  : Using 'application/json', given [*/*] and supported [application/json, application/*+json]
2025-07-30T22:17:57.652-03:00 DEBUG 23244 --- [tastemanager] [http-nio-8080-exec-1] o.s.w.s.m.m.a.HttpEntityMethodProcessor  : Writing [br.com.tastemanager.dto.response.MenuResponseDTO@6d9c4c79]
2025-07-30T22:17:57.690-03:00 DEBUG 23244 --- [tastemanager] [http-nio-8080-exec-1] o.s.web.servlet.DispatcherServlet        : Completed 201 CREATED
2025-07-30T22:20:13.596-03:00  INFO 23244 --- [tastemanager] [SpringApplicationShutdownHook] j.LocalContainerEntityManagerFactoryBean : Closing JPA EntityManagerFactory for persistence unit 'default'
2025-07-30T22:20:13.599-03:00  INFO 23244 --- [tastemanager] [SpringApplicationShutdownHook] com.zaxxer.hikari.HikariDataSource       : HikariPool-1 - Shutdown initiated...
2025-07-30T22:20:13.602-03:00  INFO 23244 --- [tastemanager] [SpringApplicationShutdownHook] com.zaxxer.hikari.HikariDataSource       : HikariPool-1 - Shutdown completed.
2025-07-30T22:20:19.356-03:00  INFO 22724 --- [tastemanager] [main] b.c.t.TasteManagerApplication            : Starting TasteManagerApplication using Java 21.0.7 with PID 22724 (C:\Users\silva\Projects\FIAP\tastemanager\target\classes started by silva in C:\Users\silva\Projects\FIAP\tastemanager)
2025-07-30T22:20:19.362-03:00  INFO 22724 --- [tastemanager] [main] b.c.t.TasteManagerApplication            : No active profile set, falling back to 1 default profile: "default"
2025-07-30T22:20:21.189-03:00  INFO 22724 --- [tastemanager] [main] .s.d.r.c.RepositoryConfigurationDelegate : Bootstrapping Spring Data JPA repositories in DEFAULT mode.
2025-07-30T22:20:21.355-03:00  INFO 22724 --- [tastemanager] [main] .s.d.r.c.RepositoryConfigurationDelegate : Finished Spring Data repository scanning in 146 ms. Found 4 JPA repository interfaces.
2025-07-30T22:20:22.570-03:00  INFO 22724 --- [tastemanager] [main] o.s.b.w.embedded.tomcat.TomcatWebServer  : Tomcat initialized with port 8080 (http)
2025-07-30T22:20:22.598-03:00  INFO 22724 --- [tastemanager] [main] o.apache.catalina.core.StandardService   : Starting service [Tomcat]
2025-07-30T22:20:22.599-03:00  INFO 22724 --- [tastemanager] [main] o.apache.catalina.core.StandardEngine    : Starting Servlet engine: [Apache Tomcat/10.1.20]
2025-07-30T22:20:22.728-03:00  INFO 22724 --- [tastemanager] [main] o.a.c.c.C.[Tomcat].[localhost].[/]       : Initializing Spring embedded WebApplicationContext
2025-07-30T22:20:22.729-03:00  INFO 22724 --- [tastemanager] [main] w.s.c.ServletWebServerApplicationContext : Root WebApplicationContext: initialization completed in 3266 ms
2025-07-30T22:20:22.790-03:00  INFO 22724 --- [tastemanager] [main] com.zaxxer.hikari.HikariDataSource       : HikariPool-1 - Starting...
2025-07-30T22:20:23.142-03:00  INFO 22724 --- [tastemanager] [main] com.zaxxer.hikari.pool.HikariPool        : HikariPool-1 - Added connection conn0: url=jdbc:h2:mem:tastmanagerdb user=SA
2025-07-30T22:20:23.145-03:00  INFO 22724 --- [tastemanager] [main] com.zaxxer.hikari.HikariDataSource       : HikariPool-1 - Start completed.
2025-07-30T22:20:23.162-03:00  INFO 22724 --- [tastemanager] [main] o.s.b.a.h2.H2ConsoleAutoConfiguration    : H2 console available at '/h2-console'. Database available at 'jdbc:h2:mem:tastmanagerdb'
2025-07-30T22:20:23.464-03:00  INFO 22724 --- [tastemanager] [main] o.hibernate.jpa.internal.util.LogHelper  : HHH000204: Processing PersistenceUnitInfo [name: default]
2025-07-30T22:20:23.601-03:00  INFO 22724 --- [tastemanager] [main] org.hibernate.Version                    : HHH000412: Hibernate ORM core version 6.4.4.Final
2025-07-30T22:20:23.675-03:00  INFO 22724 --- [tastemanager] [main] o.h.c.internal.RegionFactoryInitiator    : HHH000026: Second-level cache disabled
2025-07-30T22:20:24.197-03:00  INFO 22724 --- [tastemanager] [main] o.s.o.j.p.SpringPersistenceUnitInfo      : No LoadTimeWeaver setup: ignoring JPA class transformer
2025-07-30T22:20:24.296-03:00  WARN 22724 --- [tastemanager] [main] org.hibernate.orm.deprecation            : HHH90000025: H2Dialect does not need to be specified explicitly using 'hibernate.dialect' (remove the property setting and it will be selected by default)
2025-07-30T22:20:26.020-03:00  INFO 22724 --- [tastemanager] [main] o.h.e.t.j.p.i.JtaPlatformInitiator       : HHH000489: No JTA platform available (set 'hibernate.transaction.jta.platform' to enable JTA platform integration)
2025-07-30T22:20:26.173-03:00  INFO 22724 --- [tastemanager] [main] j.LocalContainerEntityManagerFactoryBean : Initialized JPA EntityManagerFactory for persistence unit 'default'
2025-07-30T22:20:26.889-03:00  INFO 22724 --- [tastemanager] [main] o.s.d.j.r.query.QueryEnhancerFactory     : Hibernate is in classpath; If applicable, HQL parser will be used.
2025-07-30T22:20:28.037-03:00  WARN 22724 --- [tastemanager] [main] JpaBaseConfiguration$JpaWebConfiguration : spring.jpa.open-in-view is enabled by default. Therefore, database queries may be performed during view rendering. Explicitly configure spring.jpa.open-in-view to disable this warning
2025-07-30T22:20:28.294-03:00 DEBUG 22724 --- [tastemanager] [main] s.w.s.m.m.a.RequestMappingHandlerMapping : 27 mappings in 'requestMappingHandlerMapping'
2025-07-30T22:20:28.449-03:00 DEBUG 22724 --- [tastemanager] [main] o.s.w.s.handler.SimpleUrlHandlerMapping  : Patterns [/webjars/**, /**, /swagger-ui*/*swagger-initializer.js, /swagger-ui*/**] in 'resourceHandlerMapping'
2025-07-30T22:20:28.536-03:00 DEBUG 22724 --- [tastemanager] [main] s.w.s.m.m.a.RequestMappingHandlerAdapter : ControllerAdvice beans: 0 @ModelAttribute, 0 @InitBinder, 1 RequestBodyAdvice, 1 ResponseBodyAdvice
2025-07-30T22:20:28.610-03:00 DEBUG 22724 --- [tastemanager] [main] .m.m.a.ExceptionHandlerExceptionResolver : ControllerAdvice beans: 2 @ExceptionHandler, 1 ResponseBodyAdvice
2025-07-30T22:20:29.021-03:00  INFO 22724 --- [tastemanager] [main] o.s.b.w.embedded.tomcat.TomcatWebServer  : Tomcat started on port 8080 (http) with context path ''
2025-07-30T22:20:29.042-03:00  INFO 22724 --- [tastemanager] [main] b.c.t.TasteManagerApplication            : Started TasteManagerApplication in 10.565 seconds (process running for 11.334)
2025-07-30T22:20:34.064-03:00  INFO 22724 --- [tastemanager] [http-nio-8080-exec-2] o.a.c.c.C.[Tomcat].[localhost].[/]       : Initializing Spring DispatcherServlet 'dispatcherServlet'
2025-07-30T22:20:34.065-03:00  INFO 22724 --- [tastemanager] [http-nio-8080-exec-2] o.s.web.servlet.DispatcherServlet        : Initializing Servlet 'dispatcherServlet'
2025-07-30T22:20:34.071-03:00 DEBUG 22724 --- [tastemanager] [http-nio-8080-exec-2] o.s.web.servlet.DispatcherServlet        : Detected StandardServletMultipartResolver
2025-07-30T22:20:34.073-03:00 DEBUG 22724 --- [tastemanager] [http-nio-8080-exec-2] o.s.web.servlet.DispatcherServlet        : Detected AcceptHeaderLocaleResolver
2025-07-30T22:20:34.076-03:00 DEBUG 22724 --- [tastemanager] [http-nio-8080-exec-2] o.s.web.servlet.DispatcherServlet        : Detected FixedThemeResolver
2025-07-30T22:20:34.078-03:00 DEBUG 22724 --- [tastemanager] [http-nio-8080-exec-2] o.s.web.servlet.DispatcherServlet        : Detected org.springframework.web.servlet.view.DefaultRequestToViewNameTranslator@173e4b75
2025-07-30T22:20:34.078-03:00 DEBUG 22724 --- [tastemanager] [http-nio-8080-exec-2] o.s.web.servlet.DispatcherServlet        : Detected org.springframework.web.servlet.support.SessionFlashMapManager@1c3b4de1
2025-07-30T22:20:34.079-03:00 DEBUG 22724 --- [tastemanager] [http-nio-8080-exec-2] o.s.web.servlet.DispatcherServlet        : enableLoggingRequestDetails='false': request parameters and headers will be masked to prevent unsafe logging of potentially sensitive data
2025-07-30T22:20:34.080-03:00  INFO 22724 --- [tastemanager] [http-nio-8080-exec-2] o.s.web.servlet.DispatcherServlet        : Completed initialization in 13 ms
2025-07-30T22:20:34.105-03:00 DEBUG 22724 --- [tastemanager] [http-nio-8080-exec-2] o.s.web.servlet.DispatcherServlet        : POST "/menu/create/2", parameters={}
2025-07-30T22:20:34.130-03:00 DEBUG 22724 --- [tastemanager] [http-nio-8080-exec-2] s.w.s.m.m.a.RequestMappingHandlerMapping : Mapped to br.com.tastemanager.controller.MenuController#createMenu(Long, MenuRequestDTO)
2025-07-30T22:20:34.296-03:00 DEBUG 22724 --- [tastemanager] [http-nio-8080-exec-2] m.m.a.RequestResponseBodyMethodProcessor : Read "application/json;charset=UTF-8" to [br.com.tastemanager.dto.request.MenuRequestDTO@3a6f55e]
2025-07-30T22:20:34.642-03:00 DEBUG 22724 --- [tastemanager] [http-nio-8080-exec-2] o.s.w.s.m.m.a.HttpEntityMethodProcessor  : Using 'application/json', given [*/*] and supported [application/json, application/*+json]
2025-07-30T22:20:34.644-03:00 DEBUG 22724 --- [tastemanager] [http-nio-8080-exec-2] o.s.w.s.m.m.a.HttpEntityMethodProcessor  : Writing [br.com.tastemanager.dto.response.MenuResponseDTO@12655a15]
2025-07-30T22:20:34.670-03:00 DEBUG 22724 --- [tastemanager] [http-nio-8080-exec-2] o.s.web.servlet.DispatcherServlet        : Completed 201 CREATED
2025-07-30T22:21:01.350-03:00 DEBUG 22724 --- [tastemanager] [http-nio-8080-exec-3] o.s.web.servlet.DispatcherServlet        : GET "/menu/find-all-by-restaurant/2", parameters={}
2025-07-30T22:21:01.351-03:00 DEBUG 22724 --- [tastemanager] [http-nio-8080-exec-3] s.w.s.m.m.a.RequestMappingHandlerMapping : Mapped to br.com.tastemanager.controller.MenuController#getMenusByRestaurant(Long)
2025-07-30T22:21:01.394-03:00 DEBUG 22724 --- [tastemanager] [http-nio-8080-exec-3] o.s.w.s.m.m.a.HttpEntityMethodProcessor  : Using 'application/json', given [*/*] and supported [application/json, application/*+json]
2025-07-30T22:21:01.395-03:00 DEBUG 22724 --- [tastemanager] [http-nio-8080-exec-3] o.s.w.s.m.m.a.HttpEntityMethodProcessor  : Writing [[br.com.tastemanager.dto.response.MenuResponseDTO@6755fce8]]
2025-07-30T22:21:01.405-03:00 DEBUG 22724 --- [tastemanager] [http-nio-8080-exec-3] o.s.web.servlet.DispatcherServlet        : Completed 201 CREATED
2025-07-30T22:21:09.697-03:00 DEBUG 22724 --- [tastemanager] [http-nio-8080-exec-4] o.s.web.servlet.DispatcherServlet        : PUT "/menu/update/2", parameters={}
2025-07-30T22:21:09.699-03:00 DEBUG 22724 --- [tastemanager] [http-nio-8080-exec-4] s.w.s.m.m.a.RequestMappingHandlerMapping : Mapped to br.com.tastemanager.controller.MenuController#updateMenu(Long, MenuItemUpdateRequestDTO)
2025-07-30T22:21:09.711-03:00 DEBUG 22724 --- [tastemanager] [http-nio-8080-exec-4] m.m.a.RequestResponseBodyMethodProcessor : Read "application/json;charset=UTF-8" to [br.com.tastemanager.dto.request.MenuItemUpdateRequestDTO@19783d00]
2025-07-30T22:21:09.721-03:00 DEBUG 22724 --- [tastemanager] [http-nio-8080-exec-4] .m.m.a.ExceptionHandlerExceptionResolver : Using @ExceptionHandler br.com.tastemanager.exception.GlobalExceptionHandler#handleIllegalArgumentException(IllegalArgumentException)
2025-07-30T22:21:09.723-03:00 DEBUG 22724 --- [tastemanager] [http-nio-8080-exec-4] o.s.w.s.m.m.a.HttpEntityMethodProcessor  : Using 'text/plain', given [*/*] and supported [text/plain, */*, application/json, application/*+json]
2025-07-30T22:21:09.724-03:00 DEBUG 22724 --- [tastemanager] [http-nio-8080-exec-4] o.s.w.s.m.m.a.HttpEntityMethodProcessor  : Writing ["Menu not found"]
2025-07-30T22:21:09.726-03:00 DEBUG 22724 --- [tastemanager] [http-nio-8080-exec-4] .m.m.a.ExceptionHandlerExceptionResolver : Resolved [java.lang.IllegalArgumentException: Menu not found]
2025-07-30T22:21:09.727-03:00 DEBUG 22724 --- [tastemanager] [http-nio-8080-exec-4] o.s.web.servlet.DispatcherServlet        : Completed 400 BAD_REQUEST
2025-07-30T22:22:30.399-03:00 DEBUG 22724 --- [tastemanager] [http-nio-8080-exec-6] o.s.web.servlet.DispatcherServlet        : GET "/menu/find-all-by-restaurant/2", parameters={}
2025-07-30T22:22:30.401-03:00 DEBUG 22724 --- [tastemanager] [http-nio-8080-exec-6] s.w.s.m.m.a.RequestMappingHandlerMapping : Mapped to br.com.tastemanager.controller.MenuController#getMenusByRestaurant(Long)
2025-07-30T22:22:30.413-03:00 DEBUG 22724 --- [tastemanager] [http-nio-8080-exec-6] o.s.w.s.m.m.a.HttpEntityMethodProcessor  : Using 'application/json', given [*/*] and supported [application/json, application/*+json]
2025-07-30T22:22:30.414-03:00 DEBUG 22724 --- [tastemanager] [http-nio-8080-exec-6] o.s.w.s.m.m.a.HttpEntityMethodProcessor  : Writing [[br.com.tastemanager.dto.response.MenuResponseDTO@71ae58a2]]
2025-07-30T22:22:30.418-03:00 DEBUG 22724 --- [tastemanager] [http-nio-8080-exec-6] o.s.web.servlet.DispatcherServlet        : Completed 201 CREATED
2025-07-30T22:22:36.424-03:00 DEBUG 22724 --- [tastemanager] [http-nio-8080-exec-7] o.s.web.servlet.DispatcherServlet        : PUT "/menu/update/2", parameters={}
2025-07-30T22:22:36.425-03:00 DEBUG 22724 --- [tastemanager] [http-nio-8080-exec-7] s.w.s.m.m.a.RequestMappingHandlerMapping : Mapped to br.com.tastemanager.controller.MenuController#updateMenu(Long, MenuItemUpdateRequestDTO)
2025-07-30T22:22:36.428-03:00 DEBUG 22724 --- [tastemanager] [http-nio-8080-exec-7] m.m.a.RequestResponseBodyMethodProcessor : Read "application/json;charset=UTF-8" to [br.com.tastemanager.dto.request.MenuItemUpdateRequestDTO@58a64f1e]
2025-07-30T22:22:36.431-03:00 DEBUG 22724 --- [tastemanager] [http-nio-8080-exec-7] .m.m.a.ExceptionHandlerExceptionResolver : Using @ExceptionHandler br.com.tastemanager.exception.GlobalExceptionHandler#handleIllegalArgumentException(IllegalArgumentException)
2025-07-30T22:22:36.432-03:00 DEBUG 22724 --- [tastemanager] [http-nio-8080-exec-7] o.s.w.s.m.m.a.HttpEntityMethodProcessor  : Using 'text/plain', given [*/*] and supported [text/plain, */*, application/json, application/*+json]
2025-07-30T22:22:36.433-03:00 DEBUG 22724 --- [tastemanager] [http-nio-8080-exec-7] o.s.w.s.m.m.a.HttpEntityMethodProcessor  : Writing ["Menu not found"]
2025-07-30T22:22:36.434-03:00 DEBUG 22724 --- [tastemanager] [http-nio-8080-exec-7] .m.m.a.ExceptionHandlerExceptionResolver : Resolved [java.lang.IllegalArgumentException: Menu not found]
2025-07-30T22:22:36.434-03:00 DEBUG 22724 --- [tastemanager] [http-nio-8080-exec-7] o.s.web.servlet.DispatcherServlet        : Completed 400 BAD_REQUEST
2025-07-30T22:26:04.340-03:00  INFO 22724 --- [tastemanager] [SpringApplicationShutdownHook] j.LocalContainerEntityManagerFactoryBean : Closing JPA EntityManagerFactory for persistence unit 'default'
2025-07-30T22:26:04.344-03:00  INFO 22724 --- [tastemanager] [SpringApplicationShutdownHook] com.zaxxer.hikari.HikariDataSource       : HikariPool-1 - Shutdown initiated...
2025-07-30T22:26:04.352-03:00  INFO 22724 --- [tastemanager] [SpringApplicationShutdownHook] com.zaxxer.hikari.HikariDataSource       : HikariPool-1 - Shutdown completed.
2025-07-30T22:26:10.148-03:00  INFO 6704 --- [tastemanager] [main] b.c.t.TasteManagerApplication            : Starting TasteManagerApplication using Java 21.0.7 with PID 6704 (C:\Users\silva\Projects\FIAP\tastemanager\target\classes started by silva in C:\Users\silva\Projects\FIAP\tastemanager)
2025-07-30T22:26:10.153-03:00  INFO 6704 --- [tastemanager] [main] b.c.t.TasteManagerApplication            : No active profile set, falling back to 1 default profile: "default"
2025-07-30T22:26:11.815-03:00  INFO 6704 --- [tastemanager] [main] .s.d.r.c.RepositoryConfigurationDelegate : Bootstrapping Spring Data JPA repositories in DEFAULT mode.
2025-07-30T22:26:11.991-03:00  INFO 6704 --- [tastemanager] [main] .s.d.r.c.RepositoryConfigurationDelegate : Finished Spring Data repository scanning in 160 ms. Found 4 JPA repository interfaces.
2025-07-30T22:26:13.185-03:00  INFO 6704 --- [tastemanager] [main] o.s.b.w.embedded.tomcat.TomcatWebServer  : Tomcat initialized with port 8080 (http)
2025-07-30T22:26:13.210-03:00  INFO 6704 --- [tastemanager] [main] o.apache.catalina.core.StandardService   : Starting service [Tomcat]
2025-07-30T22:26:13.210-03:00  INFO 6704 --- [tastemanager] [main] o.apache.catalina.core.StandardEngine    : Starting Servlet engine: [Apache Tomcat/10.1.20]
2025-07-30T22:26:13.322-03:00  INFO 6704 --- [tastemanager] [main] o.a.c.c.C.[Tomcat].[localhost].[/]       : Initializing Spring embedded WebApplicationContext
2025-07-30T22:26:13.323-03:00  INFO 6704 --- [tastemanager] [main] w.s.c.ServletWebServerApplicationContext : Root WebApplicationContext: initialization completed in 3065 ms
2025-07-30T22:26:13.408-03:00  INFO 6704 --- [tastemanager] [main] com.zaxxer.hikari.HikariDataSource       : HikariPool-1 - Starting...
2025-07-30T22:26:13.844-03:00  INFO 6704 --- [tastemanager] [main] com.zaxxer.hikari.pool.HikariPool        : HikariPool-1 - Added connection conn0: url=jdbc:h2:mem:tastmanagerdb user=SA
2025-07-30T22:26:13.849-03:00  INFO 6704 --- [tastemanager] [main] com.zaxxer.hikari.HikariDataSource       : HikariPool-1 - Start completed.
2025-07-30T22:26:13.871-03:00  INFO 6704 --- [tastemanager] [main] o.s.b.a.h2.H2ConsoleAutoConfiguration    : H2 console available at '/h2-console'. Database available at 'jdbc:h2:mem:tastmanagerdb'
2025-07-30T22:26:14.131-03:00  INFO 6704 --- [tastemanager] [main] o.hibernate.jpa.internal.util.LogHelper  : HHH000204: Processing PersistenceUnitInfo [name: default]
2025-07-30T22:26:14.244-03:00  INFO 6704 --- [tastemanager] [main] org.hibernate.Version                    : HHH000412: Hibernate ORM core version 6.4.4.Final
2025-07-30T22:26:14.312-03:00  INFO 6704 --- [tastemanager] [main] o.h.c.internal.RegionFactoryInitiator    : HHH000026: Second-level cache disabled
2025-07-30T22:26:14.808-03:00  INFO 6704 --- [tastemanager] [main] o.s.o.j.p.SpringPersistenceUnitInfo      : No LoadTimeWeaver setup: ignoring JPA class transformer
2025-07-30T22:26:14.889-03:00  WARN 6704 --- [tastemanager] [main] org.hibernate.orm.deprecation            : HHH90000025: H2Dialect does not need to be specified explicitly using 'hibernate.dialect' (remove the property setting and it will be selected by default)
2025-07-30T22:26:16.494-03:00  INFO 6704 --- [tastemanager] [main] o.h.e.t.j.p.i.JtaPlatformInitiator       : HHH000489: No JTA platform available (set 'hibernate.transaction.jta.platform' to enable JTA platform integration)
2025-07-30T22:26:16.647-03:00  INFO 6704 --- [tastemanager] [main] j.LocalContainerEntityManagerFactoryBean : Initialized JPA EntityManagerFactory for persistence unit 'default'
2025-07-30T22:26:17.370-03:00  INFO 6704 --- [tastemanager] [main] o.s.d.j.r.query.QueryEnhancerFactory     : Hibernate is in classpath; If applicable, HQL parser will be used.
2025-07-30T22:26:18.565-03:00  WARN 6704 --- [tastemanager] [main] JpaBaseConfiguration$JpaWebConfiguration : spring.jpa.open-in-view is enabled by default. Therefore, database queries may be performed during view rendering. Explicitly configure spring.jpa.open-in-view to disable this warning
2025-07-30T22:26:18.816-03:00 DEBUG 6704 --- [tastemanager] [main] s.w.s.m.m.a.RequestMappingHandlerMapping : 27 mappings in 'requestMappingHandlerMapping'
2025-07-30T22:26:19.079-03:00 DEBUG 6704 --- [tastemanager] [main] o.s.w.s.handler.SimpleUrlHandlerMapping  : Patterns [/webjars/**, /**, /swagger-ui*/*swagger-initializer.js, /swagger-ui*/**] in 'resourceHandlerMapping'
2025-07-30T22:26:19.150-03:00 DEBUG 6704 --- [tastemanager] [main] s.w.s.m.m.a.RequestMappingHandlerAdapter : ControllerAdvice beans: 0 @ModelAttribute, 0 @InitBinder, 1 RequestBodyAdvice, 1 ResponseBodyAdvice
2025-07-30T22:26:19.228-03:00 DEBUG 6704 --- [tastemanager] [main] .m.m.a.ExceptionHandlerExceptionResolver : ControllerAdvice beans: 2 @ExceptionHandler, 1 ResponseBodyAdvice
2025-07-30T22:26:19.666-03:00  INFO 6704 --- [tastemanager] [main] o.s.b.w.embedded.tomcat.TomcatWebServer  : Tomcat started on port 8080 (http) with context path ''
2025-07-30T22:26:19.682-03:00  INFO 6704 --- [tastemanager] [main] b.c.t.TasteManagerApplication            : Started TasteManagerApplication in 10.354 seconds (process running for 11.148)
2025-07-30T22:26:28.844-03:00  INFO 6704 --- [tastemanager] [http-nio-8080-exec-1] o.a.c.c.C.[Tomcat].[localhost].[/]       : Initializing Spring DispatcherServlet 'dispatcherServlet'
2025-07-30T22:26:28.845-03:00  INFO 6704 --- [tastemanager] [http-nio-8080-exec-1] o.s.web.servlet.DispatcherServlet        : Initializing Servlet 'dispatcherServlet'
2025-07-30T22:26:28.845-03:00 DEBUG 6704 --- [tastemanager] [http-nio-8080-exec-1] o.s.web.servlet.DispatcherServlet        : Detected StandardServletMultipartResolver
2025-07-30T22:26:28.845-03:00 DEBUG 6704 --- [tastemanager] [http-nio-8080-exec-1] o.s.web.servlet.DispatcherServlet        : Detected AcceptHeaderLocaleResolver
2025-07-30T22:26:28.846-03:00 DEBUG 6704 --- [tastemanager] [http-nio-8080-exec-1] o.s.web.servlet.DispatcherServlet        : Detected FixedThemeResolver
2025-07-30T22:26:28.849-03:00 DEBUG 6704 --- [tastemanager] [http-nio-8080-exec-1] o.s.web.servlet.DispatcherServlet        : Detected org.springframework.web.servlet.view.DefaultRequestToViewNameTranslator@2b3b25ad
2025-07-30T22:26:28.851-03:00 DEBUG 6704 --- [tastemanager] [http-nio-8080-exec-1] o.s.web.servlet.DispatcherServlet        : Detected org.springframework.web.servlet.support.SessionFlashMapManager@5453b15d
2025-07-30T22:26:28.852-03:00 DEBUG 6704 --- [tastemanager] [http-nio-8080-exec-1] o.s.web.servlet.DispatcherServlet        : enableLoggingRequestDetails='false': request parameters and headers will be masked to prevent unsafe logging of potentially sensitive data
2025-07-30T22:26:28.853-03:00  INFO 6704 --- [tastemanager] [http-nio-8080-exec-1] o.s.web.servlet.DispatcherServlet        : Completed initialization in 8 ms
2025-07-30T22:26:28.879-03:00 DEBUG 6704 --- [tastemanager] [http-nio-8080-exec-1] o.s.web.servlet.DispatcherServlet        : POST "/menu/create/2", parameters={}
2025-07-30T22:26:28.908-03:00 DEBUG 6704 --- [tastemanager] [http-nio-8080-exec-1] s.w.s.m.m.a.RequestMappingHandlerMapping : Mapped to br.com.tastemanager.controller.MenuController#createMenu(Long, MenuRequestDTO)
2025-07-30T22:26:29.146-03:00 DEBUG 6704 --- [tastemanager] [http-nio-8080-exec-1] m.m.a.RequestResponseBodyMethodProcessor : Read "application/json;charset=UTF-8" to [br.com.tastemanager.dto.request.MenuRequestDTO@31bf2622]
2025-07-30T22:26:29.671-03:00 DEBUG 6704 --- [tastemanager] [http-nio-8080-exec-1] o.s.w.s.m.m.a.HttpEntityMethodProcessor  : Using 'application/json', given [*/*] and supported [application/json, application/*+json]
2025-07-30T22:26:29.675-03:00 DEBUG 6704 --- [tastemanager] [http-nio-8080-exec-1] o.s.w.s.m.m.a.HttpEntityMethodProcessor  : Writing [br.com.tastemanager.dto.response.MenuResponseDTO@7ff36d25]
2025-07-30T22:26:29.719-03:00 DEBUG 6704 --- [tastemanager] [http-nio-8080-exec-1] o.s.web.servlet.DispatcherServlet        : Completed 201 CREATED
2025-07-30T22:26:35.016-03:00 DEBUG 6704 --- [tastemanager] [http-nio-8080-exec-3] o.s.web.servlet.DispatcherServlet        : POST "/menu/create/1", parameters={}
2025-07-30T22:26:35.019-03:00 DEBUG 6704 --- [tastemanager] [http-nio-8080-exec-3] s.w.s.m.m.a.RequestMappingHandlerMapping : Mapped to br.com.tastemanager.controller.MenuController#createMenu(Long, MenuRequestDTO)
2025-07-30T22:26:35.023-03:00 DEBUG 6704 --- [tastemanager] [http-nio-8080-exec-3] m.m.a.RequestResponseBodyMethodProcessor : Read "application/json;charset=UTF-8" to [br.com.tastemanager.dto.request.MenuRequestDTO@66589049]
2025-07-30T22:26:35.043-03:00 DEBUG 6704 --- [tastemanager] [http-nio-8080-exec-3] o.s.w.s.m.m.a.HttpEntityMethodProcessor  : Using 'application/json', given [*/*] and supported [application/json, application/*+json]
2025-07-30T22:26:35.043-03:00 DEBUG 6704 --- [tastemanager] [http-nio-8080-exec-3] o.s.w.s.m.m.a.HttpEntityMethodProcessor  : Writing [br.com.tastemanager.dto.response.MenuResponseDTO@5d09764]
2025-07-30T22:26:35.046-03:00 DEBUG 6704 --- [tastemanager] [http-nio-8080-exec-3] o.s.web.servlet.DispatcherServlet        : Completed 201 CREATED
2025-07-30T22:26:42.943-03:00 DEBUG 6704 --- [tastemanager] [http-nio-8080-exec-4] o.s.web.servlet.DispatcherServlet        : POST "/menu/create/2", parameters={}
2025-07-30T22:26:42.944-03:00 DEBUG 6704 --- [tastemanager] [http-nio-8080-exec-4] s.w.s.m.m.a.RequestMappingHandlerMapping : Mapped to br.com.tastemanager.controller.MenuController#createMenu(Long, MenuRequestDTO)
2025-07-30T22:26:42.946-03:00 DEBUG 6704 --- [tastemanager] [http-nio-8080-exec-4] m.m.a.RequestResponseBodyMethodProcessor : Read "application/json;charset=UTF-8" to [br.com.tastemanager.dto.request.MenuRequestDTO@7d2773de]
2025-07-30T22:26:43.021-03:00 DEBUG 6704 --- [tastemanager] [http-nio-8080-exec-4] o.s.w.s.m.m.a.HttpEntityMethodProcessor  : Using 'application/json', given [*/*] and supported [application/json, application/*+json]
2025-07-30T22:26:43.026-03:00 DEBUG 6704 --- [tastemanager] [http-nio-8080-exec-4] o.s.w.s.m.m.a.HttpEntityMethodProcessor  : Writing [br.com.tastemanager.dto.response.MenuResponseDTO@16069f3d]
2025-07-30T22:26:43.028-03:00 DEBUG 6704 --- [tastemanager] [http-nio-8080-exec-4] o.s.web.servlet.DispatcherServlet        : Completed 201 CREATED
2025-07-30T22:26:47.447-03:00 DEBUG 6704 --- [tastemanager] [http-nio-8080-exec-5] o.s.web.servlet.DispatcherServlet        : GET "/menu/find-all-by-restaurant/2", parameters={}
2025-07-30T22:26:47.449-03:00 DEBUG 6704 --- [tastemanager] [http-nio-8080-exec-5] s.w.s.m.m.a.RequestMappingHandlerMapping : Mapped to br.com.tastemanager.controller.MenuController#getMenusByRestaurant(Long)
2025-07-30T22:26:47.475-03:00 DEBUG 6704 --- [tastemanager] [http-nio-8080-exec-5] o.s.w.s.m.m.a.HttpEntityMethodProcessor  : Using 'application/json', given [*/*] and supported [application/json, application/*+json]
2025-07-30T22:26:47.475-03:00 DEBUG 6704 --- [tastemanager] [http-nio-8080-exec-5] o.s.w.s.m.m.a.HttpEntityMethodProcessor  : Writing [[br.com.tastemanager.dto.response.MenuResponseDTO@32b3c9dc]]
2025-07-30T22:26:47.480-03:00 DEBUG 6704 --- [tastemanager] [http-nio-8080-exec-5] o.s.web.servlet.DispatcherServlet        : Completed 201 CREATED
2025-07-30T22:27:29.752-03:00 DEBUG 6704 --- [tastemanager] [http-nio-8080-exec-5] o.s.web.servlet.DispatcherServlet        : GET "/menu/find-all-by-restaurant/2", parameters={}
2025-07-30T22:27:29.755-03:00 DEBUG 6704 --- [tastemanager] [http-nio-8080-exec-5] s.w.s.m.m.a.RequestMappingHandlerMapping : Mapped to br.com.tastemanager.controller.MenuController#getMenusByRestaurant(Long)
2025-07-30T22:27:29.769-03:00 DEBUG 6704 --- [tastemanager] [http-nio-8080-exec-5] o.s.w.s.m.m.a.HttpEntityMethodProcessor  : Using 'application/json', given [*/*] and supported [application/json, application/*+json]
2025-07-30T22:27:29.771-03:00 DEBUG 6704 --- [tastemanager] [http-nio-8080-exec-5] o.s.w.s.m.m.a.HttpEntityMethodProcessor  : Writing [[br.com.tastemanager.dto.response.MenuResponseDTO@6932bd8f]]
2025-07-30T22:27:29.773-03:00 DEBUG 6704 --- [tastemanager] [http-nio-8080-exec-5] o.s.web.servlet.DispatcherServlet        : Completed 201 CREATED
2025-07-30T22:27:33.332-03:00 DEBUG 6704 --- [tastemanager] [http-nio-8080-exec-8] o.s.web.servlet.DispatcherServlet        : PUT "/menu/update/2", parameters={}
2025-07-30T22:27:33.340-03:00 DEBUG 6704 --- [tastemanager] [http-nio-8080-exec-8] s.w.s.m.m.a.RequestMappingHandlerMapping : Mapped to br.com.tastemanager.controller.MenuController#updateMenu(Long, MenuItemUpdateRequestDTO)
2025-07-30T22:27:33.348-03:00 DEBUG 6704 --- [tastemanager] [http-nio-8080-exec-8] m.m.a.RequestResponseBodyMethodProcessor : Read "application/json;charset=UTF-8" to [br.com.tastemanager.dto.request.MenuItemUpdateRequestDTO@2dd7a163]
2025-07-30T22:27:33.379-03:00 DEBUG 6704 --- [tastemanager] [http-nio-8080-exec-8] .m.m.a.ExceptionHandlerExceptionResolver : Using @ExceptionHandler br.com.tastemanager.exception.GlobalExceptionHandler#handleIllegalArgumentException(IllegalArgumentException)
2025-07-30T22:27:33.381-03:00 DEBUG 6704 --- [tastemanager] [http-nio-8080-exec-8] o.s.w.s.m.m.a.HttpEntityMethodProcessor  : Using 'text/plain', given [*/*] and supported [text/plain, */*, application/json, application/*+json]
2025-07-30T22:27:33.381-03:00 DEBUG 6704 --- [tastemanager] [http-nio-8080-exec-8] o.s.w.s.m.m.a.HttpEntityMethodProcessor  : Writing ["Could not found this item in the menu"]
2025-07-30T22:27:33.385-03:00 DEBUG 6704 --- [tastemanager] [http-nio-8080-exec-8] .m.m.a.ExceptionHandlerExceptionResolver : Resolved [java.lang.IllegalArgumentException: Could not found this item in the menu]
2025-07-30T22:27:33.385-03:00 DEBUG 6704 --- [tastemanager] [http-nio-8080-exec-8] o.s.web.servlet.DispatcherServlet        : Completed 400 BAD_REQUEST
